dt_ms,view,marker_variant,aggregation_order,animal_pair_key,wt_animal_id,sca3_animal_id,n_cell_pairs,kl_minus_firing_p
0.0125,xy,median_seed_isotonic,curve_first,WT_150130__TO__SCA3_DD20,WT_150130,SCA3_DD20,2,-0.16288689634462872
0.0125,xy,median_seed_isotonic,curve_first,WT_150130__TO__SCA3_DD24,WT_150130,SCA3_DD24,2,-0.13182040826009234
0.0125,xy,median_seed_isotonic,curve_first,WT_150305__TO__SCA3_DD20,WT_150305,SCA3_DD20,2,-0.2194605360021143
0.0125,xy,median_seed_isotonic,curve_first,WT_150305__TO__SCA3_DD24,WT_150305,SCA3_DD24,2,-0.4229976859146358
0.0125,xy,median_seed_isotonic,curve_first,WT_DD09__TO__SCA3_DD20,WT_DD09,SCA3_DD20,6,-0.15322541042788806
0.0125,xy,median_seed_isotonic,curve_first,WT_DD09__TO__SCA3_DD24,WT_DD09,SCA3_DD24,6,-0.12197473290430244
0.0125,xy,median_seed_isotonic,curve_first,WT_DD10__TO__SCA3_DD20,WT_DD10,SCA3_DD20,6,-0.2047001872949694
0.0125,xy,median_seed_isotonic,curve_first,WT_DD10__TO__SCA3_DD24,WT_DD10,SCA3_DD24,6,-0.27065239529642227
0.0125,xy,median_seed_isotonic,marker_first,WT_150130__TO__SCA3_DD20,WT_150130,SCA3_DD20,2,-0.0514458059507413
0.0125,xy,median_seed_isotonic,marker_first,WT_150130__TO__SCA3_DD24,WT_150130,SCA3_DD24,2,-0.07313463298615117
0.0125,xy,median_seed_isotonic,marker_first,WT_150305__TO__SCA3_DD20,WT_150305,SCA3_DD20,2,-0.029385505738515005
0.0125,xy,median_seed_isotonic,marker_first,WT_150305__TO__SCA3_DD24,WT_150305,SCA3_DD24,2,-0.19488788013429506
0.0125,xy,median_seed_isotonic,marker_first,WT_DD09__TO__SCA3_DD20,WT_DD09,SCA3_DD20,6,-0.017669089565105267
0.0125,xy,median_seed_isotonic,marker_first,WT_DD09__TO__SCA3_DD24,WT_DD09,SCA3_DD24,6,-0.10438626408879215
0.0125,xy,median_seed_isotonic,marker_first,WT_DD10__TO__SCA3_DD20,WT_DD10,SCA3_DD20,6,-0.061870875854763974
0.0125,xy,median_seed_isotonic,marker_first,WT_DD10__TO__SCA3_DD24,WT_DD10,SCA3_DD24,6,-0.22101118109131912
0.0125,xy,q25_seed_isotonic,curve_first,WT_150130__TO__SCA3_DD20,WT_150130,SCA3_DD20,2,-0.18030276491224487
0.0125,xy,q25_seed_isotonic,curve_first,WT_150130__TO__SCA3_DD24,WT_150130,SCA3_DD24,2,-0.19336549682820237
0.0125,xy,q25_seed_isotonic,curve_first,WT_150305__TO__SCA3_DD20,WT_150305,SCA3_DD20,2,-0.22533842912497987
0.0125,xy,q25_seed_isotonic,curve_first,WT_150305__TO__SCA3_DD24,WT_150305,SCA3_DD24,2,-0.42790828641174694
0.0125,xy,q25_seed_isotonic,curve_first,WT_DD09__TO__SCA3_DD20,WT_DD09,SCA3_DD20,6,-0.1631439604132469
0.0125,xy,q25_seed_isotonic,curve_first,WT_DD09__TO__SCA3_DD24,WT_DD09,SCA3_DD24,6,-0.18615717598239445
0.0125,xy,q25_seed_isotonic,curve_first,WT_DD10__TO__SCA3_DD20,WT_DD10,SCA3_DD20,6,-0.28453644701999165
0.0125,xy,q25_seed_isotonic,curve_first,WT_DD10__TO__SCA3_DD24,WT_DD10,SCA3_DD24,6,-0.38158903796091603
0.0125,xy,q25_seed_isotonic,marker_first,WT_150130__TO__SCA3_DD20,WT_150130,SCA3_DD20,2,-0.09441207644609054
0.0125,xy,q25_seed_isotonic,marker_first,WT_150130__TO__SCA3_DD24,WT_150130,SCA3_DD24,2,-0.08509788270475852
0.0125,xy,q25_seed_isotonic,marker_first,WT_150305__TO__SCA3_DD20,WT_150305,SCA3_DD20,2,-0.05564064553173351
0.0125,xy,q25_seed_isotonic,marker_first,WT_150305__TO__SCA3_DD24,WT_150305,SCA3_DD24,2,-0.21749905816041842
0.0125,xy,q25_seed_isotonic,marker_first,WT_DD09__TO__SCA3_DD20,WT_DD09,SCA3_DD20,6,-0.06924669059650157
0.0125,xy,q25_seed_isotonic,marker_first,WT_DD09__TO__SCA3_DD24,WT_DD09,SCA3_DD24,6,-0.14902444503444603
0.0125,xy,q25_seed_isotonic,marker_first,WT_DD10__TO__SCA3_DD20,WT_DD10,SCA3_DD20,6,-0.18303526613069473
0.0125,xy,q25_seed_isotonic,marker_first,WT_DD10__TO__SCA3_DD24,WT_DD10,SCA3_DD24,6,-0.34440907468151566
0.0125,xy,q75_seed_isotonic,curve_first,WT_150130__TO__SCA3_DD20,WT_150130,SCA3_DD20,2,-0.13550557855875886
0.0125,xy,q75_seed_isotonic,curve_first,WT_150130__TO__SCA3_DD24,WT_150130,SCA3_DD24,2,-0.08850577659437692
0.0125,xy,q75_seed_isotonic,curve_first,WT_150305__TO__SCA3_DD20,WT_150305,SCA3_DD20,2,-0.1994231871294132
0.0125,xy,q75_seed_isotonic,curve_first,WT_150305__TO__SCA3_DD24,WT_150305,SCA3_DD24,2,-0.4060587171773621
0.0125,xy,q75_seed_isotonic,curve_first,WT_DD09__TO__SCA3_DD20,WT_DD09,SCA3_DD20,6,-0.1431461545710046
0.0125,xy,q75_seed_isotonic,curve_first,WT_DD09__TO__SCA3_DD24,WT_DD09,SCA3_DD24,6,-0.03806030907982902
0.0125,xy,q75_seed_isotonic,curve_first,WT_DD10__TO__SCA3_DD20,WT_DD10,SCA3_DD20,6,-0.17331822374130343
0.0125,xy,q75_seed_isotonic,curve_first,WT_DD10__TO__SCA3_DD24,WT_DD10,SCA3_DD24,6,-0.208092971681266
0.0125,xy,q75_seed_isotonic,marker_first,WT_150130__TO__SCA3_DD20,WT_150130,SCA3_DD20,2,0.03523476978234058
0.0125,xy,q75_seed_isotonic,marker_first,WT_150130__TO__SCA3_DD24,WT_150130,SCA3_DD24,2,0.03376947524303356
0.0125,xy,q75_seed_isotonic,marker_first,WT_150305__TO__SCA3_DD20,WT_150305,SCA3_DD20,2,-0.0037535644610833807
0.0125,xy,q75_seed_isotonic,marker_first,WT_150305__TO__SCA3_DD24,WT_150305,SCA3_DD24,2,-0.14591737776439995
0.0125,xy,q75_seed_isotonic,marker_first,WT_DD09__TO__SCA3_DD20,WT_DD09,SCA3_DD20,6,-0.011746797888085303
0.0125,xy,q75_seed_isotonic,marker_first,WT_DD09__TO__SCA3_DD24,WT_DD09,SCA3_DD24,6,0.022363481102193578
0.0125,xy,q75_seed_isotonic,marker_first,WT_DD10__TO__SCA3_DD20,WT_DD10,SCA3_DD20,6,-0.03656810046973025
0.0125,xy,q75_seed_isotonic,marker_first,WT_DD10__TO__SCA3_DD24,WT_DD10,SCA3_DD24,6,-0.16893121749088078
0.0125,xy,seed_median_curve_first,curve_first,WT_150130__TO__SCA3_DD20,WT_150130,SCA3_DD20,2,-0.15134874761747208
0.0125,xy,seed_median_curve_first,curve_first,WT_150130__TO__SCA3_DD24,WT_150130,SCA3_DD24,2,-0.20643293053309644
0.0125,xy,seed_median_curve_first,curve_first,WT_150305__TO__SCA3_DD20,WT_150305,SCA3_DD20,2,-0.21992085919875928
0.0125,xy,seed_median_curve_first,curve_first,WT_150305__TO__SCA3_DD24,WT_150305,SCA3_DD24,2,-0.4179695113951504
0.0125,xy,seed_median_curve_first,curve_first,WT_DD09__TO__SCA3_DD20,WT_DD09,SCA3_DD20,6,-0.15322541042788806
0.0125,xy,seed_median_curve_first,curve_first,WT_DD09__TO__SCA3_DD24,WT_DD09,SCA3_DD24,6,-0.12381624207080613
0.0125,xy,seed_median_curve_first,curve_first,WT_DD10__TO__SCA3_DD20,WT_DD10,SCA3_DD20,6,-0.2047001872949694
0.0125,xy,seed_median_curve_first,curve_first,WT_DD10__TO__SCA3_DD24,WT_DD10,SCA3_DD24,6,-0.309166441462019
0.0125,xy,seed_median_curve_first,marker_first,WT_150130__TO__SCA3_DD20,WT_150130,SCA3_DD20,2,-0.06528259290728261
0.0125,xy,seed_median_curve_first,marker_first,WT_150130__TO__SCA3_DD24,WT_150130,SCA3_DD24,2,-0.0968090055019763
0.0125,xy,seed_median_curve_first,marker_first,WT_150305__TO__SCA3_DD20,WT_150305,SCA3_DD20,2,-0.028686544192793206
0.0125,xy,seed_median_curve_first,marker_first,WT_150305__TO__SCA3_DD24,WT_150305,SCA3_DD24,2,-0.19319353554185764
0.0125,xy,seed_median_curve_first,marker_first,WT_DD09__TO__SCA3_DD20,WT_DD09,SCA3_DD20,6,-0.01772420325819188
0.0125,xy,seed_median_curve_first,marker_first,WT_DD09__TO__SCA3_DD24,WT_DD09,SCA3_DD24,6,-0.16566120855244787
0.0125,xy,seed_median_curve_first,marker_first,WT_DD10__TO__SCA3_DD20,WT_DD10,SCA3_DD20,6,-0.16305457500059026
0.0125,xy,seed_median_curve_first,marker_first,WT_DD10__TO__SCA3_DD24,WT_DD10,SCA3_DD24,6,-0.36575536178554763
0.0125,xy,seed_median_curve_isotonic,curve_first,WT_150130__TO__SCA3_DD20,WT_150130,SCA3_DD20,2,-0.15134874761747208
0.0125,xy,seed_median_curve_isotonic,curve_first,WT_150130__TO__SCA3_DD24,WT_150130,SCA3_DD24,2,-0.13277152261811215
0.0125,xy,seed_median_curve_isotonic,curve_first,WT_150305__TO__SCA3_DD20,WT_150305,SCA3_DD20,2,-0.21992085919875928
0.0125,xy,seed_median_curve_isotonic,curve_first,WT_150305__TO__SCA3_DD24,WT_150305,SCA3_DD24,2,-0.4179695113951504
0.0125,xy,seed_median_curve_isotonic,curve_first,WT_DD09__TO__SCA3_DD20,WT_DD09,SCA3_DD20,6,-0.15322541042788806
0.0125,xy,seed_median_curve_isotonic,curve_first,WT_DD09__TO__SCA3_DD24,WT_DD09,SCA3_DD24,6,-0.12328508150802259
0.0125,xy,seed_median_curve_isotonic,curve_first,WT_DD10__TO__SCA3_DD20,WT_DD10,SCA3_DD20,6,-0.2047001872949694
0.0125,xy,seed_median_curve_isotonic,curve_first,WT_DD10__TO__SCA3_DD24,WT_DD10,SCA3_DD24,6,-0.1873281017908203
0.0125,xy,seed_median_curve_isotonic,marker_first,WT_150130__TO__SCA3_DD20,WT_150130,SCA3_DD20,2,-0.05966662877262721
0.0125,xy,seed_median_curve_isotonic,marker_first,WT_150130__TO__SCA3_DD24,WT_150130,SCA3_DD24,2,-0.06991428256329829
0.0125,xy,seed_median_curve_isotonic,marker_first,WT_150305__TO__SCA3_DD20,WT_150305,SCA3_DD20,2,-0.028686544192793206
0.0125,xy,seed_median_curve_isotonic,marker_first,WT_150305__TO__SCA3_DD24,WT_150305,SCA3_DD24,2,-0.18968267958709328
0.0125,xy,seed_median_curve_isotonic,marker_first,WT_DD09__TO__SCA3_DD20,WT_DD09,SCA3_DD20,6,-0.01772420325819188
0.0125,xy,seed_median_curve_isotonic,marker_first,WT_DD09__TO__SCA3_DD24,WT_DD09,SCA3_DD24,6,-0.03416956129227014
0.0125,xy,seed_median_curve_isotonic,marker_first,WT_DD10__TO__SCA3_DD20,WT_DD10,SCA3_DD20,6,-0.10456755280152707
0.0125,xy,seed_median_curve_isotonic,marker_first,WT_DD10__TO__SCA3_DD24,WT_DD10,SCA3_DD24,6,-0.17028672598406472
0.0125,xy,seed_median_curve_persistent,curve_first,WT_150130__TO__SCA3_DD20,WT_150130,SCA3_DD20,2,-0.15134874761747208
0.0125,xy,seed_median_curve_persistent,curve_first,WT_150130__TO__SCA3_DD24,WT_150130,SCA3_DD24,2,-0.12991028664378823
0.0125,xy,seed_median_curve_persistent,curve_first,WT_150305__TO__SCA3_DD20,WT_150305,SCA3_DD20,2,-0.21992085919875928
0.0125,xy,seed_median_curve_persistent,curve_first,WT_150305__TO__SCA3_DD24,WT_150305,SCA3_DD24,2,-0.4179695113951504
0.0125,xy,seed_median_curve_persistent,curve_first,WT_DD09__TO__SCA3_DD20,WT_DD09,SCA3_DD20,6,-0.15322541042788806
0.0125,xy,seed_median_curve_persistent,curve_first,WT_DD09__TO__SCA3_DD24,WT_DD09,SCA3_DD24,6,-0.11280221939763005
0.0125,xy,seed_median_curve_persistent,curve_first,WT_DD10__TO__SCA3_DD20,WT_DD10,SCA3_DD20,6,-0.2047001872949694
0.0125,xy,seed_median_curve_persistent,curve_first,WT_DD10__TO__SCA3_DD24,WT_DD10,SCA3_DD24,6,-0.15204344113107546
0.0125,xy,seed_median_curve_persistent,marker_first,WT_150130__TO__SCA3_DD20,WT_150130,SCA3_DD20,2,-0.04710140483604955
0.0125,xy,seed_median_curve_persistent,marker_first,WT_150130__TO__SCA3_DD24,WT_150130,SCA3_DD24,2,-0.06991428256329829
0.0125,xy,seed_median_curve_persistent,marker_first,WT_150305__TO__SCA3_DD20,WT_150305,SCA3_DD20,2,-0.02582464568559295
0.0125,xy,seed_median_curve_persistent,marker_first,WT_150305__TO__SCA3_DD24,WT_150305,SCA3_DD24,2,-0.18277521434365754
0.0125,xy,seed_median_curve_persistent,marker_first,WT_DD09__TO__SCA3_DD20,WT_DD09,SCA3_DD20,6,-0.01772420325819188
0.0125,xy,seed_median_curve_persistent,marker_first,WT_DD09__TO__SCA3_DD24,WT_DD09,SCA3_DD24,6,-0.10027783495983134
0.0125,xy,seed_median_curve_persistent,marker_first,WT_DD10__TO__SCA3_DD20,WT_DD10,SCA3_DD20,6,-0.06092438601144645
0.0125,xy,seed_median_curve_persistent,marker_first,WT_DD10__TO__SCA3_DD24,WT_DD10,SCA3_DD24,6,-0.16360857283622013
0.0125,xyz,median_seed_isotonic,curve_first,WT_150130__TO__SCA3_DD20,WT_150130,SCA3_DD20,2,-0.009534332955470182
0.0125,xyz,median_seed_isotonic,curve_first,WT_150130__TO__SCA3_DD24,WT_150130,SCA3_DD24,2,0.06319765467647273
0.0125,xyz,median_seed_isotonic,curve_first,WT_150305__TO__SCA3_DD20,WT_150305,SCA3_DD20,2,-0.15078910375770843
0.0125,xyz,median_seed_isotonic,curve_first,WT_150305__TO__SCA3_DD24,WT_150305,SCA3_DD24,2,-0.19618614946552584
0.0125,xyz,median_seed_isotonic,curve_first,WT_DD09__TO__SCA3_DD20,WT_DD09,SCA3_DD20,6,-0.16602272735314377
0.0125,xyz,median_seed_isotonic,curve_first,WT_DD09__TO__SCA3_DD24,WT_DD09,SCA3_DD24,6,-0.009266965457495058
0.0125,xyz,median_seed_isotonic,curve_first,WT_DD10__TO__SCA3_DD20,WT_DD10,SCA3_DD20,6,-0.2874445313274428
0.0125,xyz,median_seed_isotonic,curve_first,WT_DD10__TO__SCA3_DD24,WT_DD10,SCA3_DD24,6,-0.2526345631679662
0.0125,xyz,median_seed_isotonic,marker_first,WT_150130__TO__SCA3_DD20,WT_150130,SCA3_DD20,2,-0.04853772138125512
0.0125,xyz,median_seed_isotonic,marker_first,WT_150130__TO__SCA3_DD24,WT_150130,SCA3_DD24,2,0.0341308354790654
0.0125,xyz,median_seed_isotonic,marker_first,WT_150305__TO__SCA3_DD20,WT_150305,SCA3_DD20,2,-0.10584104936808675
0.0125,xyz,median_seed_isotonic,marker_first,WT_150305__TO__SCA3_DD24,WT_150305,SCA3_DD24,2,-0.19627156342579802
0.0125,xyz,median_seed_isotonic,marker_first,WT_DD09__TO__SCA3_DD20,WT_DD09,SCA3_DD20,6,-0.1720919146632676
0.0125,xyz,median_seed_isotonic,marker_first,WT_DD09__TO__SCA3_DD24,WT_DD09,SCA3_DD24,6,-0.022399340968797532
0.0125,xyz,median_seed_isotonic,marker_first,WT_DD10__TO__SCA3_DD20,WT_DD10,SCA3_DD20,6,-0.3366341969461622
0.0125,xyz,median_seed_isotonic,marker_first,WT_DD10__TO__SCA3_DD24,WT_DD10,SCA3_DD24,6,-0.23840822991908922
0.0125,xyz,q25_seed_isotonic,curve_first,WT_150130__TO__SCA3_DD20,WT_150130,SCA3_DD20,2,-0.012786719106794076
0.0125,xyz,q25_seed_isotonic,curve_first,WT_150130__TO__SCA3_DD24,WT_150130,SCA3_DD24,2,0.017971330584574785
0.0125,xyz,q25_seed_isotonic,curve_first,WT_150305__TO__SCA3_DD20,WT_150305,SCA3_DD20,2,-0.16359725971439862
0.0125,xyz,q25_seed_isotonic,curve_first,WT_150305__TO__SCA3_DD24,WT_150305,SCA3_DD24,2,-0.1989128361951122
0.0125,xyz,q25_seed_isotonic,curve_first,WT_DD09__TO__SCA3_DD20,WT_DD09,SCA3_DD20,6,-0.1695504673973371
0.0125,xyz,q25_seed_isotonic,curve_first,WT_DD09__TO__SCA3_DD24,WT_DD09,SCA3_DD24,6,-0.10023133978682786
0.0125,xyz,q25_seed_isotonic,curve_first,WT_DD10__TO__SCA3_DD20,WT_DD10,SCA3_DD20,6,-0.29594906040291147
0.0125,xyz,q25_seed_isotonic,curve_first,WT_DD10__TO__SCA3_DD24,WT_DD10,SCA3_DD24,6,-0.3653206356266258
0.0125,xyz,q25_seed_isotonic,marker_first,WT_150130__TO__SCA3_DD20,WT_150130,SCA3_DD20,2,-0.06559342154226128
0.0125,xyz,q25_seed_isotonic,marker_first,WT_150130__TO__SCA3_DD24,WT_150130,SCA3_DD24,2,-0.17668395667933337
0.0125,xyz,q25_seed_isotonic,marker_first,WT_150305__TO__SCA3_DD20,WT_150305,SCA3_DD20,2,-0.1461670771875124
0.0125,xyz,q25_seed_isotonic,marker_first,WT_150305__TO__SCA3_DD24,WT_150305,SCA3_DD24,2,-0.2673818275090638
0.0125,xyz,q25_seed_isotonic,marker_first,WT_DD09__TO__SCA3_DD20,WT_DD09,SCA3_DD20,6,-0.1854001203017055
0.0125,xyz,q25_seed_isotonic,marker_first,WT_DD09__TO__SCA3_DD24,WT_DD09,SCA3_DD24,6,-0.11396571748833517
0.0125,xyz,q25_seed_isotonic,marker_first,WT_DD10__TO__SCA3_DD20,WT_DD10,SCA3_DD20,6,-0.387907203051856
0.0125,xyz,q25_seed_isotonic,marker_first,WT_DD10__TO__SCA3_DD24,WT_DD10,SCA3_DD24,6,-0.3675332567267492
0.0125,xyz,q75_seed_isotonic,curve_first,WT_150130__TO__SCA3_DD20,WT_150130,SCA3_DD20,2,-0.002716818562463086
0.0125,xyz,q75_seed_isotonic,curve_first,WT_150130__TO__SCA3_DD24,WT_150130,SCA3_DD24,2,0.07370808819048372
0.0125,xyz,q75_seed_isotonic,curve_first,WT_150305__TO__SCA3_DD20,WT_150305,SCA3_DD20,2,-0.15012644406012743
0.0125,xyz,q75_seed_isotonic,curve_first,WT_150305__TO__SCA3_DD24,WT_150305,SCA3_DD24,2,-0.17655833410098398
0.0125,xyz,q75_seed_isotonic,curve_first,WT_DD09__TO__SCA3_DD20,WT_DD09,SCA3_DD20,6,-0.1625468020099683
0.0125,xyz,q75_seed_isotonic,curve_first,WT_DD09__TO__SCA3_DD24,WT_DD09,SCA3_DD24,6,0.06128816062431042
0.0125,xyz,q75_seed_isotonic,curve_first,WT_DD10__TO__SCA3_DD20,WT_DD10,SCA3_DD20,6,-0.28115894154631527
0.0125,xyz,q75_seed_isotonic,curve_first,WT_DD10__TO__SCA3_DD24,WT_DD10,SCA3_DD24,6,-0.1718528512852818
0.0125,xyz,q75_seed_isotonic,marker_first,WT_150130__TO__SCA3_DD20,WT_150130,SCA3_DD20,2,0.003113597425526915
0.0125,xyz,q75_seed_isotonic,marker_first,WT_150130__TO__SCA3_DD24,WT_150130,SCA3_DD24,2,0.08967979311450411
0.0125,xyz,q75_seed_isotonic,marker_first,WT_150305__TO__SCA3_DD20,WT_150305,SCA3_DD20,2,-0.07161592072208944
0.0125,xyz,q75_seed_isotonic,marker_first,WT_150305__TO__SCA3_DD24,WT_150305,SCA3_DD24,2,-0.1707769048700823
0.0125,xyz,q75_seed_isotonic,marker_first,WT_DD09__TO__SCA3_DD20,WT_DD09,SCA3_DD20,6,-0.16568279168555433
0.0125,xyz,q75_seed_isotonic,marker_first,WT_DD09__TO__SCA3_DD24,WT_DD09,SCA3_DD24,6,0.05620733321403104
0.0125,xyz,q75_seed_isotonic,marker_first,WT_DD10__TO__SCA3_DD20,WT_DD10,SCA3_DD20,6,-0.3184513378403011
0.0125,xyz,q75_seed_isotonic,marker_first,WT_DD10__TO__SCA3_DD24,WT_DD10,SCA3_DD24,6,-0.08085928564278161
0.0125,xyz,seed_median_curve_first,curve_first,WT_150130__TO__SCA3_DD20,WT_150130,SCA3_DD20,2,-0.009746705323014304
0.0125,xyz,seed_median_curve_first,curve_first,WT_150130__TO__SCA3_DD24,WT_150130,SCA3_DD24,2,0.03914158743759319
0.0125,xyz,seed_median_curve_first,curve_first,WT_150305__TO__SCA3_DD20,WT_150305,SCA3_DD20,2,-0.15095681732308855
0.0125,xyz,seed_median_curve_first,curve_first,WT_150305__TO__SCA3_DD24,WT_150305,SCA3_DD24,2,-0.21789439882831807
0.0125,xyz,seed_median_curve_first,curve_first,WT_DD09__TO__SCA3_DD20,WT_DD09,SCA3_DD20,6,-0.16766986254132565
0.0125,xyz,seed_median_curve_first,curve_first,WT_DD09__TO__SCA3_DD24,WT_DD09,SCA3_DD24,6,-0.01070142402396046
0.0125,xyz,seed_median_curve_first,curve_first,WT_DD10__TO__SCA3_DD20,WT_DD10,SCA3_DD20,6,-0.28626162655389964
0.0125,xyz,seed_median_curve_first,curve_first,WT_DD10__TO__SCA3_DD24,WT_DD10,SCA3_DD24,6,-0.27130021693698003
0.0125,xyz,seed_median_curve_first,marker_first,WT_150130__TO__SCA3_DD20,WT_150130,SCA3_DD20,2,-0.06899645511347194
0.0125,xyz,seed_median_curve_first,marker_first,WT_150130__TO__SCA3_DD24,WT_150130,SCA3_DD24,2,-0.0032941539144969167
0.0125,xyz,seed_median_curve_first,marker_first,WT_150305__TO__SCA3_DD20,WT_150305,SCA3_DD20,2,-0.10747485603198192
0.0125,xyz,seed_median_curve_first,marker_first,WT_150305__TO__SCA3_DD24,WT_150305,SCA3_DD24,2,-0.20070653378839654
0.0125,xyz,seed_median_curve_first,marker_first,WT_DD09__TO__SCA3_DD20,WT_DD09,SCA3_DD20,6,-0.17283517931985068
0.0125,xyz,seed_median_curve_first,marker_first,WT_DD09__TO__SCA3_DD24,WT_DD09,SCA3_DD24,6,-0.02235558095235446
0.0125,xyz,seed_median_curve_first,marker_first,WT_DD10__TO__SCA3_DD20,WT_DD10,SCA3_DD20,6,-0.38439985733924886
0.0125,xyz,seed_median_curve_first,marker_first,WT_DD10__TO__SCA3_DD24,WT_DD10,SCA3_DD24,6,-0.27130021693698003
0.0125,xyz,seed_median_curve_isotonic,curve_first,WT_150130__TO__SCA3_DD20,WT_150130,SCA3_DD20,2,-0.009746705323014304
0.0125,xyz,seed_median_curve_isotonic,curve_first,WT_150130__TO__SCA3_DD24,WT_150130,SCA3_DD24,2,0.0658255202675708
0.0125,xyz,seed_median_curve_isotonic,curve_first,WT_150305__TO__SCA3_DD20,WT_150305,SCA3_DD20,2,-0.15095681732308855
0.0125,xyz,seed_median_curve_isotonic,curve_first,WT_150305__TO__SCA3_DD24,WT_150305,SCA3_DD24,2,-0.19783248081763638
0.0125,xyz,seed_median_curve_isotonic,curve_first,WT_DD09__TO__SCA3_DD20,WT_DD09,SCA3_DD20,6,-0.16766986254132565
0.0125,xyz,seed_median_curve_isotonic,curve_first,WT_DD09__TO__SCA3_DD24,WT_DD09,SCA3_DD24,6,-0.011679462621447145
0.0125,xyz,seed_median_curve_isotonic,curve_first,WT_DD10__TO__SCA3_DD20,WT_DD10,SCA3_DD20,6,-0.28626162655389964
0.0125,xyz,seed_median_curve_isotonic,curve_first,WT_DD10__TO__SCA3_DD24,WT_DD10,SCA3_DD24,6,-0.23096682925627618
0.0125,xyz,seed_median_curve_isotonic,marker_first,WT_150130__TO__SCA3_DD20,WT_150130,SCA3_DD20,2,-0.04890148784738804
0.0125,xyz,seed_median_curve_isotonic,marker_first,WT_150130__TO__SCA3_DD24,WT_150130,SCA3_DD24,2,0.03538514369575413
0.0125,xyz,seed_median_curve_isotonic,marker_first,WT_150305__TO__SCA3_DD20,WT_150305,SCA3_DD20,2,-0.10747485603198192
0.0125,xyz,seed_median_curve_isotonic,marker_first,WT_150305__TO__SCA3_DD24,WT_150305,SCA3_DD24,2,-0.19471814309343233
0.0125,xyz,seed_median_curve_isotonic,marker_first,WT_DD09__TO__SCA3_DD20,WT_DD09,SCA3_DD20,6,-0.17283517931985068
0.0125,xyz,seed_median_curve_isotonic,marker_first,WT_DD09__TO__SCA3_DD24,WT_DD09,SCA3_DD24,6,-0.023510940857330243
0.0125,xyz,seed_median_curve_isotonic,marker_first,WT_DD10__TO__SCA3_DD20,WT_DD10,SCA3_DD20,6,-0.3369227850897263
0.0125,xyz,seed_median_curve_isotonic,marker_first,WT_DD10__TO__SCA3_DD24,WT_DD10,SCA3_DD24,6,-0.1733614141832997
0.0125,xyz,seed_median_curve_persistent,curve_first,WT_150130__TO__SCA3_DD20,WT_150130,SCA3_DD20,2,-0.009746705323014304
0.0125,xyz,seed_median_curve_persistent,curve_first,WT_150130__TO__SCA3_DD24,WT_150130,SCA3_DD24,2,0.07033174317590893
0.0125,xyz,seed_median_curve_persistent,curve_first,WT_150305__TO__SCA3_DD20,WT_150305,SCA3_DD20,2,-0.15095681732308855
0.0125,xyz,seed_median_curve_persistent,curve_first,WT_150305__TO__SCA3_DD24,WT_150305,SCA3_DD24,2,-0.19394421305382198
0.0125,xyz,seed_median_curve_persistent,curve_first,WT_DD09__TO__SCA3_DD20,WT_DD09,SCA3_DD20,6,-0.16766986254132565
0.0125,xyz,seed_median_curve_persistent,curve_first,WT_DD09__TO__SCA3_DD24,WT_DD09,SCA3_DD24,6,-0.01070142402396046
0.0125,xyz,seed_median_curve_persistent,curve_first,WT_DD10__TO__SCA3_DD20,WT_DD10,SCA3_DD20,6,-0.28626162655389964
0.0125,xyz,seed_median_curve_persistent,curve_first,WT_DD10__TO__SCA3_DD24,WT_DD10,SCA3_DD24,6,-0.19748493920957907
0.0125,xyz,seed_median_curve_persistent,marker_first,WT_150130__TO__SCA3_DD20,WT_150130,SCA3_DD20,2,-0.039245444030924836
0.0125,xyz,seed_median_curve_persistent,marker_first,WT_150130__TO__SCA3_DD24,WT_150130,SCA3_DD24,2,-0.0032941539144969167
0.0125,xyz,seed_median_curve_persistent,marker_first,WT_150305__TO__SCA3_DD20,WT_150305,SCA3_DD20,2,-0.10747485603198192
0.0125,xyz,seed_median_curve_persistent,marker_first,WT_150305__TO__SCA3_DD24,WT_150305,SCA3_DD24,2,-0.16983899973006755
0.0125,xyz,seed_median_curve_persistent,marker_first,WT_DD09__TO__SCA3_DD20,WT_DD09,SCA3_DD20,6,-0.17283517931985068
0.0125,xyz,seed_median_curve_persistent,marker_first,WT_DD09__TO__SCA3_DD24,WT_DD09,SCA3_DD24,6,-0.02235558095235446
0.0125,xyz,seed_median_curve_persistent,marker_first,WT_DD10__TO__SCA3_DD20,WT_DD10,SCA3_DD20,6,-0.3369227850897263
0.0125,xyz,seed_median_curve_persistent,marker_first,WT_DD10__TO__SCA3_DD24,WT_DD10,SCA3_DD24,6,-0.13257365312154307
0.0125,z,median_seed_isotonic,curve_first,WT_150130__TO__SCA3_DD20,WT_150130,SCA3_DD20,2,0.022833598670571942
0.0125,z,median_seed_isotonic,curve_first,WT_150130__TO__SCA3_DD24,WT_150130,SCA3_DD24,2,0.11843814590060811
0.0125,z,median_seed_isotonic,curve_first,WT_150305__TO__SCA3_DD20,WT_150305,SCA3_DD20,2,-0.17716853244235548
0.0125,z,median_seed_isotonic,curve_first,WT_150305__TO__SCA3_DD24,WT_150305,SCA3_DD24,2,-0.19536638217854047
0.0125,z,median_seed_isotonic,curve_first,WT_DD09__TO__SCA3_DD20,WT_DD09,SCA3_DD20,6,-0.17261275578097646
0.0125,z,median_seed_isotonic,curve_first,WT_DD09__TO__SCA3_DD24,WT_DD09,SCA3_DD24,6,0.008307298858460807
0.0125,z,median_seed_isotonic,curve_first,WT_DD10__TO__SCA3_DD20,WT_DD10,SCA3_DD20,6,-0.2309944577164018
0.0125,z,median_seed_isotonic,curve_first,WT_DD10__TO__SCA3_DD24,WT_DD10,SCA3_DD24,6,-0.3466760721767434
0.0125,z,median_seed_isotonic,marker_first,WT_150130__TO__SCA3_DD20,WT_150130,SCA3_DD20,2,0.008153396340680463
0.0125,z,median_seed_isotonic,marker_first,WT_150130__TO__SCA3_DD24,WT_150130,SCA3_DD24,2,0.16942446707400252
0.0125,z,median_seed_isotonic,marker_first,WT_150305__TO__SCA3_DD20,WT_150305,SCA3_DD20,2,-0.16049306146262693
0.0125,z,median_seed_isotonic,marker_first,WT_150305__TO__SCA3_DD24,WT_150305,SCA3_DD24,2,-0.2997356049875024
0.0125,z,median_seed_isotonic,marker_first,WT_DD09__TO__SCA3_DD20,WT_DD09,SCA3_DD20,6,-0.16055605088471733
0.0125,z,median_seed_isotonic,marker_first,WT_DD09__TO__SCA3_DD24,WT_DD09,SCA3_DD24,6,0.004686427186470374
0.0125,z,median_seed_isotonic,marker_first,WT_DD10__TO__SCA3_DD20,WT_DD10,SCA3_DD20,6,-0.3116247881947736
0.0125,z,median_seed_isotonic,marker_first,WT_DD10__TO__SCA3_DD24,WT_DD10,SCA3_DD24,6,-0.30378592287866724
0.0125,z,q25_seed_isotonic,curve_first,WT_150130__TO__SCA3_DD20,WT_150130,SCA3_DD20,2,0.014540847928503131
0.0125,z,q25_seed_isotonic,curve_first,WT_150130__TO__SCA3_DD24,WT_150130,SCA3_DD24,2,0.05780712290128648
0.0125,z,q25_seed_isotonic,curve_first,WT_150305__TO__SCA3_DD20,WT_150305,SCA3_DD20,2,-0.18841813009191996
0.0125,z,q25_seed_isotonic,curve_first,WT_150305__TO__SCA3_DD24,WT_150305,SCA3_DD24,2,-0.269333986246608
0.0125,z,q25_seed_isotonic,curve_first,WT_DD09__TO__SCA3_DD20,WT_DD09,SCA3_DD20,6,-0.18017629309753952
0.0125,z,q25_seed_isotonic,curve_first,WT_DD09__TO__SCA3_DD24,WT_DD09,SCA3_DD24,6,-0.06706961231401248
0.0125,z,q25_seed_isotonic,curve_first,WT_DD10__TO__SCA3_DD20,WT_DD10,SCA3_DD20,6,-0.257468232680801
0.0125,z,q25_seed_isotonic,curve_first,WT_DD10__TO__SCA3_DD24,WT_DD10,SCA3_DD24,6,-0.39594508152149555
0.0125,z,q25_seed_isotonic,marker_first,WT_150130__TO__SCA3_DD20,WT_150130,SCA3_DD20,2,-0.03434356499855956
0.0125,z,q25_seed_isotonic,marker_first,WT_150130__TO__SCA3_DD24,WT_150130,SCA3_DD24,2,-0.11561825378066352
0.0125,z,q25_seed_isotonic,marker_first,WT_150305__TO__SCA3_DD20,WT_150305,SCA3_DD20,2,-0.18142819365743063
0.0125,z,q25_seed_isotonic,marker_first,WT_150305__TO__SCA3_DD24,WT_150305,SCA3_DD24,2,-0.33708740765201584
0.0125,z,q25_seed_isotonic,marker_first,WT_DD09__TO__SCA3_DD20,WT_DD09,SCA3_DD20,6,-0.18733159890902484
0.0125,z,q25_seed_isotonic,marker_first,WT_DD09__TO__SCA3_DD24,WT_DD09,SCA3_DD24,6,-0.11627585427929901
0.0125,z,q25_seed_isotonic,marker_first,WT_DD10__TO__SCA3_DD20,WT_DD10,SCA3_DD20,6,-0.4071592559715063
0.0125,z,q25_seed_isotonic,marker_first,WT_DD10__TO__SCA3_DD24,WT_DD10,SCA3_DD24,6,-0.4000142109055703
0.0125,z,q75_seed_isotonic,curve_first,WT_150130__TO__SCA3_DD20,WT_150130,SCA3_DD20,2,0.029095858068328928
0.0125,z,q75_seed_isotonic,curve_first,WT_150130__TO__SCA3_DD24,WT_150130,SCA3_DD24,2,0.13165474490463516
0.0125,z,q75_seed_isotonic,curve_first,WT_150305__TO__SCA3_DD20,WT_150305,SCA3_DD20,2,-0.17468558896988778
0.0125,z,q75_seed_isotonic,curve_first,WT_150305__TO__SCA3_DD24,WT_150305,SCA3_DD24,2,-0.1593284750481902
0.0125,z,q75_seed_isotonic,curve_first,WT_DD09__TO__SCA3_DD20,WT_DD09,SCA3_DD20,6,-0.166547863116633
0.0125,z,q75_seed_isotonic,curve_first,WT_DD09__TO__SCA3_DD24,WT_DD09,SCA3_DD24,6,0.019758393152351436
0.0125,z,q75_seed_isotonic,curve_first,WT_DD10__TO__SCA3_DD20,WT_DD10,SCA3_DD20,6,-0.21170148040397488
0.0125,z,q75_seed_isotonic,curve_first,WT_DD10__TO__SCA3_DD24,WT_DD10,SCA3_DD24,6,-0.11429581388931775
0.0125,z,q75_seed_isotonic,marker_first,WT_150130__TO__SCA3_DD20,WT_150130,SCA3_DD20,2,0.06434189528792161
0.0125,z,q75_seed_isotonic,marker_first,WT_150130__TO__SCA3_DD24,WT_150130,SCA3_DD24,2,0.2627626032833771
0.0125,z,q75_seed_isotonic,marker_first,WT_150305__TO__SCA3_DD20,WT_150305,SCA3_DD20,2,-0.14581946964715428
0.0125,z,q75_seed_isotonic,marker_first,WT_150305__TO__SCA3_DD24,WT_150305,SCA3_DD24,2,-0.2071037636776944
0.0125,z,q75_seed_isotonic,marker_first,WT_DD09__TO__SCA3_DD20,WT_DD09,SCA3_DD20,6,-0.1590229952313352
0.0125,z,q75_seed_isotonic,marker_first,WT_DD09__TO__SCA3_DD24,WT_DD09,SCA3_DD24,6,0.03683841811694409
0.0125,z,q75_seed_isotonic,marker_first,WT_DD10__TO__SCA3_DD20,WT_DD10,SCA3_DD20,6,-0.2795279522825612
0.0125,z,q75_seed_isotonic,marker_first,WT_DD10__TO__SCA3_DD24,WT_DD10,SCA3_DD24,6,-0.0753335747029209
0.0125,z,seed_median_curve_first,curve_first,WT_150130__TO__SCA3_DD20,WT_150130,SCA3_DD20,2,0.023126776941083893
0.0125,z,seed_median_curve_first,curve_first,WT_150130__TO__SCA3_DD24,WT_150130,SCA3_DD24,2,0.09878711840797583
0.0125,z,seed_median_curve_first,curve_first,WT_150305__TO__SCA3_DD20,WT_150305,SCA3_DD20,2,-0.17716853244235548
0.0125,z,seed_median_curve_first,curve_first,WT_150305__TO__SCA3_DD24,WT_150305,SCA3_DD24,2,-0.20908582167673978
0.0125,z,seed_median_curve_first,curve_first,WT_DD09__TO__SCA3_DD20,WT_DD09,SCA3_DD20,6,-0.17083348505096674
0.0125,z,seed_median_curve_first,curve_first,WT_DD09__TO__SCA3_DD24,WT_DD09,SCA3_DD24,6,0.007846554576439721
0.0125,z,seed_median_curve_first,curve_first,WT_DD10__TO__SCA3_DD20,WT_DD10,SCA3_DD20,6,-0.226347311184822
0.0125,z,seed_median_curve_first,curve_first,WT_DD10__TO__SCA3_DD24,WT_DD10,SCA3_DD24,6,-0.3498118662606002
0.0125,z,seed_median_curve_first,marker_first,WT_150130__TO__SCA3_DD20,WT_150130,SCA3_DD20,2,-0.034178647076483826
0.0125,z,seed_median_curve_first,marker_first,WT_150130__TO__SCA3_DD24,WT_150130,SCA3_DD24,2,-0.07855461328946736
0.0125,z,seed_median_curve_first,marker_first,WT_150305__TO__SCA3_DD20,WT_150305,SCA3_DD20,2,-0.16209174935195853
0.0125,z,seed_median_curve_first,marker_first,WT_150305__TO__SCA3_DD24,WT_150305,SCA3_DD24,2,-0.335090774651666
0.0125,z,seed_median_curve_first,marker_first,WT_DD09__TO__SCA3_DD20,WT_DD09,SCA3_DD20,6,-0.17559285172708983
0.0125,z,seed_median_curve_first,marker_first,WT_DD09__TO__SCA3_DD24,WT_DD09,SCA3_DD24,6,-0.10230615654662442
0.0125,z,seed_median_curve_first,marker_first,WT_DD10__TO__SCA3_DD20,WT_DD10,SCA3_DD20,6,-0.38272582085195
0.0125,z,seed_median_curve_first,marker_first,WT_DD10__TO__SCA3_DD24,WT_DD10,SCA3_DD24,6,-0.3160614729798551
0.0125,z,seed_median_curve_isotonic,curve_first,WT_150130__TO__SCA3_DD20,WT_150130,SCA3_DD20,2,0.023126776941083893
0.0125,z,seed_median_curve_isotonic,curve_first,WT_150130__TO__SCA3_DD24,WT_150130,SCA3_DD24,2,0.09969428211846337
0.0125,z,seed_median_curve_isotonic,curve_first,WT_150305__TO__SCA3_DD20,WT_150305,SCA3_DD20,2,-0.17716853244235548
0.0125,z,seed_median_curve_isotonic,curve_first,WT_150305__TO__SCA3_DD24,WT_150305,SCA3_DD24,2,-0.20908582167673978
0.0125,z,seed_median_curve_isotonic,curve_first,WT_DD09__TO__SCA3_DD20,WT_DD09,SCA3_DD20,6,-0.17083348505096674
0.0125,z,seed_median_curve_isotonic,curve_first,WT_DD09__TO__SCA3_DD24,WT_DD09,SCA3_DD24,6,0.007846554576439721
0.0125,z,seed_median_curve_isotonic,curve_first,WT_DD10__TO__SCA3_DD20,WT_DD10,SCA3_DD20,6,-0.226347311184822
0.0125,z,seed_median_curve_isotonic,curve_first,WT_DD10__TO__SCA3_DD24,WT_DD10,SCA3_DD24,6,-0.32075409486433176
0.0125,z,seed_median_curve_isotonic,marker_first,WT_150130__TO__SCA3_DD20,WT_150130,SCA3_DD20,2,0.006825804528498569
0.0125,z,seed_median_curve_isotonic,marker_first,WT_150130__TO__SCA3_DD24,WT_150130,SCA3_DD24,2,0.15944574776981976
0.0125,z,seed_median_curve_isotonic,marker_first,WT_150305__TO__SCA3_DD20,WT_150305,SCA3_DD20,2,-0.16209174935195853
0.0125,z,seed_median_curve_isotonic,marker_first,WT_150305__TO__SCA3_DD24,WT_150305,SCA3_DD24,2,-0.272370292501548
0.0125,z,seed_median_curve_isotonic,marker_first,WT_DD09__TO__SCA3_DD20,WT_DD09,SCA3_DD20,6,-0.16494699759932469
0.0125,z,seed_median_curve_isotonic,marker_first,WT_DD09__TO__SCA3_DD24,WT_DD09,SCA3_DD24,6,0.025328181364194666
0.0125,z,seed_median_curve_isotonic,marker_first,WT_DD10__TO__SCA3_DD20,WT_DD10,SCA3_DD20,6,-0.32686147267451215
0.0125,z,seed_median_curve_isotonic,marker_first,WT_DD10__TO__SCA3_DD24,WT_DD10,SCA3_DD24,6,-0.27719276716933977
0.0125,z,seed_median_curve_persistent,curve_first,WT_150130__TO__SCA3_DD20,WT_150130,SCA3_DD20,2,0.023126776941083893
0.0125,z,seed_median_curve_persistent,curve_first,WT_150130__TO__SCA3_DD24,WT_150130,SCA3_DD24,2,0.09878711840797583
0.0125,z,seed_median_curve_persistent,curve_first,WT_150305__TO__SCA3_DD20,WT_150305,SCA3_DD20,2,-0.17716853244235548
0.0125,z,seed_median_curve_persistent,curve_first,WT_150305__TO__SCA3_DD24,WT_150305,SCA3_DD24,2,-0.20908582167673978
0.0125,z,seed_median_curve_persistent,curve_first,WT_DD09__TO__SCA3_DD20,WT_DD09,SCA3_DD20,6,-0.17083348505096674
0.0125,z,seed_median_curve_persistent,curve_first,WT_DD09__TO__SCA3_DD24,WT_DD09,SCA3_DD24,6,0.007846554576439721
0.0125,z,seed_median_curve_persistent,curve_first,WT_DD10__TO__SCA3_DD20,WT_DD10,SCA3_DD20,6,-0.226347311184822
0.0125,z,seed_median_curve_persistent,curve_first,WT_DD10__TO__SCA3_DD24,WT_DD10,SCA3_DD24,6,-0.3036046966393005
0.0125,z,seed_median_curve_persistent,marker_first,WT_150130__TO__SCA3_DD20,WT_150130,SCA3_DD20,2,0.006825804528498569
0.0125,z,seed_median_curve_persistent,marker_first,WT_150130__TO__SCA3_DD24,WT_150130,SCA3_DD24,2,0.087474132251083
0.0125,z,seed_median_curve_persistent,marker_first,WT_150305__TO__SCA3_DD20,WT_150305,SCA3_DD20,2,-0.16209174935195853
0.0125,z,seed_median_curve_persistent,marker_first,WT_150305__TO__SCA3_DD24,WT_150305,SCA3_DD24,2,-0.26757368644654445
0.0125,z,seed_median_curve_persistent,marker_first,WT_DD09__TO__SCA3_DD20,WT_DD09,SCA3_DD20,6,-0.17559285172708983
0.0125,z,seed_median_curve_persistent,marker_first,WT_DD09__TO__SCA3_DD24,WT_DD09,SCA3_DD24,6,0.0250271082908
0.0125,z,seed_median_curve_persistent,marker_first,WT_DD10__TO__SCA3_DD20,WT_DD10,SCA3_DD20,6,-0.32309203355457505
0.0125,z,seed_median_curve_persistent,marker_first,WT_DD10__TO__SCA3_DD24,WT_DD10,SCA3_DD24,6,-0.2607814626068581
0.025,xy,median_seed_isotonic,curve_first,WT_150130__TO__SCA3_DD20,WT_150130,SCA3_DD20,2,-0.15728558940675794
0.025,xy,median_seed_isotonic,curve_first,WT_150130__TO__SCA3_DD24,WT_150130,SCA3_DD24,2,-0.12474278504475053
0.025,xy,median_seed_isotonic,curve_first,WT_150305__TO__SCA3_DD20,WT_150305,SCA3_DD20,2,-0.19906287185446386
0.025,xy,median_seed_isotonic,curve_first,WT_150305__TO__SCA3_DD24,WT_150305,SCA3_DD24,2,-0.40889701838246567
0.025,xy,median_seed_isotonic,curve_first,WT_DD09__TO__SCA3_DD20,WT_DD09,SCA3_DD20,6,-0.15306126984619622
0.025,xy,median_seed_isotonic,curve_first,WT_DD09__TO__SCA3_DD24,WT_DD09,SCA3_DD24,6,-0.09225297364644952
0.025,xy,median_seed_isotonic,curve_first,WT_DD10__TO__SCA3_DD20,WT_DD10,SCA3_DD20,6,-0.24020917735024072
0.025,xy,median_seed_isotonic,curve_first,WT_DD10__TO__SCA3_DD24,WT_DD10,SCA3_DD24,6,-0.31737945253255195
0.025,xy,median_seed_isotonic,marker_first,WT_150130__TO__SCA3_DD20,WT_150130,SCA3_DD20,2,-0.0638425299173988
0.025,xy,median_seed_isotonic,marker_first,WT_150130__TO__SCA3_DD24,WT_150130,SCA3_DD24,2,-0.06186336917023641
0.025,xy,median_seed_isotonic,marker_first,WT_150305__TO__SCA3_DD20,WT_150305,SCA3_DD20,2,-0.03897705347856256
0.025,xy,median_seed_isotonic,marker_first,WT_150305__TO__SCA3_DD24,WT_150305,SCA3_DD24,2,-0.17513549629879188
0.025,xy,median_seed_isotonic,marker_first,WT_DD09__TO__SCA3_DD20,WT_DD09,SCA3_DD20,6,-0.01816190299338946
0.025,xy,median_seed_isotonic,marker_first,WT_DD09__TO__SCA3_DD24,WT_DD09,SCA3_DD24,6,-0.09508211645490278
0.025,xy,median_seed_isotonic,marker_first,WT_DD10__TO__SCA3_DD20,WT_DD10,SCA3_DD20,6,-0.06665079725198231
0.025,xy,median_seed_isotonic,marker_first,WT_DD10__TO__SCA3_DD24,WT_DD10,SCA3_DD24,6,-0.21026994378411198
0.025,xy,q25_seed_isotonic,curve_first,WT_150130__TO__SCA3_DD20,WT_150130,SCA3_DD20,2,-0.18022565742899582
0.025,xy,q25_seed_isotonic,curve_first,WT_150130__TO__SCA3_DD24,WT_150130,SCA3_DD24,2,-0.1902771184053921
0.025,xy,q25_seed_isotonic,curve_first,WT_150305__TO__SCA3_DD20,WT_150305,SCA3_DD20,2,-0.20390473091899816
0.025,xy,q25_seed_isotonic,curve_first,WT_150305__TO__SCA3_DD24,WT_150305,SCA3_DD24,2,-0.4146090872215318
0.025,xy,q25_seed_isotonic,curve_first,WT_DD09__TO__SCA3_DD20,WT_DD09,SCA3_DD20,6,-0.15972936410861727
0.025,xy,q25_seed_isotonic,curve_first,WT_DD09__TO__SCA3_DD24,WT_DD09,SCA3_DD24,6,-0.16253914209485504
0.025,xy,q25_seed_isotonic,curve_first,WT_DD10__TO__SCA3_DD20,WT_DD10,SCA3_DD20,6,-0.2709347062948624
0.025,xy,q25_seed_isotonic,curve_first,WT_DD10__TO__SCA3_DD24,WT_DD10,SCA3_DD24,6,-0.3574782868606209
0.025,xy,q25_seed_isotonic,marker_first,WT_150130__TO__SCA3_DD20,WT_150130,SCA3_DD20,2,-0.09165522296621142
0.025,xy,q25_seed_isotonic,marker_first,WT_150130__TO__SCA3_DD24,WT_150130,SCA3_DD24,2,-0.07378958024506732
0.025,xy,q25_seed_isotonic,marker_first,WT_150305__TO__SCA3_DD20,WT_150305,SCA3_DD20,2,-0.06287336202440136
0.025,xy,q25_seed_isotonic,marker_first,WT_150305__TO__SCA3_DD24,WT_150305,SCA3_DD24,2,-0.2114211564021123
0.025,xy,q25_seed_isotonic,marker_first,WT_DD09__TO__SCA3_DD20,WT_DD09,SCA3_DD20,6,-0.07501261396535164
0.025,xy,q25_seed_isotonic,marker_first,WT_DD09__TO__SCA3_DD24,WT_DD09,SCA3_DD24,6,-0.1426663234738722
0.025,xy,q25_seed_isotonic,marker_first,WT_DD10__TO__SCA3_DD20,WT_DD10,SCA3_DD20,6,-0.1966931142886877
0.025,xy,q25_seed_isotonic,marker_first,WT_DD10__TO__SCA3_DD24,WT_DD10,SCA3_DD24,6,-0.2792201276262348
0.025,xy,q75_seed_isotonic,curve_first,WT_150130__TO__SCA3_DD20,WT_150130,SCA3_DD20,2,-0.13769514537557395
0.025,xy,q75_seed_isotonic,curve_first,WT_150130__TO__SCA3_DD24,WT_150130,SCA3_DD24,2,-0.08994233406256914
0.025,xy,q75_seed_isotonic,curve_first,WT_150305__TO__SCA3_DD20,WT_150305,SCA3_DD20,2,-0.18000975040744302
0.025,xy,q75_seed_isotonic,curve_first,WT_150305__TO__SCA3_DD24,WT_150305,SCA3_DD24,2,-0.3768368100875363
0.025,xy,q75_seed_isotonic,curve_first,WT_DD09__TO__SCA3_DD20,WT_DD09,SCA3_DD20,6,-0.12403596809126743
0.025,xy,q75_seed_isotonic,curve_first,WT_DD09__TO__SCA3_DD24,WT_DD09,SCA3_DD24,6,-0.03227350072305114
0.025,xy,q75_seed_isotonic,curve_first,WT_DD10__TO__SCA3_DD20,WT_DD10,SCA3_DD20,6,-0.22581301234429432
0.025,xy,q75_seed_isotonic,curve_first,WT_DD10__TO__SCA3_DD24,WT_DD10,SCA3_DD24,6,-0.19696325338212062
0.025,xy,q75_seed_isotonic,marker_first,WT_150130__TO__SCA3_DD20,WT_150130,SCA3_DD20,2,0.03229843070702909
0.025,xy,q75_seed_isotonic,marker_first,WT_150130__TO__SCA3_DD24,WT_150130,SCA3_DD24,2,0.03050415157805067
0.025,xy,q75_seed_isotonic,marker_first,WT_150305__TO__SCA3_DD20,WT_150305,SCA3_DD20,2,-0.015096240080459122
0.025,xy,q75_seed_isotonic,marker_first,WT_150305__TO__SCA3_DD24,WT_150305,SCA3_DD24,2,-0.14892698680959832
0.025,xy,q75_seed_isotonic,marker_first,WT_DD09__TO__SCA3_DD20,WT_DD09,SCA3_DD20,6,-0.014163946908016783
0.025,xy,q75_seed_isotonic,marker_first,WT_DD09__TO__SCA3_DD24,WT_DD09,SCA3_DD24,6,-0.0017675233225077358
0.025,xy,q75_seed_isotonic,marker_first,WT_DD10__TO__SCA3_DD20,WT_DD10,SCA3_DD20,6,-0.03853803895953767
0.025,xy,q75_seed_isotonic,marker_first,WT_DD10__TO__SCA3_DD24,WT_DD10,SCA3_DD24,6,-0.14742709010631036
0.025,xy,seed_median_curve_first,curve_first,WT_150130__TO__SCA3_DD20,WT_150130,SCA3_DD20,2,-0.14361112488577502
0.025,xy,seed_median_curve_first,curve_first,WT_150130__TO__SCA3_DD24,WT_150130,SCA3_DD24,2,-0.19787706271675473
0.025,xy,seed_median_curve_first,curve_first,WT_150305__TO__SCA3_DD20,WT_150305,SCA3_DD20,2,-0.19894331206489024
0.025,xy,seed_median_curve_first,curve_first,WT_150305__TO__SCA3_DD24,WT_150305,SCA3_DD24,2,-0.39996148331493925
0.025,xy,seed_median_curve_first,curve_first,WT_DD09__TO__SCA3_DD20,WT_DD09,SCA3_DD20,6,-0.15265859473139642
0.025,xy,seed_median_curve_first,curve_first,WT_DD09__TO__SCA3_DD24,WT_DD09,SCA3_DD24,6,-0.09708301602504837
0.025,xy,seed_median_curve_first,curve_first,WT_DD10__TO__SCA3_DD20,WT_DD10,SCA3_DD20,6,-0.24020917735024072
0.025,xy,seed_median_curve_first,curve_first,WT_DD10__TO__SCA3_DD24,WT_DD10,SCA3_DD24,6,-0.3082123627704845
0.025,xy,seed_median_curve_first,marker_first,WT_150130__TO__SCA3_DD20,WT_150130,SCA3_DD20,2,-0.06999734635670302
0.025,xy,seed_median_curve_first,marker_first,WT_150130__TO__SCA3_DD24,WT_150130,SCA3_DD24,2,-0.08856540290555237
0.025,xy,seed_median_curve_first,marker_first,WT_150305__TO__SCA3_DD20,WT_150305,SCA3_DD20,2,-0.0516383526017109
0.025,xy,seed_median_curve_first,marker_first,WT_150305__TO__SCA3_DD24,WT_150305,SCA3_DD24,2,-0.18254654873765086
0.025,xy,seed_median_curve_first,marker_first,WT_DD09__TO__SCA3_DD20,WT_DD09,SCA3_DD20,6,-0.018658608787222558
0.025,xy,seed_median_curve_first,marker_first,WT_DD09__TO__SCA3_DD24,WT_DD09,SCA3_DD24,6,-0.16626887244913094
0.025,xy,seed_median_curve_first,marker_first,WT_DD10__TO__SCA3_DD20,WT_DD10,SCA3_DD20,6,-0.15327644586583575
0.025,xy,seed_median_curve_first,marker_first,WT_DD10__TO__SCA3_DD24,WT_DD10,SCA3_DD24,6,-0.24037861165197108
0.025,xy,seed_median_curve_isotonic,curve_first,WT_150130__TO__SCA3_DD20,WT_150130,SCA3_DD20,2,-0.14361112488577502
0.025,xy,seed_median_curve_isotonic,curve_first,WT_150130__TO__SCA3_DD24,WT_150130,SCA3_DD24,2,-0.12418498131648568
0.025,xy,seed_median_curve_isotonic,curve_first,WT_150305__TO__SCA3_DD20,WT_150305,SCA3_DD20,2,-0.19894331206489024
0.025,xy,seed_median_curve_isotonic,curve_first,WT_150305__TO__SCA3_DD24,WT_150305,SCA3_DD24,2,-0.39996148331493925
0.025,xy,seed_median_curve_isotonic,curve_first,WT_DD09__TO__SCA3_DD20,WT_DD09,SCA3_DD20,6,-0.15265859473139642
0.025,xy,seed_median_curve_isotonic,curve_first,WT_DD09__TO__SCA3_DD24,WT_DD09,SCA3_DD24,6,-0.09379533816248514
0.025,xy,seed_median_curve_isotonic,curve_first,WT_DD10__TO__SCA3_DD20,WT_DD10,SCA3_DD20,6,-0.24020917735024072
0.025,xy,seed_median_curve_isotonic,curve_first,WT_DD10__TO__SCA3_DD24,WT_DD10,SCA3_DD24,6,-0.18375623415457
0.025,xy,seed_median_curve_isotonic,marker_first,WT_150130__TO__SCA3_DD20,WT_150130,SCA3_DD20,2,-0.054978612157749074
0.025,xy,seed_median_curve_isotonic,marker_first,WT_150130__TO__SCA3_DD24,WT_150130,SCA3_DD24,2,-0.060201087560129596
0.025,xy,seed_median_curve_isotonic,marker_first,WT_150305__TO__SCA3_DD20,WT_150305,SCA3_DD20,2,-0.037666273792916594
0.025,xy,seed_median_curve_isotonic,marker_first,WT_150305__TO__SCA3_DD24,WT_150305,SCA3_DD24,2,-0.18007510102400442
0.025,xy,seed_median_curve_isotonic,marker_first,WT_DD09__TO__SCA3_DD20,WT_DD09,SCA3_DD20,6,-0.018658608787222558
0.025,xy,seed_median_curve_isotonic,marker_first,WT_DD09__TO__SCA3_DD24,WT_DD09,SCA3_DD24,6,-0.04302847815777977
0.025,xy,seed_median_curve_isotonic,marker_first,WT_DD10__TO__SCA3_DD20,WT_DD10,SCA3_DD20,6,-0.10595824757069441
0.025,xy,seed_median_curve_isotonic,marker_first,WT_DD10__TO__SCA3_DD24,WT_DD10,SCA3_DD24,6,-0.16724772104880936
0.025,xy,seed_median_curve_persistent,curve_first,WT_150130__TO__SCA3_DD20,WT_150130,SCA3_DD20,2,-0.14361112488577502
0.025,xy,seed_median_curve_persistent,curve_first,WT_150130__TO__SCA3_DD24,WT_150130,SCA3_DD24,2,-0.09840279839244981
0.025,xy,seed_median_curve_persistent,curve_first,WT_150305__TO__SCA3_DD20,WT_150305,SCA3_DD20,2,-0.19894331206489024
0.025,xy,seed_median_curve_persistent,curve_first,WT_150305__TO__SCA3_DD24,WT_150305,SCA3_DD24,2,-0.39996148331493925
0.025,xy,seed_median_curve_persistent,curve_first,WT_DD09__TO__SCA3_DD20,WT_DD09,SCA3_DD20,6,-0.15265859473139642
0.025,xy,seed_median_curve_persistent,curve_first,WT_DD09__TO__SCA3_DD24,WT_DD09,SCA3_DD24,6,-0.08387230036709703
0.025,xy,seed_median_curve_persistent,curve_first,WT_DD10__TO__SCA3_DD20,WT_DD10,SCA3_DD20,6,-0.24020917735024072
0.025,xy,seed_median_curve_persistent,curve_first,WT_DD10__TO__SCA3_DD24,WT_DD10,SCA3_DD24,6,-0.15222815074397883
0.025,xy,seed_median_curve_persistent,marker_first,WT_150130__TO__SCA3_DD20,WT_150130,SCA3_DD20,2,-0.03950099385181219
0.025,xy,seed_median_curve_persistent,marker_first,WT_150130__TO__SCA3_DD24,WT_150130,SCA3_DD24,2,-0.06062540685094944
0.025,xy,seed_median_curve_persistent,marker_first,WT_150305__TO__SCA3_DD20,WT_150305,SCA3_DD20,2,-0.034161427886685636
0.025,xy,seed_median_curve_persistent,marker_first,WT_150305__TO__SCA3_DD24,WT_150305,SCA3_DD24,2,-0.16803229227857197
0.025,xy,seed_median_curve_persistent,marker_first,WT_DD09__TO__SCA3_DD20,WT_DD09,SCA3_DD20,6,-0.018658608787222558
0.025,xy,seed_median_curve_persistent,marker_first,WT_DD09__TO__SCA3_DD24,WT_DD09,SCA3_DD24,6,-0.0998103432699759
0.025,xy,seed_median_curve_persistent,marker_first,WT_DD10__TO__SCA3_DD20,WT_DD10,SCA3_DD20,6,-0.06708167447397945
0.025,xy,seed_median_curve_persistent,marker_first,WT_DD10__TO__SCA3_DD24,WT_DD10,SCA3_DD24,6,-0.13361714263730956
0.025,xyz,median_seed_isotonic,curve_first,WT_150130__TO__SCA3_DD20,WT_150130,SCA3_DD20,2,-0.006848803539794668
0.025,xyz,median_seed_isotonic,curve_first,WT_150130__TO__SCA3_DD24,WT_150130,SCA3_DD24,2,0.06805439907923688
0.025,xyz,median_seed_isotonic,curve_first,WT_150305__TO__SCA3_DD20,WT_150305,SCA3_DD20,2,-0.1487922294805472
0.025,xyz,median_seed_isotonic,curve_first,WT_150305__TO__SCA3_DD24,WT_150305,SCA3_DD24,2,-0.183621496616658
0.025,xyz,median_seed_isotonic,curve_first,WT_DD09__TO__SCA3_DD20,WT_DD09,SCA3_DD20,6,-0.17007748706675563
0.025,xyz,median_seed_isotonic,curve_first,WT_DD09__TO__SCA3_DD24,WT_DD09,SCA3_DD24,6,-0.011458240601167458
0.025,xyz,median_seed_isotonic,curve_first,WT_DD10__TO__SCA3_DD20,WT_DD10,SCA3_DD20,6,-0.2833445736228474
0.025,xyz,median_seed_isotonic,curve_first,WT_DD10__TO__SCA3_DD24,WT_DD10,SCA3_DD24,6,-0.2522405296951318
0.025,xyz,median_seed_isotonic,marker_first,WT_150130__TO__SCA3_DD20,WT_150130,SCA3_DD20,2,-0.045765621990403654
0.025,xyz,median_seed_isotonic,marker_first,WT_150130__TO__SCA3_DD24,WT_150130,SCA3_DD24,2,0.04672648618614411
0.025,xyz,median_seed_isotonic,marker_first,WT_150305__TO__SCA3_DD20,WT_150305,SCA3_DD20,2,-0.08465183139435603
0.025,xyz,median_seed_isotonic,marker_first,WT_150305__TO__SCA3_DD24,WT_150305,SCA3_DD24,2,-0.1935169280887313
0.025,xyz,median_seed_isotonic,marker_first,WT_DD09__TO__SCA3_DD20,WT_DD09,SCA3_DD20,6,-0.17603207958906064
0.025,xyz,median_seed_isotonic,marker_first,WT_DD09__TO__SCA3_DD24,WT_DD09,SCA3_DD24,6,-0.0249066035486345
0.025,xyz,median_seed_isotonic,marker_first,WT_DD10__TO__SCA3_DD20,WT_DD10,SCA3_DD20,6,-0.3297438301002341
0.025,xyz,median_seed_isotonic,marker_first,WT_DD10__TO__SCA3_DD24,WT_DD10,SCA3_DD24,6,-0.2443510919865217
0.025,xyz,q25_seed_isotonic,curve_first,WT_150130__TO__SCA3_DD20,WT_150130,SCA3_DD20,2,-0.0072524741573754825
0.025,xyz,q25_seed_isotonic,curve_first,WT_150130__TO__SCA3_DD24,WT_150130,SCA3_DD24,2,0.022741191635277186
0.025,xyz,q25_seed_isotonic,curve_first,WT_150305__TO__SCA3_DD20,WT_150305,SCA3_DD20,2,-0.15544902515123368
0.025,xyz,q25_seed_isotonic,curve_first,WT_150305__TO__SCA3_DD24,WT_150305,SCA3_DD24,2,-0.1950135353982278
0.025,xyz,q25_seed_isotonic,curve_first,WT_DD09__TO__SCA3_DD20,WT_DD09,SCA3_DD20,6,-0.1712982070867215
0.025,xyz,q25_seed_isotonic,curve_first,WT_DD09__TO__SCA3_DD24,WT_DD09,SCA3_DD24,6,-0.07284287476690593
0.025,xyz,q25_seed_isotonic,curve_first,WT_DD10__TO__SCA3_DD20,WT_DD10,SCA3_DD20,6,-0.2946177051163066
0.025,xyz,q25_seed_isotonic,curve_first,WT_DD10__TO__SCA3_DD24,WT_DD10,SCA3_DD24,6,-0.36460030936274246
0.025,xyz,q25_seed_isotonic,marker_first,WT_150130__TO__SCA3_DD20,WT_150130,SCA3_DD20,2,-0.061422245063853576
0.025,xyz,q25_seed_isotonic,marker_first,WT_150130__TO__SCA3_DD24,WT_150130,SCA3_DD24,2,-0.14528340531046313
0.025,xyz,q25_seed_isotonic,marker_first,WT_150305__TO__SCA3_DD20,WT_150305,SCA3_DD20,2,-0.13793389788499444
0.025,xyz,q25_seed_isotonic,marker_first,WT_150305__TO__SCA3_DD24,WT_150305,SCA3_DD24,2,-0.2606273590146879
0.025,xyz,q25_seed_isotonic,marker_first,WT_DD09__TO__SCA3_DD20,WT_DD09,SCA3_DD20,6,-0.188546407679461
0.025,xyz,q25_seed_isotonic,marker_first,WT_DD09__TO__SCA3_DD24,WT_DD09,SCA3_DD24,6,-0.08448066588210401
0.025,xyz,q25_seed_isotonic,marker_first,WT_DD10__TO__SCA3_DD20,WT_DD10,SCA3_DD20,6,-0.3724107547331591
0.025,xyz,q25_seed_isotonic,marker_first,WT_DD10__TO__SCA3_DD24,WT_DD10,SCA3_DD24,6,-0.36828805679062027
0.025,xyz,q75_seed_isotonic,curve_first,WT_150130__TO__SCA3_DD20,WT_150130,SCA3_DD20,2,0.0019243996630878835
0.025,xyz,q75_seed_isotonic,curve_first,WT_150130__TO__SCA3_DD24,WT_150130,SCA3_DD24,2,0.08416827121075734
0.025,xyz,q75_seed_isotonic,curve_first,WT_150305__TO__SCA3_DD20,WT_150305,SCA3_DD20,2,-0.14118195352025484
0.025,xyz,q75_seed_isotonic,curve_first,WT_150305__TO__SCA3_DD24,WT_150305,SCA3_DD24,2,-0.16697890735058868
0.025,xyz,q75_seed_isotonic,curve_first,WT_DD09__TO__SCA3_DD20,WT_DD09,SCA3_DD20,6,-0.1665196646860021
0.025,xyz,q75_seed_isotonic,curve_first,WT_DD09__TO__SCA3_DD24,WT_DD09,SCA3_DD24,6,0.05999081114893218
0.025,xyz,q75_seed_isotonic,curve_first,WT_DD10__TO__SCA3_DD20,WT_DD10,SCA3_DD20,6,-0.2755258384531284
0.025,xyz,q75_seed_isotonic,curve_first,WT_DD10__TO__SCA3_DD24,WT_DD10,SCA3_DD24,6,-0.16431715604079597
0.025,xyz,q75_seed_isotonic,marker_first,WT_150130__TO__SCA3_DD20,WT_150130,SCA3_DD20,2,-0.0013825725077326323
0.025,xyz,q75_seed_isotonic,marker_first,WT_150130__TO__SCA3_DD24,WT_150130,SCA3_DD24,2,0.09957199757118743
0.025,xyz,q75_seed_isotonic,marker_first,WT_150305__TO__SCA3_DD20,WT_150305,SCA3_DD20,2,-0.06776945842422233
0.025,xyz,q75_seed_isotonic,marker_first,WT_150305__TO__SCA3_DD24,WT_150305,SCA3_DD24,2,-0.16893854598923322
0.025,xyz,q75_seed_isotonic,marker_first,WT_DD09__TO__SCA3_DD20,WT_DD09,SCA3_DD20,6,-0.1640828319043106
0.025,xyz,q75_seed_isotonic,marker_first,WT_DD09__TO__SCA3_DD24,WT_DD09,SCA3_DD24,6,0.05015793171301214
0.025,xyz,q75_seed_isotonic,marker_first,WT_DD10__TO__SCA3_DD20,WT_DD10,SCA3_DD20,6,-0.3214951473757424
0.025,xyz,q75_seed_isotonic,marker_first,WT_DD10__TO__SCA3_DD24,WT_DD10,SCA3_DD24,6,-0.05874762798440786
0.025,xyz,seed_median_curve_first,curve_first,WT_150130__TO__SCA3_DD20,WT_150130,SCA3_DD20,2,-0.00560221151931925
0.025,xyz,seed_median_curve_first,curve_first,WT_150130__TO__SCA3_DD24,WT_150130,SCA3_DD24,2,0.04102771755132706
0.025,xyz,seed_median_curve_first,curve_first,WT_150305__TO__SCA3_DD20,WT_150305,SCA3_DD20,2,-0.1487922294805472
0.025,xyz,seed_median_curve_first,curve_first,WT_150305__TO__SCA3_DD24,WT_150305,SCA3_DD24,2,-0.18330593940193385
0.025,xyz,seed_median_curve_first,curve_first,WT_DD09__TO__SCA3_DD20,WT_DD09,SCA3_DD20,6,-0.17007444489815443
0.025,xyz,seed_median_curve_first,curve_first,WT_DD09__TO__SCA3_DD24,WT_DD09,SCA3_DD24,6,-0.03710861631159945
0.025,xyz,seed_median_curve_first,curve_first,WT_DD10__TO__SCA3_DD20,WT_DD10,SCA3_DD20,6,-0.2824992280023336
0.025,xyz,seed_median_curve_first,curve_first,WT_DD10__TO__SCA3_DD24,WT_DD10,SCA3_DD24,6,-0.27075969164250213
0.025,xyz,seed_median_curve_first,marker_first,WT_150130__TO__SCA3_DD20,WT_150130,SCA3_DD20,2,-0.06395972642455719
0.025,xyz,seed_median_curve_first,marker_first,WT_150130__TO__SCA3_DD24,WT_150130,SCA3_DD24,2,0.0014319116045404257
0.025,xyz,seed_median_curve_first,marker_first,WT_150305__TO__SCA3_DD20,WT_150305,SCA3_DD20,2,-0.0847698016219339
0.025,xyz,seed_median_curve_first,marker_first,WT_150305__TO__SCA3_DD24,WT_150305,SCA3_DD24,2,-0.19490230259205887
0.025,xyz,seed_median_curve_first,marker_first,WT_DD09__TO__SCA3_DD20,WT_DD09,SCA3_DD20,6,-0.17687768484183347
0.025,xyz,seed_median_curve_first,marker_first,WT_DD09__TO__SCA3_DD24,WT_DD09,SCA3_DD24,6,-0.04982316060752501
0.025,xyz,seed_median_curve_first,marker_first,WT_DD10__TO__SCA3_DD20,WT_DD10,SCA3_DD20,6,-0.38600560477102286
0.025,xyz,seed_median_curve_first,marker_first,WT_DD10__TO__SCA3_DD24,WT_DD10,SCA3_DD24,6,-0.27075969164250213
0.025,xyz,seed_median_curve_isotonic,curve_first,WT_150130__TO__SCA3_DD20,WT_150130,SCA3_DD20,2,-0.00560221151931925
0.025,xyz,seed_median_curve_isotonic,curve_first,WT_150130__TO__SCA3_DD24,WT_150130,SCA3_DD24,2,0.0681958713585713
0.025,xyz,seed_median_curve_isotonic,curve_first,WT_150305__TO__SCA3_DD20,WT_150305,SCA3_DD20,2,-0.1487922294805472
0.025,xyz,seed_median_curve_isotonic,curve_first,WT_150305__TO__SCA3_DD24,WT_150305,SCA3_DD24,2,-0.18584320717727532
0.025,xyz,seed_median_curve_isotonic,curve_first,WT_DD09__TO__SCA3_DD20,WT_DD09,SCA3_DD20,6,-0.17007444489815443
0.025,xyz,seed_median_curve_isotonic,curve_first,WT_DD09__TO__SCA3_DD24,WT_DD09,SCA3_DD24,6,-0.013293022331993032
0.025,xyz,seed_median_curve_isotonic,curve_first,WT_DD10__TO__SCA3_DD20,WT_DD10,SCA3_DD20,6,-0.2824992280023336
0.025,xyz,seed_median_curve_isotonic,curve_first,WT_DD10__TO__SCA3_DD24,WT_DD10,SCA3_DD24,6,-0.26783438285266703
0.025,xyz,seed_median_curve_isotonic,marker_first,WT_150130__TO__SCA3_DD20,WT_150130,SCA3_DD20,2,-0.043472397065544593
0.025,xyz,seed_median_curve_isotonic,marker_first,WT_150130__TO__SCA3_DD24,WT_150130,SCA3_DD24,2,0.04790840623408807
0.025,xyz,seed_median_curve_isotonic,marker_first,WT_150305__TO__SCA3_DD20,WT_150305,SCA3_DD20,2,-0.0847698016219339
0.025,xyz,seed_median_curve_isotonic,marker_first,WT_150305__TO__SCA3_DD24,WT_150305,SCA3_DD24,2,-0.18359565722346174
0.025,xyz,seed_median_curve_isotonic,marker_first,WT_DD09__TO__SCA3_DD20,WT_DD09,SCA3_DD20,6,-0.17687768484183347
0.025,xyz,seed_median_curve_isotonic,marker_first,WT_DD09__TO__SCA3_DD24,WT_DD09,SCA3_DD24,6,-0.02619056758554672
0.025,xyz,seed_median_curve_isotonic,marker_first,WT_DD10__TO__SCA3_DD20,WT_DD10,SCA3_DD20,6,-0.33842789867777323
0.025,xyz,seed_median_curve_isotonic,marker_first,WT_DD10__TO__SCA3_DD24,WT_DD10,SCA3_DD24,6,-0.20937583761368173
0.025,xyz,seed_median_curve_persistent,curve_first,WT_150130__TO__SCA3_DD20,WT_150130,SCA3_DD20,2,-0.00560221151931925
0.025,xyz,seed_median_curve_persistent,curve_first,WT_150130__TO__SCA3_DD24,WT_150130,SCA3_DD24,2,0.07259469599605772
0.025,xyz,seed_median_curve_persistent,curve_first,WT_150305__TO__SCA3_DD20,WT_150305,SCA3_DD20,2,-0.1487922294805472
0.025,xyz,seed_median_curve_persistent,curve_first,WT_150305__TO__SCA3_DD24,WT_150305,SCA3_DD24,2,-0.18330593940193385
0.025,xyz,seed_median_curve_persistent,curve_first,WT_DD09__TO__SCA3_DD20,WT_DD09,SCA3_DD20,6,-0.17007444489815443
0.025,xyz,seed_median_curve_persistent,curve_first,WT_DD09__TO__SCA3_DD24,WT_DD09,SCA3_DD24,6,-0.011266740088215377
0.025,xyz,seed_median_curve_persistent,curve_first,WT_DD10__TO__SCA3_DD20,WT_DD10,SCA3_DD20,6,-0.2824992280023336
0.025,xyz,seed_median_curve_persistent,curve_first,WT_DD10__TO__SCA3_DD24,WT_DD10,SCA3_DD24,6,-0.19855405309002694
0.025,xyz,seed_median_curve_persistent,marker_first,WT_150130__TO__SCA3_DD20,WT_150130,SCA3_DD20,2,-0.031089982536876448
0.025,xyz,seed_median_curve_persistent,marker_first,WT_150130__TO__SCA3_DD24,WT_150130,SCA3_DD24,2,0.0014319116045404257
0.025,xyz,seed_median_curve_persistent,marker_first,WT_150305__TO__SCA3_DD20,WT_150305,SCA3_DD20,2,-0.0847698016219339
0.025,xyz,seed_median_curve_persistent,marker_first,WT_150305__TO__SCA3_DD24,WT_150305,SCA3_DD24,2,-0.1655130102691448
0.025,xyz,seed_median_curve_persistent,marker_first,WT_DD09__TO__SCA3_DD20,WT_DD09,SCA3_DD20,6,-0.17687768484183347
0.025,xyz,seed_median_curve_persistent,marker_first,WT_DD09__TO__SCA3_DD24,WT_DD09,SCA3_DD24,6,-0.023981284384140933
0.025,xyz,seed_median_curve_persistent,marker_first,WT_DD10__TO__SCA3_DD20,WT_DD10,SCA3_DD20,6,-0.3295312449215312
0.025,xyz,seed_median_curve_persistent,marker_first,WT_DD10__TO__SCA3_DD24,WT_DD10,SCA3_DD24,6,-0.12805001686214484
0.025,z,median_seed_isotonic,curve_first,WT_150130__TO__SCA3_DD20,WT_150130,SCA3_DD20,2,0.026942658244974826
0.025,z,median_seed_isotonic,curve_first,WT_150130__TO__SCA3_DD24,WT_150130,SCA3_DD24,2,0.1186439774060278
0.025,z,median_seed_isotonic,curve_first,WT_150305__TO__SCA3_DD20,WT_150305,SCA3_DD20,2,-0.179023426565439
0.025,z,median_seed_isotonic,curve_first,WT_150305__TO__SCA3_DD24,WT_150305,SCA3_DD24,2,-0.19635471947331798
0.025,z,median_seed_isotonic,curve_first,WT_DD09__TO__SCA3_DD20,WT_DD09,SCA3_DD20,6,-0.16825609526900648
0.025,z,median_seed_isotonic,curve_first,WT_DD09__TO__SCA3_DD24,WT_DD09,SCA3_DD24,6,0.008782934200990175
0.025,z,median_seed_isotonic,curve_first,WT_DD10__TO__SCA3_DD20,WT_DD10,SCA3_DD20,6,-0.2298569077128457
0.025,z,median_seed_isotonic,curve_first,WT_DD10__TO__SCA3_DD24,WT_DD10,SCA3_DD24,6,-0.33575447976630657
0.025,z,median_seed_isotonic,marker_first,WT_150130__TO__SCA3_DD20,WT_150130,SCA3_DD20,2,0.01534785252816584
0.025,z,median_seed_isotonic,marker_first,WT_150130__TO__SCA3_DD24,WT_150130,SCA3_DD24,2,0.17677922026034928
0.025,z,median_seed_isotonic,marker_first,WT_150305__TO__SCA3_DD20,WT_150305,SCA3_DD20,2,-0.1570104317357595
0.025,z,median_seed_isotonic,marker_first,WT_150305__TO__SCA3_DD24,WT_150305,SCA3_DD24,2,-0.30580855472388324
0.025,z,median_seed_isotonic,marker_first,WT_DD09__TO__SCA3_DD20,WT_DD09,SCA3_DD20,6,-0.16019709628444567
0.025,z,median_seed_isotonic,marker_first,WT_DD09__TO__SCA3_DD24,WT_DD09,SCA3_DD24,6,0.008298750753689743
0.025,z,median_seed_isotonic,marker_first,WT_DD10__TO__SCA3_DD20,WT_DD10,SCA3_DD20,6,-0.313470104321834
0.025,z,median_seed_isotonic,marker_first,WT_DD10__TO__SCA3_DD24,WT_DD10,SCA3_DD24,6,-0.3024448501285496
0.025,z,q25_seed_isotonic,curve_first,WT_150130__TO__SCA3_DD20,WT_150130,SCA3_DD20,2,0.015711970439176826
0.025,z,q25_seed_isotonic,curve_first,WT_150130__TO__SCA3_DD24,WT_150130,SCA3_DD24,2,0.057089424893800506
0.025,z,q25_seed_isotonic,curve_first,WT_150305__TO__SCA3_DD20,WT_150305,SCA3_DD20,2,-0.18586982696045173
0.025,z,q25_seed_isotonic,curve_first,WT_150305__TO__SCA3_DD24,WT_150305,SCA3_DD24,2,-0.2705660243626881
0.025,z,q25_seed_isotonic,curve_first,WT_DD09__TO__SCA3_DD20,WT_DD09,SCA3_DD20,6,-0.16983186931717642
0.025,z,q25_seed_isotonic,curve_first,WT_DD09__TO__SCA3_DD24,WT_DD09,SCA3_DD24,6,-0.0712798716965361
0.025,z,q25_seed_isotonic,curve_first,WT_DD10__TO__SCA3_DD20,WT_DD10,SCA3_DD20,6,-0.25651055345367263
0.025,z,q25_seed_isotonic,curve_first,WT_DD10__TO__SCA3_DD24,WT_DD10,SCA3_DD24,6,-0.3879960129207686
0.025,z,q25_seed_isotonic,marker_first,WT_150130__TO__SCA3_DD20,WT_150130,SCA3_DD20,2,-0.023683679958245718
0.025,z,q25_seed_isotonic,marker_first,WT_150130__TO__SCA3_DD24,WT_150130,SCA3_DD24,2,-0.05271292368838021
0.025,z,q25_seed_isotonic,marker_first,WT_150305__TO__SCA3_DD20,WT_150305,SCA3_DD20,2,-0.1703729386270459
0.025,z,q25_seed_isotonic,marker_first,WT_150305__TO__SCA3_DD24,WT_150305,SCA3_DD24,2,-0.3516571525024972
0.025,z,q25_seed_isotonic,marker_first,WT_DD09__TO__SCA3_DD20,WT_DD09,SCA3_DD20,6,-0.1819599687573706
0.025,z,q25_seed_isotonic,marker_first,WT_DD09__TO__SCA3_DD24,WT_DD09,SCA3_DD24,6,-0.1165811088340421
0.025,z,q25_seed_isotonic,marker_first,WT_DD10__TO__SCA3_DD20,WT_DD10,SCA3_DD20,6,-0.39658662584765847
0.025,z,q25_seed_isotonic,marker_first,WT_DD10__TO__SCA3_DD24,WT_DD10,SCA3_DD24,6,-0.3975382356729195
0.025,z,q75_seed_isotonic,curve_first,WT_150130__TO__SCA3_DD20,WT_150130,SCA3_DD20,2,0.032044448729242725
0.025,z,q75_seed_isotonic,curve_first,WT_150130__TO__SCA3_DD24,WT_150130,SCA3_DD24,2,0.13139685559351783
0.025,z,q75_seed_isotonic,curve_first,WT_150305__TO__SCA3_DD20,WT_150305,SCA3_DD20,2,-0.16714750490540328
0.025,z,q75_seed_isotonic,curve_first,WT_150305__TO__SCA3_DD24,WT_150305,SCA3_DD24,2,-0.15976976507573687
0.025,z,q75_seed_isotonic,curve_first,WT_DD09__TO__SCA3_DD20,WT_DD09,SCA3_DD20,6,-0.15951567103233644
0.025,z,q75_seed_isotonic,curve_first,WT_DD09__TO__SCA3_DD24,WT_DD09,SCA3_DD24,6,0.018355215591723886
0.025,z,q75_seed_isotonic,curve_first,WT_DD10__TO__SCA3_DD20,WT_DD10,SCA3_DD20,6,-0.2142828108495311
0.025,z,q75_seed_isotonic,curve_first,WT_DD10__TO__SCA3_DD24,WT_DD10,SCA3_DD24,6,-0.1121504631664473
0.025,z,q75_seed_isotonic,marker_first,WT_150130__TO__SCA3_DD20,WT_150130,SCA3_DD20,2,0.06707265202176865
0.025,z,q75_seed_isotonic,marker_first,WT_150130__TO__SCA3_DD24,WT_150130,SCA3_DD24,2,0.26867236292696595
0.025,z,q75_seed_isotonic,marker_first,WT_150305__TO__SCA3_DD20,WT_150305,SCA3_DD20,2,-0.15044241906206138
0.025,z,q75_seed_isotonic,marker_first,WT_150305__TO__SCA3_DD24,WT_150305,SCA3_DD24,2,-0.19138669597252714
0.025,z,q75_seed_isotonic,marker_first,WT_DD09__TO__SCA3_DD20,WT_DD09,SCA3_DD20,6,-0.1518812245303116
0.025,z,q75_seed_isotonic,marker_first,WT_DD09__TO__SCA3_DD24,WT_DD09,SCA3_DD24,6,0.042759072815385754
0.025,z,q75_seed_isotonic,marker_first,WT_DD10__TO__SCA3_DD20,WT_DD10,SCA3_DD20,6,-0.27626777869706154
0.025,z,q75_seed_isotonic,marker_first,WT_DD10__TO__SCA3_DD24,WT_DD10,SCA3_DD24,6,-0.04863431446501937
0.025,z,seed_median_curve_first,curve_first,WT_150130__TO__SCA3_DD20,WT_150130,SCA3_DD20,2,0.02747736775566706
0.025,z,seed_median_curve_first,curve_first,WT_150130__TO__SCA3_DD24,WT_150130,SCA3_DD24,2,0.09880232714891041
0.025,z,seed_median_curve_first,curve_first,WT_150305__TO__SCA3_DD20,WT_150305,SCA3_DD20,2,-0.17901985616723665
0.025,z,seed_median_curve_first,curve_first,WT_150305__TO__SCA3_DD24,WT_150305,SCA3_DD24,2,-0.208345802968637
0.025,z,seed_median_curve_first,curve_first,WT_DD09__TO__SCA3_DD20,WT_DD09,SCA3_DD20,6,-0.16497080215965965
0.025,z,seed_median_curve_first,curve_first,WT_DD09__TO__SCA3_DD24,WT_DD09,SCA3_DD24,6,0.006829481794551187
0.025,z,seed_median_curve_first,curve_first,WT_DD10__TO__SCA3_DD20,WT_DD10,SCA3_DD20,6,-0.22698034299460093
0.025,z,seed_median_curve_first,curve_first,WT_DD10__TO__SCA3_DD24,WT_DD10,SCA3_DD24,6,-0.3478748993481119
0.025,z,seed_median_curve_first,marker_first,WT_150130__TO__SCA3_DD20,WT_150130,SCA3_DD20,2,-0.026757475178899287
0.025,z,seed_median_curve_first,marker_first,WT_150130__TO__SCA3_DD24,WT_150130,SCA3_DD24,2,-0.019100768012029534
0.025,z,seed_median_curve_first,marker_first,WT_150305__TO__SCA3_DD20,WT_150305,SCA3_DD20,2,-0.15729058869104118
0.025,z,seed_median_curve_first,marker_first,WT_150305__TO__SCA3_DD24,WT_150305,SCA3_DD24,2,-0.33491418323956446
0.025,z,seed_median_curve_first,marker_first,WT_DD09__TO__SCA3_DD20,WT_DD09,SCA3_DD20,6,-0.17314544556886186
0.025,z,seed_median_curve_first,marker_first,WT_DD09__TO__SCA3_DD24,WT_DD09,SCA3_DD24,6,-0.10190631563916658
0.025,z,seed_median_curve_first,marker_first,WT_DD10__TO__SCA3_DD20,WT_DD10,SCA3_DD20,6,-0.3831313830473658
0.025,z,seed_median_curve_first,marker_first,WT_DD10__TO__SCA3_DD24,WT_DD10,SCA3_DD24,6,-0.31349286765087503
0.025,z,seed_median_curve_isotonic,curve_first,WT_150130__TO__SCA3_DD20,WT_150130,SCA3_DD20,2,0.02747736775566706
0.025,z,seed_median_curve_isotonic,curve_first,WT_150130__TO__SCA3_DD24,WT_150130,SCA3_DD24,2,0.09953958765860571
0.025,z,seed_median_curve_isotonic,curve_first,WT_150305__TO__SCA3_DD20,WT_150305,SCA3_DD20,2,-0.17901985616723665
0.025,z,seed_median_curve_isotonic,curve_first,WT_150305__TO__SCA3_DD24,WT_150305,SCA3_DD24,2,-0.208345802968637
0.025,z,seed_median_curve_isotonic,curve_first,WT_DD09__TO__SCA3_DD20,WT_DD09,SCA3_DD20,6,-0.16497080215965965
0.025,z,seed_median_curve_isotonic,curve_first,WT_DD09__TO__SCA3_DD24,WT_DD09,SCA3_DD24,6,0.006829481794551187
0.025,z,seed_median_curve_isotonic,curve_first,WT_DD10__TO__SCA3_DD20,WT_DD10,SCA3_DD20,6,-0.22698034299460093
0.025,z,seed_median_curve_isotonic,curve_first,WT_DD10__TO__SCA3_DD24,WT_DD10,SCA3_DD24,6,-0.3187780911088764
0.025,z,seed_median_curve_isotonic,marker_first,WT_150130__TO__SCA3_DD20,WT_150130,SCA3_DD20,2,0.014431098131858
0.025,z,seed_median_curve_isotonic,marker_first,WT_150130__TO__SCA3_DD24,WT_150130,SCA3_DD24,2,0.16194233037808206
0.025,z,seed_median_curve_isotonic,marker_first,WT_150305__TO__SCA3_DD20,WT_150305,SCA3_DD20,2,-0.15729058869104118
0.025,z,seed_median_curve_isotonic,marker_first,WT_150305__TO__SCA3_DD24,WT_150305,SCA3_DD24,2,-0.27119460073752405
0.025,z,seed_median_curve_isotonic,marker_first,WT_DD09__TO__SCA3_DD20,WT_DD09,SCA3_DD20,6,-0.1657956183847083
0.025,z,seed_median_curve_isotonic,marker_first,WT_DD09__TO__SCA3_DD24,WT_DD09,SCA3_DD24,6,0.03060322690386935
0.025,z,seed_median_curve_isotonic,marker_first,WT_DD10__TO__SCA3_DD20,WT_DD10,SCA3_DD20,6,-0.3269356165679672
0.025,z,seed_median_curve_isotonic,marker_first,WT_DD10__TO__SCA3_DD24,WT_DD10,SCA3_DD24,6,-0.2769399723814373
0.025,z,seed_median_curve_persistent,curve_first,WT_150130__TO__SCA3_DD20,WT_150130,SCA3_DD20,2,0.02747736775566706
0.025,z,seed_median_curve_persistent,curve_first,WT_150130__TO__SCA3_DD24,WT_150130,SCA3_DD24,2,0.09880232714891041
0.025,z,seed_median_curve_persistent,curve_first,WT_150305__TO__SCA3_DD20,WT_150305,SCA3_DD20,2,-0.17901985616723665
0.025,z,seed_median_curve_persistent,curve_first,WT_150305__TO__SCA3_DD24,WT_150305,SCA3_DD24,2,-0.208345802968637
0.025,z,seed_median_curve_persistent,curve_first,WT_DD09__TO__SCA3_DD20,WT_DD09,SCA3_DD20,6,-0.16497080215965965
0.025,z,seed_median_curve_persistent,curve_first,WT_DD09__TO__SCA3_DD24,WT_DD09,SCA3_DD24,6,0.006829481794551187
0.025,z,seed_median_curve_persistent,curve_first,WT_DD10__TO__SCA3_DD20,WT_DD10,SCA3_DD20,6,-0.22698034299460093
0.025,z,seed_median_curve_persistent,curve_first,WT_DD10__TO__SCA3_DD24,WT_DD10,SCA3_DD24,6,-0.3025510441339112
0.025,z,seed_median_curve_persistent,marker_first,WT_150130__TO__SCA3_DD20,WT_150130,SCA3_DD20,2,0.014431098131858
0.025,z,seed_median_curve_persistent,marker_first,WT_150130__TO__SCA3_DD24,WT_150130,SCA3_DD24,2,0.09174537203976077
0.025,z,seed_median_curve_persistent,marker_first,WT_150305__TO__SCA3_DD20,WT_150305,SCA3_DD20,2,-0.15729058869104118
0.025,z,seed_median_curve_persistent,marker_first,WT_150305__TO__SCA3_DD24,WT_150305,SCA3_DD24,2,-0.2662469875821107
0.025,z,seed_median_curve_persistent,marker_first,WT_DD09__TO__SCA3_DD20,WT_DD09,SCA3_DD20,6,-0.17314544556886186
0.025,z,seed_median_curve_persistent,marker_first,WT_DD09__TO__SCA3_DD24,WT_DD09,SCA3_DD24,6,0.03213996477475001
0.025,z,seed_median_curve_persistent,marker_first,WT_DD10__TO__SCA3_DD20,WT_DD10,SCA3_DD20,6,-0.3232503949161636
0.025,z,seed_median_curve_persistent,marker_first,WT_DD10__TO__SCA3_DD24,WT_DD10,SCA3_DD24,6,-0.26817726898520045
0.05,xy,median_seed_isotonic,curve_first,WT_150130__TO__SCA3_DD20,WT_150130,SCA3_DD20,2,-0.13209538646963456
0.05,xy,median_seed_isotonic,curve_first,WT_150130__TO__SCA3_DD24,WT_150130,SCA3_DD24,2,-0.1308090121175132
0.05,xy,median_seed_isotonic,curve_first,WT_150305__TO__SCA3_DD20,WT_150305,SCA3_DD20,2,-0.14449039481160408
0.05,xy,median_seed_isotonic,curve_first,WT_150305__TO__SCA3_DD24,WT_150305,SCA3_DD24,2,-0.3544188327817912
0.05,xy,median_seed_isotonic,curve_first,WT_DD09__TO__SCA3_DD20,WT_DD09,SCA3_DD20,6,-0.14345204450979848
0.05,xy,median_seed_isotonic,curve_first,WT_DD09__TO__SCA3_DD24,WT_DD09,SCA3_DD24,6,-0.10060877996210979
0.05,xy,median_seed_isotonic,curve_first,WT_DD10__TO__SCA3_DD20,WT_DD10,SCA3_DD20,6,-0.1773624165884591
0.05,xy,median_seed_isotonic,curve_first,WT_DD10__TO__SCA3_DD24,WT_DD10,SCA3_DD24,6,-0.23978964162088817
0.05,xy,median_seed_isotonic,marker_first,WT_150130__TO__SCA3_DD20,WT_150130,SCA3_DD20,2,-0.0538064106994009
0.05,xy,median_seed_isotonic,marker_first,WT_150130__TO__SCA3_DD24,WT_150130,SCA3_DD24,2,-0.04300538073592605
0.05,xy,median_seed_isotonic,marker_first,WT_150305__TO__SCA3_DD20,WT_150305,SCA3_DD20,2,-0.050752792316376694
0.05,xy,median_seed_isotonic,marker_first,WT_150305__TO__SCA3_DD24,WT_150305,SCA3_DD24,2,-0.15916679993846822
0.05,xy,median_seed_isotonic,marker_first,WT_DD09__TO__SCA3_DD20,WT_DD09,SCA3_DD20,6,-0.02070257823351568
0.05,xy,median_seed_isotonic,marker_first,WT_DD09__TO__SCA3_DD24,WT_DD09,SCA3_DD24,6,-0.08392983360082124
0.05,xy,median_seed_isotonic,marker_first,WT_DD10__TO__SCA3_DD20,WT_DD10,SCA3_DD20,6,-0.07456054524302391
0.05,xy,median_seed_isotonic,marker_first,WT_DD10__TO__SCA3_DD24,WT_DD10,SCA3_DD24,6,-0.22360661926082528
0.05,xy,q25_seed_isotonic,curve_first,WT_150130__TO__SCA3_DD20,WT_150130,SCA3_DD20,2,-0.14251903525073456
0.05,xy,q25_seed_isotonic,curve_first,WT_150130__TO__SCA3_DD24,WT_150130,SCA3_DD24,2,-0.1765651733952847
0.05,xy,q25_seed_isotonic,curve_first,WT_150305__TO__SCA3_DD20,WT_150305,SCA3_DD20,2,-0.15321366302144315
0.05,xy,q25_seed_isotonic,curve_first,WT_150305__TO__SCA3_DD24,WT_150305,SCA3_DD24,2,-0.37253423281073617
0.05,xy,q25_seed_isotonic,curve_first,WT_DD09__TO__SCA3_DD20,WT_DD09,SCA3_DD20,6,-0.1454998485138948
0.05,xy,q25_seed_isotonic,curve_first,WT_DD09__TO__SCA3_DD24,WT_DD09,SCA3_DD24,6,-0.18094382174597634
0.05,xy,q25_seed_isotonic,curve_first,WT_DD10__TO__SCA3_DD20,WT_DD10,SCA3_DD20,6,-0.26591583095922244
0.05,xy,q25_seed_isotonic,curve_first,WT_DD10__TO__SCA3_DD24,WT_DD10,SCA3_DD24,6,-0.30433137689812895
0.05,xy,q25_seed_isotonic,marker_first,WT_150130__TO__SCA3_DD20,WT_150130,SCA3_DD20,2,-0.09322498537999807
0.05,xy,q25_seed_isotonic,marker_first,WT_150130__TO__SCA3_DD24,WT_150130,SCA3_DD24,2,-0.17922123102959808
0.05,xy,q25_seed_isotonic,marker_first,WT_150305__TO__SCA3_DD20,WT_150305,SCA3_DD20,2,-0.0636854955127418
0.05,xy,q25_seed_isotonic,marker_first,WT_150305__TO__SCA3_DD24,WT_150305,SCA3_DD24,2,-0.20467678369750994
0.05,xy,q25_seed_isotonic,marker_first,WT_DD09__TO__SCA3_DD20,WT_DD09,SCA3_DD20,6,-0.06443643277315808
0.05,xy,q25_seed_isotonic,marker_first,WT_DD09__TO__SCA3_DD24,WT_DD09,SCA3_DD24,6,-0.13752699464696494
0.05,xy,q25_seed_isotonic,marker_first,WT_DD10__TO__SCA3_DD20,WT_DD10,SCA3_DD20,6,-0.1707799175075361
0.05,xy,q25_seed_isotonic,marker_first,WT_DD10__TO__SCA3_DD24,WT_DD10,SCA3_DD24,6,-0.26988524768038147
0.05,xy,q75_seed_isotonic,curve_first,WT_150130__TO__SCA3_DD20,WT_150130,SCA3_DD20,2,-0.1258273099602707
0.05,xy,q75_seed_isotonic,curve_first,WT_150130__TO__SCA3_DD24,WT_150130,SCA3_DD24,2,-0.10912706782409984
0.05,xy,q75_seed_isotonic,curve_first,WT_150305__TO__SCA3_DD20,WT_150305,SCA3_DD20,2,-0.13879333296513038
0.05,xy,q75_seed_isotonic,curve_first,WT_150305__TO__SCA3_DD24,WT_150305,SCA3_DD24,2,-0.3300185298779461
0.05,xy,q75_seed_isotonic,curve_first,WT_DD09__TO__SCA3_DD20,WT_DD09,SCA3_DD20,6,-0.13521134801352414
0.05,xy,q75_seed_isotonic,curve_first,WT_DD09__TO__SCA3_DD24,WT_DD09,SCA3_DD24,6,-0.02881163183497086
0.05,xy,q75_seed_isotonic,curve_first,WT_DD10__TO__SCA3_DD20,WT_DD10,SCA3_DD20,6,-0.16772880901996534
0.05,xy,q75_seed_isotonic,curve_first,WT_DD10__TO__SCA3_DD24,WT_DD10,SCA3_DD24,6,-0.1801779629656009
0.05,xy,q75_seed_isotonic,marker_first,WT_150130__TO__SCA3_DD20,WT_150130,SCA3_DD20,2,-0.004403942012894929
0.05,xy,q75_seed_isotonic,marker_first,WT_150130__TO__SCA3_DD24,WT_150130,SCA3_DD24,2,0.05045288999791128
0.05,xy,q75_seed_isotonic,marker_first,WT_150305__TO__SCA3_DD20,WT_150305,SCA3_DD20,2,-0.01717924300054119
0.05,xy,q75_seed_isotonic,marker_first,WT_150305__TO__SCA3_DD24,WT_150305,SCA3_DD24,2,-0.1389020722879461
0.05,xy,q75_seed_isotonic,marker_first,WT_DD09__TO__SCA3_DD20,WT_DD09,SCA3_DD20,6,-0.01183227540447404
0.05,xy,q75_seed_isotonic,marker_first,WT_DD09__TO__SCA3_DD24,WT_DD09,SCA3_DD24,6,0.019422449230767552
0.05,xy,q75_seed_isotonic,marker_first,WT_DD10__TO__SCA3_DD20,WT_DD10,SCA3_DD20,6,-0.04279595541108727
0.05,xy,q75_seed_isotonic,marker_first,WT_DD10__TO__SCA3_DD24,WT_DD10,SCA3_DD24,6,-0.11057614939186741
0.05,xy,seed_median_curve_first,curve_first,WT_150130__TO__SCA3_DD20,WT_150130,SCA3_DD20,2,-0.13512494816956683
0.05,xy,seed_median_curve_first,curve_first,WT_150130__TO__SCA3_DD24,WT_150130,SCA3_DD24,2,-0.1614902144322379
0.05,xy,seed_median_curve_first,curve_first,WT_150305__TO__SCA3_DD20,WT_150305,SCA3_DD20,2,-0.1442355714156679
0.05,xy,seed_median_curve_first,curve_first,WT_150305__TO__SCA3_DD24,WT_150305,SCA3_DD24,2,-0.3556695696806834
0.05,xy,seed_median_curve_first,curve_first,WT_DD09__TO__SCA3_DD20,WT_DD09,SCA3_DD20,6,-0.1408497061676252
0.05,xy,seed_median_curve_first,curve_first,WT_DD09__TO__SCA3_DD24,WT_DD09,SCA3_DD24,6,-0.10136669131286034
0.05,xy,seed_median_curve_first,curve_first,WT_DD10__TO__SCA3_DD20,WT_DD10,SCA3_DD20,6,-0.17712087786362957
0.05,xy,seed_median_curve_first,curve_first,WT_DD10__TO__SCA3_DD24,WT_DD10,SCA3_DD24,6,-0.329475924103494
0.05,xy,seed_median_curve_first,marker_first,WT_150130__TO__SCA3_DD20,WT_150130,SCA3_DD20,2,-0.06316891835663913
0.05,xy,seed_median_curve_first,marker_first,WT_150130__TO__SCA3_DD24,WT_150130,SCA3_DD24,2,-0.08742333868522476
0.05,xy,seed_median_curve_first,marker_first,WT_150305__TO__SCA3_DD20,WT_150305,SCA3_DD20,2,-0.05030704395075053
0.05,xy,seed_median_curve_first,marker_first,WT_150305__TO__SCA3_DD24,WT_150305,SCA3_DD24,2,-0.15789989322860776
0.05,xy,seed_median_curve_first,marker_first,WT_DD09__TO__SCA3_DD20,WT_DD09,SCA3_DD20,6,-0.022236979530837364
0.05,xy,seed_median_curve_first,marker_first,WT_DD09__TO__SCA3_DD24,WT_DD09,SCA3_DD24,6,-0.15568361366868524
0.05,xy,seed_median_curve_first,marker_first,WT_DD10__TO__SCA3_DD20,WT_DD10,SCA3_DD20,6,-0.15931661101157268
0.05,xy,seed_median_curve_first,marker_first,WT_DD10__TO__SCA3_DD24,WT_DD10,SCA3_DD24,6,-0.260631573573092
0.05,xy,seed_median_curve_isotonic,curve_first,WT_150130__TO__SCA3_DD20,WT_150130,SCA3_DD20,2,-0.13512494816956683
0.05,xy,seed_median_curve_isotonic,curve_first,WT_150130__TO__SCA3_DD24,WT_150130,SCA3_DD24,2,-0.12879473677819164
0.05,xy,seed_median_curve_isotonic,curve_first,WT_150305__TO__SCA3_DD20,WT_150305,SCA3_DD20,2,-0.1442355714156679
0.05,xy,seed_median_curve_isotonic,curve_first,WT_150305__TO__SCA3_DD24,WT_150305,SCA3_DD24,2,-0.3556695696806834
0.05,xy,seed_median_curve_isotonic,curve_first,WT_DD09__TO__SCA3_DD20,WT_DD09,SCA3_DD20,6,-0.1408497061676252
0.05,xy,seed_median_curve_isotonic,curve_first,WT_DD09__TO__SCA3_DD24,WT_DD09,SCA3_DD24,6,-0.10136669131286034
0.05,xy,seed_median_curve_isotonic,curve_first,WT_DD10__TO__SCA3_DD20,WT_DD10,SCA3_DD20,6,-0.17712087786362957
0.05,xy,seed_median_curve_isotonic,curve_first,WT_DD10__TO__SCA3_DD24,WT_DD10,SCA3_DD24,6,-0.14454153815241783
0.05,xy,seed_median_curve_isotonic,marker_first,WT_150130__TO__SCA3_DD20,WT_150130,SCA3_DD20,2,-0.0396791334041556
0.05,xy,seed_median_curve_isotonic,marker_first,WT_150130__TO__SCA3_DD24,WT_150130,SCA3_DD24,2,-0.044540376906546886
0.05,xy,seed_median_curve_isotonic,marker_first,WT_150305__TO__SCA3_DD20,WT_150305,SCA3_DD20,2,-0.04884385532241037
0.05,xy,seed_median_curve_isotonic,marker_first,WT_150305__TO__SCA3_DD24,WT_150305,SCA3_DD24,2,-0.15789989322860776
0.05,xy,seed_median_curve_isotonic,marker_first,WT_DD09__TO__SCA3_DD20,WT_DD09,SCA3_DD20,6,-0.022236979530837364
0.05,xy,seed_median_curve_isotonic,marker_first,WT_DD09__TO__SCA3_DD24,WT_DD09,SCA3_DD24,6,-0.06513267836946757
0.05,xy,seed_median_curve_isotonic,marker_first,WT_DD10__TO__SCA3_DD20,WT_DD10,SCA3_DD20,6,-0.08665316995296071
0.05,xy,seed_median_curve_isotonic,marker_first,WT_DD10__TO__SCA3_DD24,WT_DD10,SCA3_DD24,6,-0.1373851330882352
0.05,xy,seed_median_curve_persistent,curve_first,WT_150130__TO__SCA3_DD20,WT_150130,SCA3_DD20,2,-0.13512494816956683
0.05,xy,seed_median_curve_persistent,curve_first,WT_150130__TO__SCA3_DD24,WT_150130,SCA3_DD24,2,-0.09025619734722126
0.05,xy,seed_median_curve_persistent,curve_first,WT_150305__TO__SCA3_DD20,WT_150305,SCA3_DD20,2,-0.1442355714156679
0.05,xy,seed_median_curve_persistent,curve_first,WT_150305__TO__SCA3_DD24,WT_150305,SCA3_DD24,2,-0.3556695696806834
0.05,xy,seed_median_curve_persistent,curve_first,WT_DD09__TO__SCA3_DD20,WT_DD09,SCA3_DD20,6,-0.1408497061676252
0.05,xy,seed_median_curve_persistent,curve_first,WT_DD09__TO__SCA3_DD24,WT_DD09,SCA3_DD24,6,-0.09973014503564319
0.05,xy,seed_median_curve_persistent,curve_first,WT_DD10__TO__SCA3_DD20,WT_DD10,SCA3_DD20,6,-0.17712087786362957
0.05,xy,seed_median_curve_persistent,curve_first,WT_DD10__TO__SCA3_DD24,WT_DD10,SCA3_DD24,6,-0.11819909808840659
0.05,xy,seed_median_curve_persistent,marker_first,WT_150130__TO__SCA3_DD20,WT_150130,SCA3_DD20,2,-0.03449458525882118
0.05,xy,seed_median_curve_persistent,marker_first,WT_150130__TO__SCA3_DD24,WT_150130,SCA3_DD24,2,-0.04146420195609568
0.05,xy,seed_median_curve_persistent,marker_first,WT_150305__TO__SCA3_DD20,WT_150305,SCA3_DD20,2,-0.040553929715825277
0.05,xy,seed_median_curve_persistent,marker_first,WT_150305__TO__SCA3_DD24,WT_150305,SCA3_DD24,2,-0.15789989322860776
0.05,xy,seed_median_curve_persistent,marker_first,WT_DD09__TO__SCA3_DD20,WT_DD09,SCA3_DD20,6,-0.022236979530837364
0.05,xy,seed_median_curve_persistent,marker_first,WT_DD09__TO__SCA3_DD24,WT_DD09,SCA3_DD24,6,-0.10420919142338886
0.05,xy,seed_median_curve_persistent,marker_first,WT_DD10__TO__SCA3_DD20,WT_DD10,SCA3_DD20,6,-0.0864972092503549
0.05,xy,seed_median_curve_persistent,marker_first,WT_DD10__TO__SCA3_DD24,WT_DD10,SCA3_DD24,6,-0.11454012165446129
0.05,xyz,median_seed_isotonic,curve_first,WT_150130__TO__SCA3_DD20,WT_150130,SCA3_DD20,2,-0.004497435412299716
0.05,xyz,median_seed_isotonic,curve_first,WT_150130__TO__SCA3_DD24,WT_150130,SCA3_DD24,2,0.08478656222247682
0.05,xyz,median_seed_isotonic,curve_first,WT_150305__TO__SCA3_DD20,WT_150305,SCA3_DD20,2,-0.1384860448077973
0.05,xyz,median_seed_isotonic,curve_first,WT_150305__TO__SCA3_DD24,WT_150305,SCA3_DD24,2,-0.1639036247619575
0.05,xyz,median_seed_isotonic,curve_first,WT_DD09__TO__SCA3_DD20,WT_DD09,SCA3_DD20,6,-0.1675924128793448
0.05,xyz,median_seed_isotonic,curve_first,WT_DD09__TO__SCA3_DD24,WT_DD09,SCA3_DD24,6,-0.009043820013325654
0.05,xyz,median_seed_isotonic,curve_first,WT_DD10__TO__SCA3_DD20,WT_DD10,SCA3_DD20,6,-0.2822758711991707
0.05,xyz,median_seed_isotonic,curve_first,WT_DD10__TO__SCA3_DD24,WT_DD10,SCA3_DD24,6,-0.22683690517294006
0.05,xyz,median_seed_isotonic,marker_first,WT_150130__TO__SCA3_DD20,WT_150130,SCA3_DD20,2,-0.030567200059776117
0.05,xyz,median_seed_isotonic,marker_first,WT_150130__TO__SCA3_DD24,WT_150130,SCA3_DD24,2,0.05937969817243105
0.05,xyz,median_seed_isotonic,marker_first,WT_150305__TO__SCA3_DD20,WT_150305,SCA3_DD20,2,-0.08098359430838381
0.05,xyz,median_seed_isotonic,marker_first,WT_150305__TO__SCA3_DD24,WT_150305,SCA3_DD24,2,-0.19091203012289568
0.05,xyz,median_seed_isotonic,marker_first,WT_DD09__TO__SCA3_DD20,WT_DD09,SCA3_DD20,6,-0.18304994970605407
0.05,xyz,median_seed_isotonic,marker_first,WT_DD09__TO__SCA3_DD24,WT_DD09,SCA3_DD24,6,-0.021564530103826585
0.05,xyz,median_seed_isotonic,marker_first,WT_DD10__TO__SCA3_DD20,WT_DD10,SCA3_DD20,6,-0.3360883657466136
0.05,xyz,median_seed_isotonic,marker_first,WT_DD10__TO__SCA3_DD24,WT_DD10,SCA3_DD24,6,-0.24448453737028453
0.05,xyz,q25_seed_isotonic,curve_first,WT_150130__TO__SCA3_DD20,WT_150130,SCA3_DD20,2,-0.005534061464885831
0.05,xyz,q25_seed_isotonic,curve_first,WT_150130__TO__SCA3_DD24,WT_150130,SCA3_DD24,2,0.029374984348405492
0.05,xyz,q25_seed_isotonic,curve_first,WT_150305__TO__SCA3_DD20,WT_150305,SCA3_DD20,2,-0.1486765900219445
0.05,xyz,q25_seed_isotonic,curve_first,WT_150305__TO__SCA3_DD24,WT_150305,SCA3_DD24,2,-0.17608372708985495
0.05,xyz,q25_seed_isotonic,curve_first,WT_DD09__TO__SCA3_DD20,WT_DD09,SCA3_DD20,6,-0.17483147171684443
0.05,xyz,q25_seed_isotonic,curve_first,WT_DD09__TO__SCA3_DD24,WT_DD09,SCA3_DD24,6,-0.07109505969811131
0.05,xyz,q25_seed_isotonic,curve_first,WT_DD10__TO__SCA3_DD20,WT_DD10,SCA3_DD20,6,-0.301222139063205
0.05,xyz,q25_seed_isotonic,curve_first,WT_DD10__TO__SCA3_DD24,WT_DD10,SCA3_DD24,6,-0.3614981100214998
0.05,xyz,q25_seed_isotonic,marker_first,WT_150130__TO__SCA3_DD20,WT_150130,SCA3_DD20,2,-0.05221939288580721
0.05,xyz,q25_seed_isotonic,marker_first,WT_150130__TO__SCA3_DD24,WT_150130,SCA3_DD24,2,-0.12307454717429042
0.05,xyz,q25_seed_isotonic,marker_first,WT_150305__TO__SCA3_DD20,WT_150305,SCA3_DD20,2,-0.1420399726427376
0.05,xyz,q25_seed_isotonic,marker_first,WT_150305__TO__SCA3_DD24,WT_150305,SCA3_DD24,2,-0.2536197116611968
0.05,xyz,q25_seed_isotonic,marker_first,WT_DD09__TO__SCA3_DD20,WT_DD09,SCA3_DD20,6,-0.18869591318358853
0.05,xyz,q25_seed_isotonic,marker_first,WT_DD09__TO__SCA3_DD24,WT_DD09,SCA3_DD24,6,-0.08517495051323876
0.05,xyz,q25_seed_isotonic,marker_first,WT_DD10__TO__SCA3_DD20,WT_DD10,SCA3_DD20,6,-0.37357697413790275
0.05,xyz,q25_seed_isotonic,marker_first,WT_DD10__TO__SCA3_DD24,WT_DD10,SCA3_DD24,6,-0.38053526426743345
0.05,xyz,q75_seed_isotonic,curve_first,WT_150130__TO__SCA3_DD20,WT_150130,SCA3_DD20,2,0.00914676957176741
0.05,xyz,q75_seed_isotonic,curve_first,WT_150130__TO__SCA3_DD24,WT_150130,SCA3_DD24,2,0.09471748261078614
0.05,xyz,q75_seed_isotonic,curve_first,WT_150305__TO__SCA3_DD20,WT_150305,SCA3_DD20,2,-0.13191468901521053
0.05,xyz,q75_seed_isotonic,curve_first,WT_150305__TO__SCA3_DD24,WT_150305,SCA3_DD24,2,-0.1489000754875984
0.05,xyz,q75_seed_isotonic,curve_first,WT_DD09__TO__SCA3_DD20,WT_DD09,SCA3_DD20,6,-0.1645925395607455
0.05,xyz,q75_seed_isotonic,curve_first,WT_DD09__TO__SCA3_DD24,WT_DD09,SCA3_DD24,6,0.06744911743121496
0.05,xyz,q75_seed_isotonic,curve_first,WT_DD10__TO__SCA3_DD20,WT_DD10,SCA3_DD20,6,-0.274184307012272
0.05,xyz,q75_seed_isotonic,curve_first,WT_DD10__TO__SCA3_DD24,WT_DD10,SCA3_DD24,6,-0.1458979007549772
0.05,xyz,q75_seed_isotonic,marker_first,WT_150130__TO__SCA3_DD20,WT_150130,SCA3_DD20,2,0.013853893599266781
0.05,xyz,q75_seed_isotonic,marker_first,WT_150130__TO__SCA3_DD24,WT_150130,SCA3_DD24,2,0.09954874155467305
0.05,xyz,q75_seed_isotonic,marker_first,WT_150305__TO__SCA3_DD20,WT_150305,SCA3_DD20,2,-0.06542552249041417
0.05,xyz,q75_seed_isotonic,marker_first,WT_150305__TO__SCA3_DD24,WT_150305,SCA3_DD24,2,-0.16061390761742714
0.05,xyz,q75_seed_isotonic,marker_first,WT_DD09__TO__SCA3_DD20,WT_DD09,SCA3_DD20,6,-0.1711879792155817
0.05,xyz,q75_seed_isotonic,marker_first,WT_DD09__TO__SCA3_DD24,WT_DD09,SCA3_DD24,6,0.055149338070753895
0.05,xyz,q75_seed_isotonic,marker_first,WT_DD10__TO__SCA3_DD20,WT_DD10,SCA3_DD20,6,-0.3024824822115004
0.05,xyz,q75_seed_isotonic,marker_first,WT_DD10__TO__SCA3_DD24,WT_DD10,SCA3_DD24,6,-0.03683506892530819
0.05,xyz,seed_median_curve_first,curve_first,WT_150130__TO__SCA3_DD20,WT_150130,SCA3_DD20,2,-0.001953187302331655
0.05,xyz,seed_median_curve_first,curve_first,WT_150130__TO__SCA3_DD24,WT_150130,SCA3_DD24,2,0.05654168427607334
0.05,xyz,seed_median_curve_first,curve_first,WT_150305__TO__SCA3_DD20,WT_150305,SCA3_DD20,2,-0.1384860448077973
0.05,xyz,seed_median_curve_first,curve_first,WT_150305__TO__SCA3_DD24,WT_150305,SCA3_DD24,2,-0.16365277215541743
0.05,xyz,seed_median_curve_first,curve_first,WT_DD09__TO__SCA3_DD20,WT_DD09,SCA3_DD20,6,-0.16831285830364856
0.05,xyz,seed_median_curve_first,curve_first,WT_DD09__TO__SCA3_DD24,WT_DD09,SCA3_DD24,6,-0.01147601480747612
0.05,xyz,seed_median_curve_first,curve_first,WT_DD10__TO__SCA3_DD20,WT_DD10,SCA3_DD20,6,-0.2815556172422262
0.05,xyz,seed_median_curve_first,curve_first,WT_DD10__TO__SCA3_DD24,WT_DD10,SCA3_DD24,6,-0.2996429668379639
0.05,xyz,seed_median_curve_first,marker_first,WT_150130__TO__SCA3_DD20,WT_150130,SCA3_DD20,2,-0.047109533562612244
0.05,xyz,seed_median_curve_first,marker_first,WT_150130__TO__SCA3_DD24,WT_150130,SCA3_DD24,2,0.025718235660322775
0.05,xyz,seed_median_curve_first,marker_first,WT_150305__TO__SCA3_DD20,WT_150305,SCA3_DD20,2,-0.08098359430838381
0.05,xyz,seed_median_curve_first,marker_first,WT_150305__TO__SCA3_DD24,WT_150305,SCA3_DD24,2,-0.1917639812263743
0.05,xyz,seed_median_curve_first,marker_first,WT_DD09__TO__SCA3_DD20,WT_DD09,SCA3_DD20,6,-0.18478056167757076
0.05,xyz,seed_median_curve_first,marker_first,WT_DD09__TO__SCA3_DD24,WT_DD09,SCA3_DD24,6,-0.02305848301083352
0.05,xyz,seed_median_curve_first,marker_first,WT_DD10__TO__SCA3_DD20,WT_DD10,SCA3_DD20,6,-0.39330054383422064
0.05,xyz,seed_median_curve_first,marker_first,WT_DD10__TO__SCA3_DD24,WT_DD10,SCA3_DD24,6,-0.33773921840282334
0.05,xyz,seed_median_curve_isotonic,curve_first,WT_150130__TO__SCA3_DD20,WT_150130,SCA3_DD20,2,-0.001953187302331655
0.05,xyz,seed_median_curve_isotonic,curve_first,WT_150130__TO__SCA3_DD24,WT_150130,SCA3_DD24,2,0.0826993016454248
0.05,xyz,seed_median_curve_isotonic,curve_first,WT_150305__TO__SCA3_DD20,WT_150305,SCA3_DD20,2,-0.1384860448077973
0.05,xyz,seed_median_curve_isotonic,curve_first,WT_150305__TO__SCA3_DD24,WT_150305,SCA3_DD24,2,-0.16437596424212034
0.05,xyz,seed_median_curve_isotonic,curve_first,WT_DD09__TO__SCA3_DD20,WT_DD09,SCA3_DD20,6,-0.16831285830364856
0.05,xyz,seed_median_curve_isotonic,curve_first,WT_DD09__TO__SCA3_DD24,WT_DD09,SCA3_DD24,6,-0.011019854743871293
0.05,xyz,seed_median_curve_isotonic,curve_first,WT_DD10__TO__SCA3_DD20,WT_DD10,SCA3_DD20,6,-0.2815556172422262
0.05,xyz,seed_median_curve_isotonic,curve_first,WT_DD10__TO__SCA3_DD24,WT_DD10,SCA3_DD24,6,-0.2726716208790605
0.05,xyz,seed_median_curve_isotonic,marker_first,WT_150130__TO__SCA3_DD20,WT_150130,SCA3_DD20,2,-0.035804845744718705
0.05,xyz,seed_median_curve_isotonic,marker_first,WT_150130__TO__SCA3_DD24,WT_150130,SCA3_DD24,2,0.07242971102205359
0.05,xyz,seed_median_curve_isotonic,marker_first,WT_150305__TO__SCA3_DD20,WT_150305,SCA3_DD20,2,-0.08098359430838381
0.05,xyz,seed_median_curve_isotonic,marker_first,WT_150305__TO__SCA3_DD24,WT_150305,SCA3_DD24,2,-0.17787444249120293
0.05,xyz,seed_median_curve_isotonic,marker_first,WT_DD09__TO__SCA3_DD20,WT_DD09,SCA3_DD20,6,-0.18253258635335493
0.05,xyz,seed_median_curve_isotonic,marker_first,WT_DD09__TO__SCA3_DD24,WT_DD09,SCA3_DD24,6,-0.022402851621809328
0.05,xyz,seed_median_curve_isotonic,marker_first,WT_DD10__TO__SCA3_DD20,WT_DD10,SCA3_DD20,6,-0.33816354442013874
0.05,xyz,seed_median_curve_isotonic,marker_first,WT_DD10__TO__SCA3_DD24,WT_DD10,SCA3_DD24,6,-0.2087104698031454
0.05,xyz,seed_median_curve_persistent,curve_first,WT_150130__TO__SCA3_DD20,WT_150130,SCA3_DD20,2,-0.001953187302331655
0.05,xyz,seed_median_curve_persistent,curve_first,WT_150130__TO__SCA3_DD24,WT_150130,SCA3_DD24,2,0.08630240123713703
0.05,xyz,seed_median_curve_persistent,curve_first,WT_150305__TO__SCA3_DD20,WT_150305,SCA3_DD20,2,-0.1384860448077973
0.05,xyz,seed_median_curve_persistent,curve_first,WT_150305__TO__SCA3_DD24,WT_150305,SCA3_DD24,2,-0.16365277215541743
0.05,xyz,seed_median_curve_persistent,curve_first,WT_DD09__TO__SCA3_DD20,WT_DD09,SCA3_DD20,6,-0.16831285830364856
0.05,xyz,seed_median_curve_persistent,curve_first,WT_DD09__TO__SCA3_DD24,WT_DD09,SCA3_DD24,6,-0.01147601480747612
0.05,xyz,seed_median_curve_persistent,curve_first,WT_DD10__TO__SCA3_DD20,WT_DD10,SCA3_DD20,6,-0.2815556172422262
0.05,xyz,seed_median_curve_persistent,curve_first,WT_DD10__TO__SCA3_DD24,WT_DD10,SCA3_DD24,6,-0.15549975563404989
0.05,xyz,seed_median_curve_persistent,marker_first,WT_150130__TO__SCA3_DD20,WT_150130,SCA3_DD20,2,-0.032044637893400396
0.05,xyz,seed_median_curve_persistent,marker_first,WT_150130__TO__SCA3_DD24,WT_150130,SCA3_DD24,2,0.03721056284862956
0.05,xyz,seed_median_curve_persistent,marker_first,WT_150305__TO__SCA3_DD20,WT_150305,SCA3_DD20,2,-0.08098359430838381
0.05,xyz,seed_median_curve_persistent,marker_first,WT_150305__TO__SCA3_DD24,WT_150305,SCA3_DD24,2,-0.15973684014344774
0.05,xyz,seed_median_curve_persistent,marker_first,WT_DD09__TO__SCA3_DD20,WT_DD09,SCA3_DD20,6,-0.18478056167757076
0.05,xyz,seed_median_curve_persistent,marker_first,WT_DD09__TO__SCA3_DD24,WT_DD09,SCA3_DD24,6,-0.02305848301083352
0.05,xyz,seed_median_curve_persistent,marker_first,WT_DD10__TO__SCA3_DD20,WT_DD10,SCA3_DD20,6,-0.3306601707804173
0.05,xyz,seed_median_curve_persistent,marker_first,WT_DD10__TO__SCA3_DD24,WT_DD10,SCA3_DD24,6,-0.12120574534730794
0.05,z,median_seed_isotonic,curve_first,WT_150130__TO__SCA3_DD20,WT_150130,SCA3_DD20,2,0.028323263849573177
0.05,z,median_seed_isotonic,curve_first,WT_150130__TO__SCA3_DD24,WT_150130,SCA3_DD24,2,0.12533425821416494
0.05,z,median_seed_isotonic,curve_first,WT_150305__TO__SCA3_DD20,WT_150305,SCA3_DD20,2,-0.1687653273831821
0.05,z,median_seed_isotonic,curve_first,WT_150305__TO__SCA3_DD24,WT_150305,SCA3_DD24,2,-0.19094874255668168
0.05,z,median_seed_isotonic,curve_first,WT_DD09__TO__SCA3_DD20,WT_DD09,SCA3_DD20,6,-0.16404008117322993
0.05,z,median_seed_isotonic,curve_first,WT_DD09__TO__SCA3_DD24,WT_DD09,SCA3_DD24,6,0.0036301108192386272
0.05,z,median_seed_isotonic,curve_first,WT_DD10__TO__SCA3_DD20,WT_DD10,SCA3_DD20,6,-0.22257651105015952
0.05,z,median_seed_isotonic,curve_first,WT_DD10__TO__SCA3_DD24,WT_DD10,SCA3_DD24,6,-0.332048635794891
0.05,z,median_seed_isotonic,marker_first,WT_150130__TO__SCA3_DD20,WT_150130,SCA3_DD20,2,0.03693127094775772
0.05,z,median_seed_isotonic,marker_first,WT_150130__TO__SCA3_DD24,WT_150130,SCA3_DD24,2,0.1658298800220218
0.05,z,median_seed_isotonic,marker_first,WT_150305__TO__SCA3_DD20,WT_150305,SCA3_DD20,2,-0.16267411056589046
0.05,z,median_seed_isotonic,marker_first,WT_150305__TO__SCA3_DD24,WT_150305,SCA3_DD24,2,-0.3063561957551477
0.05,z,median_seed_isotonic,marker_first,WT_DD09__TO__SCA3_DD20,WT_DD09,SCA3_DD20,6,-0.15827108677777463
0.05,z,median_seed_isotonic,marker_first,WT_DD09__TO__SCA3_DD24,WT_DD09,SCA3_DD24,6,0.010576179634717409
0.05,z,median_seed_isotonic,marker_first,WT_DD10__TO__SCA3_DD20,WT_DD10,SCA3_DD20,6,-0.3140296025104552
0.05,z,median_seed_isotonic,marker_first,WT_DD10__TO__SCA3_DD24,WT_DD10,SCA3_DD24,6,-0.30916878204485265
0.05,z,q25_seed_isotonic,curve_first,WT_150130__TO__SCA3_DD20,WT_150130,SCA3_DD20,2,0.02015498753933931
0.05,z,q25_seed_isotonic,curve_first,WT_150130__TO__SCA3_DD24,WT_150130,SCA3_DD24,2,0.05889749569474717
0.05,z,q25_seed_isotonic,curve_first,WT_150305__TO__SCA3_DD20,WT_150305,SCA3_DD20,2,-0.18475486760246107
0.05,z,q25_seed_isotonic,curve_first,WT_150305__TO__SCA3_DD24,WT_150305,SCA3_DD24,2,-0.26865555241511097
0.05,z,q25_seed_isotonic,curve_first,WT_DD09__TO__SCA3_DD20,WT_DD09,SCA3_DD20,6,-0.1706630991791505
0.05,z,q25_seed_isotonic,curve_first,WT_DD09__TO__SCA3_DD24,WT_DD09,SCA3_DD24,6,-0.08310038479437623
0.05,z,q25_seed_isotonic,curve_first,WT_DD10__TO__SCA3_DD20,WT_DD10,SCA3_DD20,6,-0.2502517726530522
0.05,z,q25_seed_isotonic,curve_first,WT_DD10__TO__SCA3_DD24,WT_DD10,SCA3_DD24,6,-0.38189702417628957
0.05,z,q25_seed_isotonic,marker_first,WT_150130__TO__SCA3_DD20,WT_150130,SCA3_DD20,2,0.0013784152350611034
0.05,z,q25_seed_isotonic,marker_first,WT_150130__TO__SCA3_DD24,WT_150130,SCA3_DD24,2,-0.053417152248766586
0.05,z,q25_seed_isotonic,marker_first,WT_150305__TO__SCA3_DD20,WT_150305,SCA3_DD20,2,-0.17421845958898835
0.05,z,q25_seed_isotonic,marker_first,WT_150305__TO__SCA3_DD24,WT_150305,SCA3_DD24,2,-0.34870239104549594
0.05,z,q25_seed_isotonic,marker_first,WT_DD09__TO__SCA3_DD20,WT_DD09,SCA3_DD20,6,-0.19933451520765263
0.05,z,q25_seed_isotonic,marker_first,WT_DD09__TO__SCA3_DD24,WT_DD09,SCA3_DD24,6,-0.11545845674573019
0.05,z,q25_seed_isotonic,marker_first,WT_DD10__TO__SCA3_DD20,WT_DD10,SCA3_DD20,6,-0.3986852289453596
0.05,z,q25_seed_isotonic,marker_first,WT_DD10__TO__SCA3_DD24,WT_DD10,SCA3_DD24,6,-0.39643481683985615
0.05,z,q75_seed_isotonic,curve_first,WT_150130__TO__SCA3_DD20,WT_150130,SCA3_DD20,2,0.035553991243771454
0.05,z,q75_seed_isotonic,curve_first,WT_150130__TO__SCA3_DD24,WT_150130,SCA3_DD24,2,0.1466950261621059
0.05,z,q75_seed_isotonic,curve_first,WT_150305__TO__SCA3_DD20,WT_150305,SCA3_DD20,2,-0.16543756857327882
0.05,z,q75_seed_isotonic,curve_first,WT_150305__TO__SCA3_DD24,WT_150305,SCA3_DD24,2,-0.15273112646094128
0.05,z,q75_seed_isotonic,curve_first,WT_DD09__TO__SCA3_DD20,WT_DD09,SCA3_DD20,6,-0.15465717706569782
0.05,z,q75_seed_isotonic,curve_first,WT_DD09__TO__SCA3_DD24,WT_DD09,SCA3_DD24,6,0.020751005589724467
0.05,z,q75_seed_isotonic,curve_first,WT_DD10__TO__SCA3_DD20,WT_DD10,SCA3_DD20,6,-0.20365657208061333
0.05,z,q75_seed_isotonic,curve_first,WT_DD10__TO__SCA3_DD24,WT_DD10,SCA3_DD24,6,-0.113324229372298
0.05,z,q75_seed_isotonic,marker_first,WT_150130__TO__SCA3_DD20,WT_150130,SCA3_DD20,2,0.06901306469094243
0.05,z,q75_seed_isotonic,marker_first,WT_150130__TO__SCA3_DD24,WT_150130,SCA3_DD24,2,0.2694634563401621
0.05,z,q75_seed_isotonic,marker_first,WT_150305__TO__SCA3_DD20,WT_150305,SCA3_DD20,2,-0.15495591661383035
0.05,z,q75_seed_isotonic,marker_first,WT_150305__TO__SCA3_DD24,WT_150305,SCA3_DD24,2,-0.1868646112968918
0.05,z,q75_seed_isotonic,marker_first,WT_DD09__TO__SCA3_DD20,WT_DD09,SCA3_DD20,6,-0.1512293824706121
0.05,z,q75_seed_isotonic,marker_first,WT_DD09__TO__SCA3_DD24,WT_DD09,SCA3_DD24,6,0.051422086303692785
0.05,z,q75_seed_isotonic,marker_first,WT_DD10__TO__SCA3_DD20,WT_DD10,SCA3_DD20,6,-0.27707285579699875
0.05,z,q75_seed_isotonic,marker_first,WT_DD10__TO__SCA3_DD24,WT_DD10,SCA3_DD24,6,-0.04904692158808521
0.05,z,seed_median_curve_first,curve_first,WT_150130__TO__SCA3_DD20,WT_150130,SCA3_DD20,2,0.029376933814991846
0.05,z,seed_median_curve_first,curve_first,WT_150130__TO__SCA3_DD24,WT_150130,SCA3_DD24,2,0.09964044626478019
0.05,z,seed_median_curve_first,curve_first,WT_150305__TO__SCA3_DD20,WT_150305,SCA3_DD20,2,-0.1687653273831821
0.05,z,seed_median_curve_first,curve_first,WT_150305__TO__SCA3_DD24,WT_150305,SCA3_DD24,2,-0.205071648241867
0.05,z,seed_median_curve_first,curve_first,WT_DD09__TO__SCA3_DD20,WT_DD09,SCA3_DD20,6,-0.1648004043891111
0.05,z,seed_median_curve_first,curve_first,WT_DD09__TO__SCA3_DD24,WT_DD09,SCA3_DD24,6,0.009280358899528593
0.05,z,seed_median_curve_first,curve_first,WT_DD10__TO__SCA3_DD20,WT_DD10,SCA3_DD20,6,-0.21712986308139082
0.05,z,seed_median_curve_first,curve_first,WT_DD10__TO__SCA3_DD24,WT_DD10,SCA3_DD24,6,-0.3452890284154916
0.05,z,seed_median_curve_first,marker_first,WT_150130__TO__SCA3_DD20,WT_150130,SCA3_DD20,2,0.002096496401264747
0.05,z,seed_median_curve_first,marker_first,WT_150130__TO__SCA3_DD24,WT_150130,SCA3_DD24,2,-0.018111786497069404
0.05,z,seed_median_curve_first,marker_first,WT_150305__TO__SCA3_DD20,WT_150305,SCA3_DD20,2,-0.16204617947329691
0.05,z,seed_median_curve_first,marker_first,WT_150305__TO__SCA3_DD24,WT_150305,SCA3_DD24,2,-0.3566823046974607
0.05,z,seed_median_curve_first,marker_first,WT_DD09__TO__SCA3_DD20,WT_DD09,SCA3_DD20,6,-0.16670277568011208
0.05,z,seed_median_curve_first,marker_first,WT_DD09__TO__SCA3_DD24,WT_DD09,SCA3_DD24,6,-0.09946235435942011
0.05,z,seed_median_curve_first,marker_first,WT_DD10__TO__SCA3_DD20,WT_DD10,SCA3_DD20,6,-0.37006693932665313
0.05,z,seed_median_curve_first,marker_first,WT_DD10__TO__SCA3_DD24,WT_DD10,SCA3_DD24,6,-0.310165659666282
0.05,z,seed_median_curve_isotonic,curve_first,WT_150130__TO__SCA3_DD20,WT_150130,SCA3_DD20,2,0.029376933814991846
0.05,z,seed_median_curve_isotonic,curve_first,WT_150130__TO__SCA3_DD24,WT_150130,SCA3_DD24,2,0.10176613853646843
0.05,z,seed_median_curve_isotonic,curve_first,WT_150305__TO__SCA3_DD20,WT_150305,SCA3_DD20,2,-0.1687653273831821
0.05,z,seed_median_curve_isotonic,curve_first,WT_150305__TO__SCA3_DD24,WT_150305,SCA3_DD24,2,-0.205071648241867
0.05,z,seed_median_curve_isotonic,curve_first,WT_DD09__TO__SCA3_DD20,WT_DD09,SCA3_DD20,6,-0.1648004043891111
0.05,z,seed_median_curve_isotonic,curve_first,WT_DD09__TO__SCA3_DD24,WT_DD09,SCA3_DD24,6,0.009280358899528593
0.05,z,seed_median_curve_isotonic,curve_first,WT_DD10__TO__SCA3_DD20,WT_DD10,SCA3_DD20,6,-0.21712986308139082
0.05,z,seed_median_curve_isotonic,curve_first,WT_DD10__TO__SCA3_DD24,WT_DD10,SCA3_DD24,6,-0.315248730649193
0.05,z,seed_median_curve_isotonic,marker_first,WT_150130__TO__SCA3_DD20,WT_150130,SCA3_DD20,2,0.03687327153430464
0.05,z,seed_median_curve_isotonic,marker_first,WT_150130__TO__SCA3_DD24,WT_150130,SCA3_DD24,2,0.15432854021099515
0.05,z,seed_median_curve_isotonic,marker_first,WT_150305__TO__SCA3_DD20,WT_150305,SCA3_DD20,2,-0.16204617947329691
0.05,z,seed_median_curve_isotonic,marker_first,WT_150305__TO__SCA3_DD24,WT_150305,SCA3_DD24,2,-0.2690129387248358
0.05,z,seed_median_curve_isotonic,marker_first,WT_DD09__TO__SCA3_DD20,WT_DD09,SCA3_DD20,6,-0.16349331426341346
0.05,z,seed_median_curve_isotonic,marker_first,WT_DD09__TO__SCA3_DD24,WT_DD09,SCA3_DD24,6,0.03152988851333405
0.05,z,seed_median_curve_isotonic,marker_first,WT_DD10__TO__SCA3_DD20,WT_DD10,SCA3_DD20,6,-0.32529374440770686
0.05,z,seed_median_curve_isotonic,marker_first,WT_DD10__TO__SCA3_DD24,WT_DD10,SCA3_DD24,6,-0.266846860603143
0.05,z,seed_median_curve_persistent,curve_first,WT_150130__TO__SCA3_DD20,WT_150130,SCA3_DD20,2,0.029376933814991846
0.05,z,seed_median_curve_persistent,curve_first,WT_150130__TO__SCA3_DD24,WT_150130,SCA3_DD24,2,0.12698549716592977
0.05,z,seed_median_curve_persistent,curve_first,WT_150305__TO__SCA3_DD20,WT_150305,SCA3_DD20,2,-0.1687653273831821
0.05,z,seed_median_curve_persistent,curve_first,WT_150305__TO__SCA3_DD24,WT_150305,SCA3_DD24,2,-0.205071648241867
0.05,z,seed_median_curve_persistent,curve_first,WT_DD09__TO__SCA3_DD20,WT_DD09,SCA3_DD20,6,-0.1648004043891111
0.05,z,seed_median_curve_persistent,curve_first,WT_DD09__TO__SCA3_DD24,WT_DD09,SCA3_DD24,6,0.009280358899528593
0.05,z,seed_median_curve_persistent,curve_first,WT_DD10__TO__SCA3_DD20,WT_DD10,SCA3_DD20,6,-0.21712986308139082
0.05,z,seed_median_curve_persistent,curve_first,WT_DD10__TO__SCA3_DD24,WT_DD10,SCA3_DD24,6,-0.3033051516230859
0.05,z,seed_median_curve_persistent,marker_first,WT_150130__TO__SCA3_DD20,WT_150130,SCA3_DD20,2,0.03688985867087208
0.05,z,seed_median_curve_persistent,marker_first,WT_150130__TO__SCA3_DD24,WT_150130,SCA3_DD24,2,0.08890170774075631
0.05,z,seed_median_curve_persistent,marker_first,WT_150305__TO__SCA3_DD20,WT_150305,SCA3_DD20,2,-0.16204617947329691
0.05,z,seed_median_curve_persistent,marker_first,WT_150305__TO__SCA3_DD24,WT_150305,SCA3_DD24,2,-0.264108770907843
0.05,z,seed_median_curve_persistent,marker_first,WT_DD09__TO__SCA3_DD20,WT_DD09,SCA3_DD20,6,-0.16670277568011208
0.05,z,seed_median_curve_persistent,marker_first,WT_DD09__TO__SCA3_DD24,WT_DD09,SCA3_DD24,6,0.031367503860206036
0.05,z,seed_median_curve_persistent,marker_first,WT_DD10__TO__SCA3_DD20,WT_DD10,SCA3_DD20,6,-0.3248604687218238
0.05,z,seed_median_curve_persistent,marker_first,WT_DD10__TO__SCA3_DD24,WT_DD10,SCA3_DD24,6,-0.2529469240290658
