dt_ms,view,marker_variant,aggregation_order,omitted_animal_id,n_animal_pairs,median_kl_minus_firing_p
0.0125,xy,median_seed_isotonic,curve_first,SCA3_DD20,4,-0.2012364017782573
0.0125,xy,median_seed_isotonic,curve_first,SCA3_DD24,4,-0.18379354181979907
0.0125,xy,median_seed_isotonic,curve_first,WT_150130,6,-0.21208036164854183
0.0125,xy,median_seed_isotonic,curve_first,WT_150305,6,-0.1580561533862584
0.0125,xy,median_seed_isotonic,curve_first,WT_DD09,6,-0.21208036164854183
0.0125,xy,median_seed_isotonic,curve_first,WT_DD10,6,-0.1580561533862584
0.0125,xy,median_seed_isotonic,marker_first,SCA3_DD20,4,-0.1496370721115436
0.0125,xy,median_seed_isotonic,marker_first,SCA3_DD24,4,-0.040415655844628154
0.0125,xy,median_seed_isotonic,marker_first,WT_150130,6,-0.08312856997177806
0.0125,xy,median_seed_isotonic,marker_first,WT_150305,6,-0.06750275442045757
0.0125,xy,median_seed_isotonic,marker_first,WT_DD09,6,-0.06750275442045757
0.0125,xy,median_seed_isotonic,marker_first,WT_DD10,6,-0.062290219468446234
0.0125,xy,q25_seed_isotonic,curve_first,SCA3_DD20,4,-0.2874772673945592
0.0125,xy,q25_seed_isotonic,curve_first,SCA3_DD24,4,-0.20282059701861238
0.0125,xy,q25_seed_isotonic,curve_first,WT_150130,6,-0.25493743807248576
0.0125,xy,q25_seed_isotonic,curve_first,WT_150305,6,-0.1897613364052984
0.0125,xy,q25_seed_isotonic,curve_first,WT_DD09,6,-0.25493743807248576
0.0125,xy,q25_seed_isotonic,curve_first,WT_DD10,6,-0.1897613364052984
0.0125,xy,q25_seed_isotonic,marker_first,SCA3_DD20,4,-0.18326175159743224
0.0125,xy,q25_seed_isotonic,marker_first,SCA3_DD24,4,-0.08182938352129605
0.0125,xy,q25_seed_isotonic,marker_first,WT_150130,6,-0.16602985558257038
0.0125,xy,q25_seed_isotonic,marker_first,WT_150305,6,-0.12171826074026829
0.0125,xy,q25_seed_isotonic,marker_first,WT_DD09,6,-0.13872367128839264
0.0125,xy,q25_seed_isotonic,marker_first,WT_DD10,6,-0.08975497957542453
0.0125,xy,q75_seed_isotonic,curve_first,SCA3_DD20,4,-0.14829937413782146
0.0125,xy,q75_seed_isotonic,curve_first,SCA3_DD24,4,-0.158232189156154
0.0125,xy,q75_seed_isotonic,curve_first,WT_150130,6,-0.18637070543535833
0.0125,xy,q75_seed_isotonic,curve_first,WT_150305,6,-0.13932586656488172
0.0125,xy,q75_seed_isotonic,curve_first,WT_DD09,6,-0.18637070543535833
0.0125,xy,q75_seed_isotonic,curve_first,WT_DD10,6,-0.13932586656488172
0.0125,xy,q75_seed_isotonic,marker_first,SCA3_DD20,4,-0.061776948331103185
0.0125,xy,q75_seed_isotonic,marker_first,SCA3_DD24,4,-0.007750181174584342
0.0125,xy,q75_seed_isotonic,marker_first,WT_150130,6,-0.024157449178907775
0.0125,xy,q75_seed_isotonic,marker_first,WT_150305,6,0.005308341607054137
0.0125,xy,q75_seed_isotonic,marker_first,WT_DD09,6,-0.020160832465406814
0.0125,xy,q75_seed_isotonic,marker_first,WT_DD10,6,0.009304958320555098
0.0125,xy,seed_median_curve_first,curve_first,SCA3_DD20,4,-0.2577996859975577
0.0125,xy,seed_median_curve_first,curve_first,SCA3_DD24,4,-0.17896279886142874
0.0125,xy,seed_median_curve_first,curve_first,WT_150130,6,-0.21231052324686434
0.0125,xy,seed_median_curve_first,curve_first,WT_150305,6,-0.17896279886142874
0.0125,xy,seed_median_curve_first,curve_first,WT_DD09,6,-0.21317689486592786
0.0125,xy,seed_median_curve_first,curve_first,WT_DD10,6,-0.17982917048049224
0.0125,xy,seed_median_curve_first,marker_first,SCA3_DD20,4,-0.17942737204715276
0.0125,xy,seed_median_curve_first,marker_first,SCA3_DD24,4,-0.04698456855003791
0.0125,xy,seed_median_curve_first,marker_first,WT_150130,6,-0.16435789177651905
0.0125,xy,seed_median_curve_first,marker_first,WT_150305,6,-0.12993179025128326
0.0125,xy,seed_median_curve_first,marker_first,WT_DD09,6,-0.12993179025128326
0.0125,xy,seed_median_curve_first,marker_first,WT_DD10,6,-0.08104579920462945
0.0125,xy,seed_median_curve_isotonic,curve_first,SCA3_DD20,4,-0.16004981220446624
0.0125,xy,seed_median_curve_isotonic,curve_first,SCA3_DD24,4,-0.17896279886142874
0.0125,xy,seed_median_curve_isotonic,curve_first,WT_150130,6,-0.19601414454289484
0.0125,xy,seed_median_curve_isotonic,curve_first,WT_150305,6,-0.15228707902268007
0.0125,xy,seed_median_curve_isotonic,curve_first,WT_DD09,6,-0.19601414454289484
0.0125,xy,seed_median_curve_isotonic,curve_first,WT_DD10,6,-0.15228707902268007
0.0125,xy,seed_median_curve_isotonic,marker_first,SCA3_DD20,4,-0.1201005042736815
0.0125,xy,seed_median_curve_isotonic,marker_first,SCA3_DD24,4,-0.04417658648271021
0.0125,xy,seed_median_curve_isotonic,marker_first,WT_150130,6,-0.06936855704689861
0.0125,xy,seed_median_curve_isotonic,marker_first,WT_150305,6,-0.06479045566796275
0.0125,xy,seed_median_curve_isotonic,marker_first,WT_DD09,6,-0.08724091768241268
0.0125,xy,seed_median_curve_isotonic,marker_first,WT_DD10,6,-0.046918095032448676
0.0125,xy,seed_median_curve_persistent,curve_first,SCA3_DD20,4,-0.14097686388743186
0.0125,xy,seed_median_curve_persistent,curve_first,SCA3_DD24,4,-0.17896279886142874
0.0125,xy,seed_median_curve_persistent,curve_first,WT_150130,6,-0.17896279886142874
0.0125,xy,seed_median_curve_persistent,curve_first,WT_150305,6,-0.15169609437427378
0.0125,xy,seed_median_curve_persistent,curve_first,WT_DD09,6,-0.17837181421302242
0.0125,xy,seed_median_curve_persistent,curve_first,WT_DD10,6,-0.15228707902268007
0.0125,xy,seed_median_curve_persistent,marker_first,SCA3_DD20,4,-0.13194320389802572
0.0125,xy,seed_median_curve_persistent,marker_first,SCA3_DD24,4,-0.03646302526082125
0.0125,xy,seed_median_curve_persistent,marker_first,WT_150130,6,-0.0806011104856389
0.0125,xy,seed_median_curve_persistent,marker_first,WT_150305,6,-0.06541933428737237
0.0125,xy,seed_median_curve_persistent,marker_first,WT_DD09,6,-0.06541933428737237
0.0125,xy,seed_median_curve_persistent,marker_first,WT_DD10,6,-0.05850784369967392
0.0125,xyz,median_seed_isotonic,curve_first,SCA3_DD20,4,-0.10272655746151045
0.0125,xyz,median_seed_isotonic,curve_first,SCA3_DD24,4,-0.1584059155554261
0.0125,xyz,median_seed_isotonic,curve_first,WT_150130,6,-0.18110443840933482
0.0125,xyz,median_seed_isotonic,curve_first,WT_150305,6,-0.08777853015430698
0.0125,xyz,median_seed_isotonic,curve_first,WT_DD09,6,-0.17348762661161715
0.0125,xyz,median_seed_isotonic,curve_first,WT_DD10,6,-0.0801617183565893
0.0125,xyz,median_seed_isotonic,marker_first,SCA3_DD20,4,-0.10933545219729777
0.0125,xyz,median_seed_isotonic,marker_first,SCA3_DD24,4,-0.13896648201567718
0.0125,xyz,median_seed_isotonic,marker_first,WT_150130,6,-0.1841817390445328
0.0125,xyz,median_seed_isotonic,marker_first,WT_150305,6,-0.11031481802226135
0.0125,xyz,median_seed_isotonic,marker_first,WT_DD09,6,-0.1510563063969424
0.0125,xyz,median_seed_isotonic,marker_first,WT_DD10,6,-0.07718938537467093
0.0125,xyz,q25_seed_isotonic,curve_first,SCA3_DD20,4,-0.14957208799097005
0.0125,xyz,q25_seed_isotonic,curve_first,SCA3_DD24,4,-0.16657386355586784
0.0125,xyz,q25_seed_isotonic,curve_first,WT_150130,6,-0.18423165179622464
0.0125,xyz,q25_seed_isotonic,curve_first,WT_150305,6,-0.13489090359208247
0.0125,xyz,q25_seed_isotonic,curve_first,WT_DD09,6,-0.18125504795475542
0.0125,xyz,q25_seed_isotonic,curve_first,WT_DD10,6,-0.13191429975061325
0.0125,xyz,q25_seed_isotonic,marker_first,SCA3_DD20,4,-0.22203289209419858
0.0125,xyz,q25_seed_isotonic,marker_first,SCA3_DD24,4,-0.16578359874460896
0.0125,xyz,q25_seed_isotonic,marker_first,WT_150130,6,-0.22639097390538465
0.0125,xyz,q25_seed_isotonic,marker_first,WT_150305,6,-0.18104203849051942
0.0125,xyz,q25_seed_isotonic,marker_first,WT_DD09,6,-0.22203289209419858
0.0125,xyz,q25_seed_isotonic,marker_first,WT_DD10,6,-0.16142551693342289
0.0125,xyz,q75_seed_isotonic,curve_first,SCA3_DD20,4,-0.05528234533048569
0.0125,xyz,q75_seed_isotonic,curve_first,SCA3_DD24,4,-0.15633662303504786
0.0125,xyz,q75_seed_isotonic,curve_first,WT_150130,6,-0.16719982664762506
0.0125,xyz,q75_seed_isotonic,curve_first,WT_150305,6,-0.08263181028621569
0.0125,xyz,q75_seed_isotonic,curve_first,WT_DD09,6,-0.16098964767270463
0.0125,xyz,q75_seed_isotonic,curve_first,WT_DD10,6,-0.07642163131129526
0.0125,xyz,q75_seed_isotonic,marker_first,SCA3_DD20,4,-0.012325976214375284
0.0125,xyz,q75_seed_isotonic,marker_first,SCA3_DD24,4,-0.11864935620382189
0.0125,xyz,q75_seed_isotonic,marker_first,WT_150130,6,-0.12327103866416797
0.0125,xyz,q75_seed_isotonic,marker_first,WT_150305,6,-0.03887284410862735
0.0125,xyz,q75_seed_isotonic,marker_first,WT_DD09,6,-0.07623760318243553
0.0125,xyz,q75_seed_isotonic,marker_first,WT_DD10,6,-0.034251161648281264
0.0125,xyz,seed_median_curve_first,curve_first,SCA3_DD20,4,-0.11429791142613926
0.0125,xyz,seed_median_curve_first,curve_first,SCA3_DD24,4,-0.1593133399322071
0.0125,xyz,seed_median_curve_first,curve_first,WT_150130,6,-0.19278213068482186
0.0125,xyz,seed_median_curve_first,curve_first,WT_150305,6,-0.08918564328264306
0.0125,xyz,seed_median_curve_first,curve_first,WT_DD09,6,-0.1844256080757033
0.0125,xyz,seed_median_curve_first,curve_first,WT_DD10,6,-0.0808291206735245
0.0125,xyz,seed_median_curve_first,marker_first,SCA3_DD20,4,-0.1115310573703755
0.0125,xyz,seed_median_curve_first,marker_first,SCA3_DD24,4,-0.14015501767591632
0.0125,xyz,seed_median_curve_first,marker_first,WT_150130,6,-0.18677085655412362
0.0125,xyz,seed_median_curve_first,marker_first,WT_150305,6,-0.12091581721666131
0.0125,xyz,seed_median_curve_first,marker_first,WT_DD09,6,-0.15409069491018923
0.0125,xyz,seed_median_curve_first,marker_first,WT_DD10,6,-0.08823565557272693
0.0125,xyz,seed_median_curve_isotonic,curve_first,SCA3_DD20,4,-0.10475597171954176
0.0125,xyz,seed_median_curve_isotonic,curve_first,SCA3_DD24,4,-0.1593133399322071
0.0125,xyz,seed_median_curve_isotonic,curve_first,WT_150130,6,-0.18275117167948102
0.0125,xyz,seed_median_curve_isotonic,curve_first,WT_150305,6,-0.0896746625813864
0.0125,xyz,seed_median_curve_isotonic,curve_first,WT_DD09,6,-0.17439464907036245
0.0125,xyz,seed_median_curve_isotonic,curve_first,WT_DD10,6,-0.08131813997226785
0.0125,xyz,seed_median_curve_isotonic,marker_first,SCA3_DD20,4,-0.09843617752031497
0.0125,xyz,seed_median_curve_isotonic,marker_first,SCA3_DD24,4,-0.14015501767591632
0.0125,xyz,seed_median_curve_isotonic,marker_first,WT_150130,6,-0.17309829675157518
0.0125,xyz,seed_median_curve_isotonic,marker_first,WT_150305,6,-0.11086833358361936
0.0125,xyz,seed_median_curve_isotonic,marker_first,WT_DD09,6,-0.1404181351076408
0.0125,xyz,seed_median_curve_isotonic,marker_first,WT_DD10,6,-0.07818817193968498
0.0125,xyz,seed_median_curve_persistent,curve_first,SCA3_DD20,4,-0.10232281853889122
0.0125,xyz,seed_median_curve_persistent,curve_first,SCA3_DD24,4,-0.1593133399322071
0.0125,xyz,seed_median_curve_persistent,curve_first,WT_150130,6,-0.18080703779757382
0.0125,xyz,seed_median_curve_persistent,curve_first,WT_150305,6,-0.08918564328264306
0.0125,xyz,seed_median_curve_persistent,curve_first,WT_DD09,6,-0.17245051518845528
0.0125,xyz,seed_median_curve_persistent,curve_first,WT_DD10,6,-0.0808291206735245
0.0125,xyz,seed_median_curve_persistent,marker_first,SCA3_DD20,4,-0.07746461703694876
0.0125,xyz,seed_median_curve_persistent,marker_first,SCA3_DD24,4,-0.14015501767591632
0.0125,xyz,seed_median_curve_persistent,marker_first,WT_150130,6,-0.1512063264258053
0.0125,xyz,seed_median_curve_persistent,marker_first,WT_150305,6,-0.08590954857623395
0.0125,xyz,seed_median_curve_persistent,marker_first,WT_DD09,6,-0.1200242545767625
0.0125,xyz,seed_median_curve_persistent,marker_first,WT_DD10,6,-0.07336015003145338
0.0125,z,median_seed_isotonic,curve_first,SCA3_DD20,4,-0.09352954166003982
0.0125,z,median_seed_isotonic,curve_first,SCA3_DD24,4,-0.17489064411166597
0.0125,z,median_seed_isotonic,curve_first,WT_150130,6,-0.18626745731044797
0.0125,z,median_seed_isotonic,curve_first,WT_150305,6,-0.08215272846125782
0.0125,z,median_seed_isotonic,curve_first,WT_DD09,6,-0.18626745731044797
0.0125,z,median_seed_isotonic,curve_first,WT_DD10,6,-0.08215272846125782
0.0125,z,median_seed_isotonic,marker_first,SCA3_DD20,4,-0.147524588900516
0.0125,z,median_seed_isotonic,marker_first,SCA3_DD24,4,-0.16052455617367212
0.0125,z,median_seed_isotonic,marker_first,WT_150130,6,-0.23014582793610988
0.0125,z,median_seed_isotonic,marker_first,WT_150305,6,-0.07793481184912349
0.0125,z,median_seed_isotonic,marker_first,WT_DD09,6,-0.23011433322506467
0.0125,z,median_seed_isotonic,marker_first,WT_DD10,6,-0.07790331713807827
0.0125,z,q25_seed_isotonic,curve_first,SCA3_DD20,4,-0.16820179928031023
0.0125,z,q25_seed_isotonic,curve_first,SCA3_DD24,4,-0.18429721159472973
0.0125,z,q25_seed_isotonic,curve_first,WT_150130,6,-0.2229431813863605
0.0125,z,q25_seed_isotonic,curve_first,WT_150305,6,-0.123622952705776
0.0125,z,q25_seed_isotonic,curve_first,WT_DD09,6,-0.2229431813863605
0.0125,z,q25_seed_isotonic,curve_first,WT_DD10,6,-0.123622952705776
0.0125,z,q25_seed_isotonic,marker_first,SCA3_DD20,4,-0.2266816309656574
0.0125,z,q25_seed_isotonic,marker_first,SCA3_DD24,4,-0.18437989628322773
0.0125,z,q25_seed_isotonic,marker_first,WT_150130,6,-0.26220950328052034
0.0125,z,q25_seed_isotonic,marker_first,WT_150305,6,-0.15180372659416191
0.0125,z,q25_seed_isotonic,marker_first,WT_DD09,6,-0.25925780065472326
0.0125,z,q25_seed_isotonic,marker_first,WT_DD10,6,-0.14885202396836483
0.0125,z,q75_seed_isotonic,curve_first,SCA3_DD20,4,-0.04726871036848316
0.0125,z,q75_seed_isotonic,curve_first,SCA3_DD24,4,-0.1706167260432604
0.0125,z,q75_seed_isotonic,curve_first,WT_150130,6,-0.1629381690824116
0.0125,z,q75_seed_isotonic,curve_first,WT_150305,6,-0.04726871036848316
0.0125,z,q75_seed_isotonic,curve_first,WT_DD09,6,-0.13681214446875398
0.0125,z,q75_seed_isotonic,curve_first,WT_DD10,6,-0.06978504094791937
0.0125,z,q75_seed_isotonic,marker_first,SCA3_DD20,4,-0.019247578292988406
0.0125,z,q75_seed_isotonic,marker_first,SCA3_DD24,4,-0.15242123243924474
0.0125,z,q75_seed_isotonic,marker_first,WT_150130,6,-0.15242123243924474
0.0125,z,q75_seed_isotonic,marker_first,WT_150305,6,-0.019247578292988406
0.0125,z,q75_seed_isotonic,marker_first,WT_DD09,6,-0.11057652217503759
0.0125,z,q75_seed_isotonic,marker_first,WT_DD10,6,-0.054490525765105095
0.0125,z,seed_median_curve_first,curve_first,SCA3_DD20,4,-0.10061963355015002
0.0125,z,seed_median_curve_first,curve_first,SCA3_DD24,4,-0.1740010087466611
0.0125,z,seed_median_curve_first,curve_first,WT_150130,6,-0.19312717705954763
0.0125,z,seed_median_curve_first,curve_first,WT_150305,6,-0.0814934652372635
0.0125,z,seed_median_curve_first,curve_first,WT_DD09,6,-0.19312717705954763
0.0125,z,seed_median_curve_first,curve_first,WT_DD10,6,-0.0814934652372635
0.0125,z,seed_median_curve_first,marker_first,SCA3_DD20,4,-0.20918381476323977
0.0125,z,seed_median_curve_first,marker_first,SCA3_DD24,4,-0.16884230053952418
0.0125,z,seed_median_curve_first,marker_first,WT_150130,6,-0.24582716235347246
0.0125,z,seed_median_curve_first,marker_first,WT_150305,6,-0.13894950413685714
0.0125,z,seed_median_curve_first,marker_first,WT_DD09,6,-0.2390766111659068
0.0125,z,seed_median_curve_first,marker_first,WT_DD10,6,-0.13219895294929146
0.0125,z,seed_median_curve_isotonic,curve_first,SCA3_DD20,4,-0.10061963355015002
0.0125,z,seed_median_curve_isotonic,curve_first,SCA3_DD24,4,-0.1740010087466611
0.0125,z,seed_median_curve_isotonic,curve_first,WT_150130,6,-0.19312717705954763
0.0125,z,seed_median_curve_isotonic,curve_first,WT_150305,6,-0.0814934652372635
0.0125,z,seed_median_curve_isotonic,curve_first,WT_DD09,6,-0.19312717705954763
0.0125,z,seed_median_curve_isotonic,curve_first,WT_DD10,6,-0.0814934652372635
0.0125,z,seed_median_curve_isotonic,marker_first,SCA3_DD20,4,-0.12352105556867665
0.0125,z,seed_median_curve_isotonic,marker_first,SCA3_DD24,4,-0.1635193734756416
0.0125,z,seed_median_curve_isotonic,marker_first,WT_150130,6,-0.21865864505043633
0.0125,z,seed_median_curve_isotonic,marker_first,WT_150305,6,-0.07906059653541306
0.0125,z,seed_median_curve_isotonic,marker_first,WT_DD09,6,-0.21723102092675325
0.0125,z,seed_median_curve_isotonic,marker_first,WT_DD10,6,-0.07763297241172998
0.0125,z,seed_median_curve_persistent,curve_first,SCA3_DD20,4,-0.10061963355015002
0.0125,z,seed_median_curve_persistent,curve_first,SCA3_DD24,4,-0.1740010087466611
0.0125,z,seed_median_curve_persistent,curve_first,WT_150130,6,-0.19312717705954763
0.0125,z,seed_median_curve_persistent,curve_first,WT_150305,6,-0.0814934652372635
0.0125,z,seed_median_curve_persistent,curve_first,WT_DD09,6,-0.19312717705954763
0.0125,z,seed_median_curve_persistent,curve_first,WT_DD10,6,-0.0814934652372635
0.0125,z,seed_median_curve_persistent,marker_first,SCA3_DD20,4,-0.11787717715802903
0.0125,z,seed_median_curve_persistent,marker_first,SCA3_DD24,4,-0.16884230053952418
0.0125,z,seed_median_curve_persistent,marker_first,WT_150130,6,-0.21818715716697396
0.0125,z,seed_median_curve_persistent,marker_first,WT_150305,6,-0.08438352359929563
0.0125,z,seed_median_curve_persistent,marker_first,WT_DD09,6,-0.2114366059794083
0.0125,z,seed_median_curve_persistent,marker_first,WT_DD10,6,-0.07763297241172998
0.025,xy,median_seed_isotonic,curve_first,SCA3_DD20,4,-0.22106111878865126
0.025,xy,median_seed_isotonic,curve_first,SCA3_DD24,4,-0.17817423063061089
0.025,xy,median_seed_isotonic,curve_first,WT_150130,6,-0.2196360246023523
0.025,xy,median_seed_isotonic,curve_first,WT_150305,6,-0.15517342962647707
0.025,xy,median_seed_isotonic,curve_first,WT_DD09,6,-0.2196360246023523
0.025,xy,median_seed_isotonic,curve_first,WT_DD10,6,-0.15517342962647707
0.025,xy,median_seed_isotonic,marker_first,SCA3_DD20,4,-0.13510880637684733
0.025,xy,median_seed_isotonic,marker_first,SCA3_DD24,4,-0.051409791697980683
0.025,xy,median_seed_isotonic,marker_first,WT_150130,6,-0.08086645685344254
0.025,xy,median_seed_isotonic,marker_first,WT_150305,6,-0.06524666358469056
0.025,xy,median_seed_isotonic,marker_first,WT_DD09,6,-0.06524666358469056
0.025,xy,median_seed_isotonic,marker_first,WT_DD10,6,-0.06285294954381761
0.025,xy,q25_seed_isotonic,curve_first,SCA3_DD20,4,-0.2738777026330065
0.025,xy,q25_seed_isotonic,curve_first,SCA3_DD24,4,-0.19206519417399698
0.025,xy,q25_seed_isotonic,curve_first,WT_150130,6,-0.23741971860693029
0.025,xy,q25_seed_isotonic,curve_first,WT_150305,6,-0.18525138791719398
0.025,xy,q25_seed_isotonic,curve_first,WT_DD09,6,-0.23741971860693029
0.025,xy,q25_seed_isotonic,curve_first,WT_DD10,6,-0.18525138791719398
0.025,xy,q25_seed_isotonic,marker_first,SCA3_DD20,4,-0.17704373993799224
0.025,xy,q25_seed_isotonic,marker_first,SCA3_DD24,4,-0.08333391846578153
0.025,xy,q25_seed_isotonic,marker_first,WT_150130,6,-0.16967971888127995
0.025,xy,q25_seed_isotonic,marker_first,WT_150305,6,-0.11716077322004181
0.025,xy,q25_seed_isotonic,marker_first,WT_DD09,6,-0.14417416862744956
0.025,xy,q25_seed_isotonic,marker_first,WT_DD10,6,-0.08333391846578153
0.025,xy,q75_seed_isotonic,curve_first,SCA3_DD20,4,-0.14345279372234487
0.025,xy,q75_seed_isotonic,curve_first,SCA3_DD24,4,-0.15885244789150849
0.025,xy,q75_seed_isotonic,curve_first,WT_150130,6,-0.18848650189478183
0.025,xy,q75_seed_isotonic,curve_first,WT_150305,6,-0.1308655567334207
0.025,xy,q75_seed_isotonic,curve_first,WT_DD09,6,-0.18848650189478183
0.025,xy,q75_seed_isotonic,curve_first,WT_DD10,6,-0.1308655567334207
0.025,xy,q75_seed_isotonic,marker_first,SCA3_DD20,4,-0.07459730671440905
0.025,xy,q75_seed_isotonic,marker_first,SCA3_DD24,4,-0.014630093494237953
0.025,xy,q75_seed_isotonic,marker_first,WT_150130,6,-0.026817139519998395
0.025,xy,q75_seed_isotonic,marker_first,WT_150305,6,-0.00796573511526226
0.025,xy,q75_seed_isotonic,marker_first,WT_DD09,6,-0.026817139519998395
0.025,xy,q75_seed_isotonic,marker_first,WT_DD10,6,-0.00796573511526226
0.025,xy,seed_median_curve_first,curve_first,SCA3_DD20,4,-0.2530447127436196
0.025,xy,seed_median_curve_first,curve_first,SCA3_DD24,4,-0.17580095339814333
0.025,xy,seed_median_curve_first,curve_first,WT_150130,6,-0.21957624470756548
0.025,xy,seed_median_curve_first,curve_first,WT_150305,6,-0.1752678287240756
0.025,xy,seed_median_curve_first,curve_first,WT_DD09,6,-0.21957624470756548
0.025,xy,seed_median_curve_first,curve_first,WT_DD10,6,-0.1752678287240756
0.025,xy,seed_median_curve_first,marker_first,SCA3_DD20,4,-0.17440771059339089
0.025,xy,seed_median_curve_first,marker_first,SCA3_DD24,4,-0.06081784947920696
0.025,xy,seed_median_curve_first,marker_first,WT_150130,6,-0.15977265915748334
0.025,xy,seed_median_curve_first,marker_first,WT_150305,6,-0.12092092438569406
0.025,xy,seed_median_curve_first,marker_first,WT_DD09,6,-0.12092092438569406
0.025,xy,seed_median_curve_first,marker_first,WT_DD10,6,-0.0792813746311277
0.025,xy,seed_median_curve_isotonic,curve_first,SCA3_DD20,4,-0.15397060773552784
0.025,xy,seed_median_curve_isotonic,curve_first,SCA3_DD24,4,-0.17580095339814333
0.025,xy,seed_median_curve_isotonic,curve_first,WT_150130,6,-0.19134977310973011
0.025,xy,seed_median_curve_isotonic,curve_first,WT_150305,6,-0.1481348598085857
0.025,xy,seed_median_curve_isotonic,curve_first,WT_DD09,6,-0.19134977310973011
0.025,xy,seed_median_curve_isotonic,curve_first,WT_DD10,6,-0.1481348598085857
0.025,xy,seed_median_curve_isotonic,marker_first,SCA3_DD20,4,-0.11372440430446948
0.025,xy,seed_median_curve_isotonic,marker_first,SCA3_DD24,4,-0.046322442975332834
0.025,xy,seed_median_curve_isotonic,marker_first,WT_150130,6,-0.07449336286423709
0.025,xy,seed_median_curve_isotonic,marker_first,WT_150305,6,-0.057589849858939335
0.025,xy,seed_median_curve_isotonic,marker_first,WT_DD09,6,-0.083079667565412
0.025,xy,seed_median_curve_isotonic,marker_first,WT_DD10,6,-0.04900354515776442
0.025,xy,seed_median_curve_persistent,curve_first,SCA3_DD20,4,-0.12531547456821432
0.025,xy,seed_median_curve_persistent,curve_first,SCA3_DD24,4,-0.17580095339814333
0.025,xy,seed_median_curve_persistent,curve_first,WT_150130,6,-0.17580095339814333
0.025,xy,seed_median_curve_persistent,curve_first,WT_150305,6,-0.14791963781487694
0.025,xy,seed_median_curve_persistent,curve_first,WT_DD09,6,-0.17558573140443454
0.025,xy,seed_median_curve_persistent,curve_first,WT_DD10,6,-0.1481348598085857
0.025,xy,seed_median_curve_persistent,marker_first,SCA3_DD20,4,-0.11671374295364273
0.025,xy,seed_median_curve_persistent,marker_first,SCA3_DD24,4,-0.03683121086924891
0.025,xy,seed_median_curve_persistent,marker_first,WT_150130,6,-0.08344600887197767
0.025,xy,seed_median_curve_persistent,marker_first,WT_150305,6,-0.06385354066246444
0.025,xy,seed_median_curve_persistent,marker_first,WT_DD09,6,-0.06385354066246444
0.025,xy,seed_median_curve_persistent,marker_first,WT_DD10,6,-0.050063200351380815
0.025,xyz,median_seed_isotonic,curve_first,SCA3_DD20,4,-0.09753986860891273
0.025,xyz,median_seed_isotonic,curve_first,SCA3_DD24,4,-0.15943485827365142
0.025,xyz,median_seed_isotonic,curve_first,WT_150130,6,-0.1768494918417068
0.025,xyz,median_seed_isotonic,curve_first,WT_150305,6,-0.09076786383396154
0.025,xyz,median_seed_isotonic,curve_first,WT_DD09,6,-0.1662068630486026
0.025,xyz,median_seed_isotonic,curve_first,WT_DD10,6,-0.08012523504085733
0.025,xyz,median_seed_isotonic,marker_first,SCA3_DD20,4,-0.1092117658186829
0.025,xyz,median_seed_isotonic,marker_first,SCA3_DD24,4,-0.13034195549170835
0.025,xyz,median_seed_isotonic,marker_first,WT_150130,6,-0.184774503838896
0.025,xyz,median_seed_isotonic,marker_first,WT_150305,6,-0.11089885078973215
0.025,xyz,median_seed_isotonic,marker_first,WT_DD09,6,-0.13908437974154367
0.025,xyz,median_seed_isotonic,marker_first,WT_DD10,6,-0.06520872669237984
0.025,xyz,q25_seed_isotonic,curve_first,SCA3_DD20,4,-0.13392820508256686
0.025,xyz,q25_seed_isotonic,curve_first,SCA3_DD24,4,-0.1633736161189776
0.025,xyz,q25_seed_isotonic,curve_first,WT_150130,6,-0.18315587124247465
0.025,xyz,q25_seed_isotonic,curve_first,WT_150305,6,-0.12207054092681371
0.025,xyz,q25_seed_isotonic,curve_first,WT_DD09,6,-0.17523128027473073
0.025,xyz,q25_seed_isotonic,curve_first,WT_DD10,6,-0.1141459499590698
0.025,xyz,q25_seed_isotonic,marker_first,SCA3_DD20,4,-0.20295538216257553
0.025,xyz,q25_seed_isotonic,marker_first,SCA3_DD24,4,-0.1632401527822277
0.025,xyz,q25_seed_isotonic,marker_first,WT_150130,6,-0.22458688334707444
0.025,xyz,q25_seed_isotonic,marker_first,WT_150305,6,-0.16691490649496205
0.025,xyz,q25_seed_isotonic,marker_first,WT_DD09,6,-0.20295538216257553
0.025,xyz,q25_seed_isotonic,marker_first,WT_DD10,6,-0.14160865159772879
0.025,xyz,q75_seed_isotonic,curve_first,SCA3_DD20,4,-0.052163172445931896
0.025,xyz,q75_seed_isotonic,curve_first,SCA3_DD24,4,-0.15385080910312848
0.025,xyz,q75_seed_isotonic,curve_first,WT_150130,6,-0.16541841036339905
0.025,xyz,q75_seed_isotonic,curve_first,WT_150305,6,-0.08119637818885404
0.025,xyz,q75_seed_isotonic,curve_first,WT_DD09,6,-0.1527495547805254
0.025,xyz,q75_seed_isotonic,curve_first,WT_DD10,6,-0.06962877692858348
0.025,xyz,q75_seed_isotonic,marker_first,SCA3_DD20,4,-0.00429484813569786
0.025,xyz,q75_seed_isotonic,marker_first,SCA3_DD24,4,-0.11592614516426647
0.025,xyz,q75_seed_isotonic,marker_first,WT_150130,6,-0.11592614516426647
0.025,xyz,q75_seed_isotonic,marker_first,WT_150305,6,-0.030065100246070245
0.025,xyz,q75_seed_isotonic,marker_first,WT_DD09,6,-0.06325854320431509
0.025,xyz,q75_seed_isotonic,marker_first,WT_DD10,6,-0.03457601546597748
0.025,xyz,seed_median_curve_first,curve_first,SCA3_DD20,4,-0.11020727785676665
0.025,xyz,seed_median_curve_first,curve_first,SCA3_DD24,4,-0.15943333718935082
0.025,xyz,seed_median_curve_first,curve_first,WT_150130,6,-0.17669019215004414
0.025,xyz,seed_median_curve_first,curve_first,WT_150305,6,-0.10359153060487694
0.025,xyz,seed_median_curve_first,curve_first,WT_DD09,6,-0.16604908444124053
0.025,xyz,seed_median_curve_first,curve_first,WT_DD10,6,-0.09295042289607333
0.025,xyz,seed_median_curve_first,marker_first,SCA3_DD20,4,-0.12236273159979194
0.025,xyz,seed_median_curve_first,marker_first,SCA3_DD24,4,-0.13082374323188367
0.025,xyz,seed_median_curve_first,marker_first,WT_150130,6,-0.18588999371694617
0.025,xyz,seed_median_curve_first,marker_first,WT_150305,6,-0.12041870563319533
0.025,xyz,seed_median_curve_first,marker_first,WT_DD09,6,-0.1398360521069964
0.025,xyz,seed_median_curve_first,marker_first,WT_DD10,6,-0.07436476402324554
0.025,xyz,seed_median_curve_isotonic,curve_first,SCA3_DD20,4,-0.09956811475463417
0.025,xyz,seed_median_curve_isotonic,curve_first,SCA3_DD24,4,-0.15943333718935082
0.025,xyz,seed_median_curve_isotonic,curve_first,WT_150130,6,-0.17795882603771487
0.025,xyz,seed_median_curve_isotonic,curve_first,WT_150305,6,-0.09168373361507373
0.025,xyz,seed_median_curve_isotonic,curve_first,WT_DD09,6,-0.16731771832891126
0.025,xyz,seed_median_curve_isotonic,curve_first,WT_DD10,6,-0.08104262590627012
0.025,xyz,seed_median_curve_isotonic,marker_first,SCA3_DD20,4,-0.10489311240450423
0.025,xyz,seed_median_curve_isotonic,marker_first,SCA3_DD24,4,-0.13082374323188367
0.025,xyz,seed_median_curve_isotonic,marker_first,WT_150130,6,-0.18023667103264762
0.025,xyz,seed_median_curve_isotonic,marker_first,WT_150305,6,-0.11017504095368903
0.025,xyz,seed_median_curve_isotonic,marker_first,WT_DD09,6,-0.13418272942269782
0.025,xyz,seed_median_curve_isotonic,marker_first,WT_DD10,6,-0.06412109934373925
0.025,xyz,seed_median_curve_persistent,curve_first,SCA3_DD20,4,-0.09728633974507461
0.025,xyz,seed_median_curve_persistent,curve_first,SCA3_DD24,4,-0.15943333718935082
0.025,xyz,seed_median_curve_persistent,curve_first,WT_150130,6,-0.17669019215004414
0.025,xyz,seed_median_curve_persistent,curve_first,WT_150305,6,-0.0906705924931849
0.025,xyz,seed_median_curve_persistent,curve_first,WT_DD09,6,-0.16604908444124053
0.025,xyz,seed_median_curve_persistent,curve_first,WT_DD10,6,-0.0800294847843813
0.025,xyz,seed_median_curve_persistent,marker_first,SCA3_DD20,4,-0.07601565062314289
0.025,xyz,seed_median_curve_persistent,marker_first,SCA3_DD24,4,-0.13082374323188367
0.025,xyz,seed_median_curve_persistent,marker_first,WT_150130,6,-0.14678151356564484
0.025,xyz,seed_median_curve_persistent,marker_first,WT_150305,6,-0.07956999969951065
0.025,xyz,seed_median_curve_persistent,marker_first,WT_DD09,6,-0.10640990924203937
0.025,xyz,seed_median_curve_persistent,marker_first,WT_DD10,6,-0.057929892079405174
0.025,z,median_seed_isotonic,curve_first,SCA3_DD20,4,-0.09378589263616391
0.025,z,median_seed_isotonic,curve_first,SCA3_DD24,4,-0.17363976091722272
0.025,z,median_seed_isotonic,curve_first,WT_150130,6,-0.18768907301937848
0.025,z,median_seed_isotonic,curve_first,WT_150305,6,-0.07973658053400814
0.025,z,median_seed_isotonic,curve_first,WT_DD09,6,-0.18768907301937848
0.025,z,median_seed_isotonic,curve_first,WT_DD10,6,-0.07973658053400814
0.025,z,median_seed_isotonic,marker_first,SCA3_DD20,4,-0.14707304968742993
0.025,z,median_seed_isotonic,marker_first,SCA3_DD24,4,-0.15860376401010257
0.025,z,median_seed_isotonic,marker_first,WT_150130,6,-0.23132097320649764
0.025,z,median_seed_isotonic,marker_first,WT_150305,6,-0.07594917276537796
0.025,z,median_seed_isotonic,marker_first,WT_DD09,6,-0.22972764093215453
0.025,z,median_seed_isotonic,marker_first,WT_DD10,6,-0.07435584049103487
0.025,z,q25_seed_isotonic,curve_first,SCA3_DD20,4,-0.1709229480296121
0.025,z,q25_seed_isotonic,curve_first,SCA3_DD24,4,-0.17785084813881408
0.025,z,q25_seed_isotonic,curve_first,WT_150130,6,-0.22119019020706218
0.025,z,q25_seed_isotonic,curve_first,WT_150305,6,-0.12055587050685626
0.025,z,q25_seed_isotonic,curve_first,WT_DD09,6,-0.22119019020706218
0.025,z,q25_seed_isotonic,curve_first,WT_DD10,6,-0.12055587050685626
0.025,z,q25_seed_isotonic,marker_first,SCA3_DD20,4,-0.23411913066826964
0.025,z,q25_seed_isotonic,marker_first,SCA3_DD24,4,-0.17616645369220824
0.025,z,q25_seed_isotonic,marker_first,WT_150130,6,-0.2668085606299339
0.025,z,q25_seed_isotonic,marker_first,WT_150305,6,-0.14927053879570634
0.025,z,q25_seed_isotonic,marker_first,WT_DD09,6,-0.2610150455647715
0.025,z,q25_seed_isotonic,marker_first,WT_DD10,6,-0.143477023730544
0.025,z,q75_seed_isotonic,curve_first,SCA3_DD20,4,-0.04689762378736171
0.025,z,q75_seed_isotonic,curve_first,SCA3_DD24,4,-0.16333158796886987
0.025,z,q75_seed_isotonic,curve_first,WT_150130,6,-0.15964271805403665
0.025,z,q75_seed_isotonic,curve_first,WT_150305,6,-0.04689762378736171
0.025,z,q75_seed_isotonic,curve_first,WT_DD09,6,-0.1359601141210921
0.025,z,q75_seed_isotonic,curve_first,WT_DD10,6,-0.07058022772030628
0.025,z,q75_seed_isotonic,marker_first,SCA3_DD20,4,-0.002937620824816807
0.025,z,q75_seed_isotonic,marker_first,SCA3_DD24,4,-0.15116182179618648
0.025,z,q75_seed_isotonic,marker_first,WT_150130,6,-0.15116182179618648
0.025,z,q75_seed_isotonic,marker_first,WT_150305,6,-0.002937620824816807
0.025,z,q75_seed_isotonic,marker_first,WT_DD09,6,-0.09953836676354037
0.025,z,q75_seed_isotonic,marker_first,WT_DD10,6,-0.05384167312333781
0.025,z,seed_median_curve_first,curve_first,SCA3_DD20,4,-0.1007581605870429
0.025,z,seed_median_curve_first,curve_first,SCA3_DD24,4,-0.17199532916344815
0.025,z,seed_median_curve_first,curve_first,WT_150130,6,-0.1936828295679368
0.025,z,seed_median_curve_first,curve_first,WT_150305,6,-0.07907066018255424
0.025,z,seed_median_curve_first,curve_first,WT_DD09,6,-0.1936828295679368
0.025,z,seed_median_curve_first,curve_first,WT_DD10,6,-0.07907066018255424
0.025,z,seed_median_curve_first,marker_first,SCA3_DD20,4,-0.2076995916450208
0.025,z,seed_median_curve_first,marker_first,SCA3_DD24,4,-0.16521801712995152
0.025,z,seed_median_curve_first,marker_first,WT_150130,6,-0.24331915660986844
0.025,z,seed_median_curve_first,marker_first,WT_150305,6,-0.13752588060401422
0.025,z,seed_median_curve_first,marker_first,WT_DD09,6,-0.2353917281709581
0.025,z,seed_median_curve_first,marker_first,WT_DD10,6,-0.12959845216510388
0.025,z,seed_median_curve_isotonic,curve_first,SCA3_DD20,4,-0.1007581605870429
0.025,z,seed_median_curve_isotonic,curve_first,SCA3_DD24,4,-0.17199532916344815
0.025,z,seed_median_curve_isotonic,curve_first,WT_150130,6,-0.1936828295679368
0.025,z,seed_median_curve_isotonic,curve_first,WT_150305,6,-0.07907066018255424
0.025,z,seed_median_curve_isotonic,curve_first,WT_DD09,6,-0.1936828295679368
0.025,z,seed_median_curve_isotonic,curve_first,WT_DD10,6,-0.07907066018255424
0.025,z,seed_median_curve_isotonic,marker_first,SCA3_DD20,4,-0.12029568691682735
0.025,z,seed_median_curve_isotonic,marker_first,SCA3_DD24,4,-0.16154310353787474
0.025,z,seed_median_curve_isotonic,marker_first,WT_150130,6,-0.21849510956111617
0.025,z,seed_median_curve_isotonic,marker_first,WT_150305,6,-0.07568226012642515
0.025,z,seed_median_curve_isotonic,marker_first,WT_DD09,6,-0.2142425947142826
0.025,z,seed_median_curve_isotonic,marker_first,WT_DD10,6,-0.07142974527959159
0.025,z,seed_median_curve_persistent,curve_first,SCA3_DD20,4,-0.1007581605870429
0.025,z,seed_median_curve_persistent,curve_first,SCA3_DD24,4,-0.17199532916344815
0.025,z,seed_median_curve_persistent,curve_first,WT_150130,6,-0.1936828295679368
0.025,z,seed_median_curve_persistent,curve_first,WT_150305,6,-0.07907066018255424
0.025,z,seed_median_curve_persistent,curve_first,WT_DD09,6,-0.1936828295679368
0.025,z,seed_median_curve_persistent,curve_first,WT_DD10,6,-0.07907066018255424
0.025,z,seed_median_curve_persistent,marker_first,SCA3_DD20,4,-0.11705351140368034
0.025,z,seed_median_curve_persistent,marker_first,SCA3_DD24,4,-0.16521801712995152
0.025,z,seed_median_curve_persistent,marker_first,WT_150130,6,-0.21969621657548627
0.025,z,seed_median_curve_persistent,marker_first,WT_150305,6,-0.07935717371850193
0.025,z,seed_median_curve_persistent,marker_first,WT_DD09,6,-0.21176878813657593
0.025,z,seed_median_curve_persistent,marker_first,WT_DD10,6,-0.07142974527959159
0.05,xy,median_seed_isotonic,curve_first,SCA3_DD20,4,-0.1852993268692007
0.05,xy,median_seed_isotonic,curve_first,SCA3_DD24,4,-0.14397121966070128
0.05,xy,median_seed_isotonic,curve_first,WT_150130,6,-0.16092640570003158
0.05,xy,median_seed_isotonic,curve_first,WT_150305,6,-0.1377737154897165
0.05,xy,median_seed_isotonic,curve_first,WT_DD09,6,-0.16092640570003158
0.05,xy,median_seed_isotonic,curve_first,WT_DD10,6,-0.1377737154897165
0.05,xy,median_seed_isotonic,marker_first,SCA3_DD20,4,-0.12154831676964473
0.05,xy,median_seed_isotonic,marker_first,SCA3_DD24,4,-0.052279601507888795
0.05,xy,median_seed_isotonic,marker_first,WT_150130,6,-0.07924518942192257
0.05,xy,median_seed_isotonic,marker_first,WT_150305,6,-0.0641834779712124
0.05,xy,median_seed_isotonic,marker_first,WT_DD09,6,-0.0641834779712124
0.05,xy,median_seed_isotonic,marker_first,WT_DD10,6,-0.052279601507888795
0.05,xy,q25_seed_isotonic,curve_first,SCA3_DD20,4,-0.24263759932205264
0.05,xy,q25_seed_isotonic,curve_first,SCA3_DD24,4,-0.149356755767669
0.05,xy,q25_seed_isotonic,curve_first,WT_150130,6,-0.2234298263525994
0.05,xy,q25_seed_isotonic,curve_first,WT_150305,6,-0.17875449757063053
0.05,xy,q25_seed_isotonic,curve_first,WT_DD09,6,-0.22124050217725358
0.05,xy,q25_seed_isotonic,curve_first,WT_DD10,6,-0.16488941820836395
0.05,xy,q25_seed_isotonic,marker_first,SCA3_DD20,4,-0.19194900736355403
0.05,xy,q25_seed_isotonic,marker_first,SCA3_DD24,4,-0.07883070907657808
0.05,xy,q25_seed_isotonic,marker_first,WT_150130,6,-0.1541534560772505
0.05,xy,q25_seed_isotonic,marker_first,WT_150305,6,-0.1541534560772505
0.05,xy,q25_seed_isotonic,marker_first,WT_DD09,6,-0.17500057426856708
0.05,xy,q25_seed_isotonic,marker_first,WT_DD10,6,-0.1153759900134815
0.05,xy,q75_seed_isotonic,curve_first,SCA3_DD20,4,-0.14465251539485036
0.05,xy,q75_seed_isotonic,curve_first,SCA3_DD24,4,-0.13700234048932725
0.05,xy,q75_seed_isotonic,curve_first,WT_150130,6,-0.15326107099254788
0.05,xy,q75_seed_isotonic,curve_first,WT_150305,6,-0.13051932898689741
0.05,xy,q75_seed_isotonic,curve_first,WT_DD09,6,-0.15326107099254788
0.05,xy,q75_seed_isotonic,curve_first,WT_DD10,6,-0.13051932898689741
0.05,xy,q75_seed_isotonic,marker_first,SCA3_DD20,4,-0.04557685008054993
0.05,xy,q75_seed_isotonic,marker_first,SCA3_DD24,4,-0.014505759202507615
0.05,xy,q75_seed_isotonic,marker_first,WT_150130,6,-0.02998759920581423
0.05,xy,q75_seed_isotonic,marker_first,WT_150305,6,-0.008118108708684485
0.05,xy,q75_seed_isotonic,marker_first,WT_DD09,6,-0.02998759920581423
0.05,xy,q75_seed_isotonic,marker_first,WT_DD10,6,-0.008118108708684485
0.05,xy,seed_median_curve_first,curve_first,SCA3_DD20,4,-0.24548306926786595
0.05,xy,seed_median_curve_first,curve_first,SCA3_DD24,4,-0.14254263879164655
0.05,xy,seed_median_curve_first,curve_first,WT_150130,6,-0.16067822463964873
0.05,xy,seed_median_curve_first,curve_first,WT_150305,6,-0.15116996029993157
0.05,xy,seed_median_curve_first,curve_first,WT_DD09,6,-0.16930554614793375
0.05,xy,seed_median_curve_first,curve_first,WT_DD10,6,-0.14254263879164655
0.05,xy,seed_median_curve_first,marker_first,SCA3_DD20,4,-0.1567917534486465
0.05,xy,seed_median_curve_first,marker_first,SCA3_DD24,4,-0.05673798115369483
0.05,xy,seed_median_curve_first,marker_first,WT_150130,6,-0.1567917534486465
0.05,xy,seed_median_curve_first,marker_first,WT_150305,6,-0.121553476176955
0.05,xy,seed_median_curve_first,marker_first,WT_DD09,6,-0.12266161595691626
0.05,xy,seed_median_curve_first,marker_first,WT_DD10,6,-0.07529612852093194
0.05,xy,seed_median_curve_isotonic,curve_first,SCA3_DD20,4,-0.13666813746530473
0.05,xy,seed_median_curve_isotonic,curve_first,SCA3_DD24,4,-0.14254263879164655
0.05,xy,seed_median_curve_isotonic,curve_first,WT_150130,6,-0.14438855478404286
0.05,xy,seed_median_curve_isotonic,curve_first,WT_150305,6,-0.13798732716859602
0.05,xy,seed_median_curve_isotonic,curve_first,WT_DD09,6,-0.14438855478404286
0.05,xy,seed_median_curve_isotonic,curve_first,WT_DD10,6,-0.13798732716859602
0.05,xy,seed_median_curve_isotonic,marker_first,SCA3_DD20,4,-0.10125890572885138
0.05,xy,seed_median_curve_isotonic,marker_first,SCA3_DD24,4,-0.044261494363282985
0.05,xy,seed_median_curve_isotonic,marker_first,WT_150130,6,-0.07589292416121414
0.05,xy,seed_median_curve_isotonic,marker_first,WT_150305,6,-0.054836527638007226
0.05,xy,seed_median_curve_isotonic,marker_first,WT_DD09,6,-0.06774851263768554
0.05,xy,seed_median_curve_isotonic,marker_first,WT_DD10,6,-0.04669211611447863
0.05,xy,seed_median_curve_persistent,curve_first,SCA3_DD20,4,-0.10896462156202488
0.05,xy,seed_median_curve_persistent,curve_first,SCA3_DD24,4,-0.14254263879164655
0.05,xy,seed_median_curve_persistent,curve_first,WT_150130,6,-0.14254263879164655
0.05,xy,seed_median_curve_persistent,curve_first,WT_150305,6,-0.12666202312898672
0.05,xy,seed_median_curve_persistent,curve_first,WT_DD09,6,-0.13968025979261736
0.05,xy,seed_median_curve_persistent,curve_first,WT_DD10,6,-0.13798732716859602
0.05,xy,seed_median_curve_persistent,marker_first,SCA3_DD20,4,-0.10937465653892507
0.05,xy,seed_median_curve_persistent,marker_first,SCA3_DD24,4,-0.03752425748732323
0.05,xy,seed_median_curve_persistent,marker_first,WT_150130,6,-0.09535320033687188
0.05,xy,seed_median_curve_persistent,marker_first,WT_150305,6,-0.06398070560322529
0.05,xy,seed_median_curve_persistent,marker_first,WT_DD09,6,-0.06398070560322529
0.05,xy,seed_median_curve_persistent,marker_first,WT_DD10,6,-0.04100906583596048
0.05,xyz,median_seed_isotonic,curve_first,SCA3_DD20,4,-0.08647372238764157
0.05,xyz,median_seed_isotonic,curve_first,SCA3_DD24,4,-0.15303922884357105
0.05,xyz,median_seed_isotonic,curve_first,WT_150130,6,-0.16574801882065116
0.05,xyz,median_seed_isotonic,curve_first,WT_150305,6,-0.08831811644633522
0.05,xyz,median_seed_isotonic,curve_first,WT_DD09,6,-0.15119483478487739
0.05,xyz,median_seed_isotonic,curve_first,WT_DD10,6,-0.07376493241056148
0.05,xyz,median_seed_isotonic,marker_first,SCA3_DD20,4,-0.10623828011336113
0.05,xyz,median_seed_isotonic,marker_first,SCA3_DD24,4,-0.13201677200721895
0.05,xyz,median_seed_isotonic,marker_first,WT_150130,6,-0.18698098991447487
0.05,xyz,median_seed_isotonic,marker_first,WT_150305,6,-0.10680857488291509
0.05,xyz,median_seed_isotonic,marker_first,WT_DD09,6,-0.13594781221563973
0.05,xyz,median_seed_isotonic,marker_first,WT_DD10,6,-0.055775397184079964
0.05,xyz,q25_seed_isotonic,curve_first,SCA3_DD20,4,-0.12358939339398313
0.05,xyz,q25_seed_isotonic,curve_first,SCA3_DD24,4,-0.16175403086939447
0.05,xyz,q25_seed_isotonic,curve_first,WT_150130,6,-0.1754575994033497
0.05,xyz,q25_seed_isotonic,curve_first,WT_150305,6,-0.12296326570747787
0.05,xyz,q25_seed_isotonic,curve_first,WT_DD09,6,-0.1623801585558997
0.05,xyz,q25_seed_isotonic,curve_first,WT_DD10,6,-0.1098858248600279
0.05,xyz,q25_seed_isotonic,marker_first,SCA3_DD20,4,-0.18834712941774362
0.05,xyz,q25_seed_isotonic,marker_first,SCA3_DD24,4,-0.16536794291316306
0.05,xyz,q25_seed_isotonic,marker_first,WT_150130,6,-0.22115781242239266
0.05,xyz,q25_seed_isotonic,marker_first,WT_150305,6,-0.15588523017893946
0.05,xyz,q25_seed_isotonic,marker_first,WT_DD09,6,-0.1978298421519672
0.05,xyz,q25_seed_isotonic,marker_first,WT_DD10,6,-0.13255725990851402
0.05,xyz,q75_seed_isotonic,curve_first,SCA3_DD20,4,-0.03922439166188112
0.05,xyz,q75_seed_isotonic,curve_first,SCA3_DD24,4,-0.148253614287978
0.05,xyz,q75_seed_isotonic,curve_first,WT_150130,6,-0.1473989881212878
0.05,xyz,q75_seed_isotonic,curve_first,WT_150305,6,-0.06837556559160489
0.05,xyz,q75_seed_isotonic,curve_first,WT_DD09,6,-0.13890629488509387
0.05,xyz,q75_seed_isotonic,curve_first,WT_DD10,6,-0.06138395972172156
0.05,xyz,q75_seed_isotonic,marker_first,SCA3_DD20,4,0.009157134572722853
0.05,xyz,q75_seed_isotonic,marker_first,SCA3_DD24,4,-0.11830675085299794
0.05,xyz,q75_seed_isotonic,marker_first,WT_150130,6,-0.11301971505392065
0.05,xyz,q75_seed_isotonic,marker_first,WT_150305,6,-0.011490587663020704
0.05,xyz,q75_seed_isotonic,marker_first,WT_DD09,6,-0.05113029570786118
0.05,xyz,q75_seed_isotonic,marker_first,WT_DD10,6,-0.025785814445573693
0.05,xyz,seed_median_curve_first,curve_first,SCA3_DD20,4,-0.08756439348144678
0.05,xyz,seed_median_curve_first,curve_first,SCA3_DD24,4,-0.15339945155572293
0.05,xyz,seed_median_curve_first,curve_first,WT_150130,6,-0.165982815229533
0.05,xyz,seed_median_curve_first,curve_first,WT_150305,6,-0.08989443655556234
0.05,xyz,seed_median_curve_first,curve_first,WT_DD09,6,-0.15106940848160738
0.05,xyz,seed_median_curve_first,curve_first,WT_DD10,6,-0.07498102980763671
0.05,xyz,seed_median_curve_first,marker_first,SCA3_DD20,4,-0.10741123211860391
0.05,xyz,seed_median_curve_first,marker_first,SCA3_DD24,4,-0.1328820779929773
0.05,xyz,seed_median_curve_first,marker_first,WT_150130,6,-0.18827227145197253
0.05,xyz,seed_median_curve_first,marker_first,WT_150305,6,-0.1159450476200915
0.05,xyz,seed_median_curve_first,marker_first,WT_DD09,6,-0.13637378776737907
0.05,xyz,seed_median_curve_first,marker_first,WT_DD10,6,-0.06404656393549803
0.05,xyz,seed_median_curve_isotonic,curve_first,SCA3_DD20,4,-0.08769790949299582
0.05,xyz,seed_median_curve_isotonic,curve_first,SCA3_DD24,4,-0.15339945155572293
0.05,xyz,seed_median_curve_isotonic,curve_first,WT_150130,6,-0.16634441127288446
0.05,xyz,seed_median_curve_isotonic,curve_first,WT_150305,6,-0.08966635652375993
0.05,xyz,seed_median_curve_isotonic,curve_first,WT_DD09,6,-0.15143100452495883
0.05,xyz,seed_median_curve_isotonic,curve_first,WT_DD10,6,-0.0747529497758343
0.05,xyz,seed_median_curve_isotonic,marker_first,SCA3_DD20,4,-0.10013864705650613
0.05,xyz,seed_median_curve_isotonic,marker_first,SCA3_DD24,4,-0.13175809033086938
0.05,xyz,seed_median_curve_isotonic,marker_first,WT_150130,6,-0.18020351442227894
0.05,xyz,seed_median_curve_isotonic,marker_first,WT_150305,6,-0.10916871604903682
0.05,xyz,seed_median_curve_isotonic,marker_first,WT_DD09,6,-0.12942901839979337
0.05,xyz,seed_median_curve_isotonic,marker_first,WT_DD10,6,-0.05839422002655126
0.05,xyz,seed_median_curve_persistent,curve_first,SCA3_DD20,4,-0.083487885220763
0.05,xyz,seed_median_curve_persistent,curve_first,SCA3_DD24,4,-0.15339945155572293
0.05,xyz,seed_median_curve_persistent,curve_first,WT_150130,6,-0.15957626389473367
0.05,xyz,seed_median_curve_persistent,curve_first,WT_150305,6,-0.083487885220763
0.05,xyz,seed_median_curve_persistent,curve_first,WT_DD09,6,-0.1469929002209236
0.05,xyz,seed_median_curve_persistent,curve_first,WT_DD10,6,-0.07498102980763671
0.05,xyz,seed_median_curve_persistent,marker_first,SCA3_DD20,4,-0.07213211417907073
0.05,xyz,seed_median_curve_persistent,marker_first,SCA3_DD24,4,-0.1328820779929773
0.05,xyz,seed_median_curve_persistent,marker_first,WT_150130,6,-0.14047129274537784
0.05,xyz,seed_median_curve_persistent,marker_first,WT_150305,6,-0.07662519162035417
0.05,xyz,seed_median_curve_persistent,marker_first,WT_DD09,6,-0.10109466982784587
0.05,xyz,seed_median_curve_persistent,marker_first,WT_DD10,6,-0.0565141161008921
0.05,z,median_seed_isotonic,curve_first,SCA3_DD20,4,-0.09365931586872153
0.05,z,median_seed_isotonic,curve_first,SCA3_DD24,4,-0.16640270427820603
0.05,z,median_seed_isotonic,curve_first,WT_150130,6,-0.17985703496993188
0.05,z,median_seed_isotonic,curve_first,WT_150305,6,-0.08020498517699565
0.05,z,median_seed_isotonic,curve_first,WT_DD09,6,-0.17985703496993188
0.05,z,median_seed_isotonic,curve_first,WT_DD10,6,-0.08020498517699565
0.05,z,median_seed_isotonic,marker_first,SCA3_DD20,4,-0.14789000806021516
0.05,z,median_seed_isotonic,marker_first,SCA3_DD24,4,-0.16047259867183256
0.05,z,median_seed_isotonic,marker_first,WT_150130,6,-0.23451515316051907
0.05,z,median_seed_isotonic,marker_first,WT_150305,6,-0.07384745357152861
0.05,z,median_seed_isotonic,marker_first,WT_DD09,6,-0.23451515316051907
0.05,z,median_seed_isotonic,marker_first,WT_DD10,6,-0.07384745357152861
0.05,z,q25_seed_isotonic,curve_first,SCA3_DD20,4,-0.17587796860474358
0.05,z,q25_seed_isotonic,curve_first,SCA3_DD24,4,-0.1777089833908058
0.05,z,q25_seed_isotonic,curve_first,WT_150130,6,-0.21750332012775664
0.05,z,q25_seed_isotonic,curve_first,WT_150305,6,-0.12688174198676339
0.05,z,q25_seed_isotonic,curve_first,WT_DD09,6,-0.21750332012775664
0.05,z,q25_seed_isotonic,curve_first,WT_DD10,6,-0.12688174198676339
0.05,z,q25_seed_isotonic,marker_first,SCA3_DD20,4,-0.23208042389561306
0.05,z,q25_seed_isotonic,marker_first,SCA3_DD24,4,-0.18677648739832048
0.05,z,q25_seed_isotonic,marker_first,WT_150130,6,-0.2740184531265743
0.05,z,q25_seed_isotonic,marker_first,WT_150305,6,-0.15739648597669142
0.05,z,q25_seed_isotonic,marker_first,WT_DD09,6,-0.2614604253172421
0.05,z,q25_seed_isotonic,marker_first,WT_DD10,6,-0.14483845816735927
0.05,z,q75_seed_isotonic,curve_first,SCA3_DD20,4,-0.046286611891286765
0.05,z,q75_seed_isotonic,curve_first,SCA3_DD24,4,-0.16004737281948833
0.05,z,q75_seed_isotonic,curve_first,WT_150130,6,-0.15369415176331955
0.05,z,q75_seed_isotonic,curve_first,WT_150305,6,-0.046286611891286765
0.05,z,q75_seed_isotonic,curve_first,WT_DD09,6,-0.13302767791661962
0.05,z,q75_seed_isotonic,curve_first,WT_DD10,6,-0.0659900604356084
0.05,z,q75_seed_isotonic,marker_first,SCA3_DD20,4,0.0011875823578037861
0.05,z,q75_seed_isotonic,marker_first,SCA3_DD24,4,-0.15309264954222124
0.05,z,q75_seed_isotonic,marker_first,WT_150130,6,-0.15309264954222124
0.05,z,q75_seed_isotonic,marker_first,WT_150305,6,0.0011875823578037861
0.05,z,q75_seed_isotonic,marker_first,WT_DD09,6,-0.10200141910095778
0.05,z,q75_seed_isotonic,marker_first,WT_DD10,6,-0.04990364808345966
0.05,z,seed_median_curve_first,curve_first,SCA3_DD20,4,-0.09789564467116921
0.05,z,seed_median_curve_first,curve_first,SCA3_DD24,4,-0.1667828658861466
0.05,z,seed_median_curve_first,curve_first,WT_150130,6,-0.18691848781252454
0.05,z,seed_median_curve_first,curve_first,WT_150305,6,-0.07776002274479124
0.05,z,seed_median_curve_first,curve_first,WT_DD09,6,-0.18691848781252454
0.05,z,seed_median_curve_first,curve_first,WT_DD10,6,-0.07776002274479124
0.05,z,seed_median_curve_first,marker_first,SCA3_DD20,4,-0.20481400701285107
0.05,z,seed_median_curve_first,marker_first,SCA3_DD24,4,-0.16437447757670448
0.05,z,seed_median_curve_first,marker_first,WT_150130,6,-0.23843421767319706
0.05,z,seed_median_curve_first,marker_first,WT_150305,6,-0.1330825650197661
0.05,z,seed_median_curve_first,marker_first,WT_DD09,6,-0.23610591956978946
0.05,z,seed_median_curve_first,marker_first,WT_DD10,6,-0.1307542669163585
0.05,z,seed_median_curve_isotonic,curve_first,SCA3_DD20,4,-0.09789564467116921
0.05,z,seed_median_curve_isotonic,curve_first,SCA3_DD24,4,-0.1667828658861466
0.05,z,seed_median_curve_isotonic,curve_first,WT_150130,6,-0.18691848781252454
0.05,z,seed_median_curve_isotonic,curve_first,WT_150305,6,-0.07776002274479124
0.05,z,seed_median_curve_isotonic,curve_first,WT_DD09,6,-0.18691848781252454
0.05,z,seed_median_curve_isotonic,curve_first,WT_DD10,6,-0.07776002274479124
0.05,z,seed_median_curve_isotonic,marker_first,SCA3_DD20,4,-0.11765848604490448
0.05,z,seed_median_curve_isotonic,marker_first,SCA3_DD24,4,-0.1627697468683552
0.05,z,seed_median_curve_isotonic,marker_first,WT_150130,6,-0.21517008743327823
0.05,z,seed_median_curve_isotonic,marker_first,WT_150305,6,-0.0659817128750397
0.05,z,seed_median_curve_isotonic,marker_first,WT_DD09,6,-0.21444652003821996
0.05,z,seed_median_curve_isotonic,marker_first,WT_DD10,6,-0.06525814547998143
0.05,z,seed_median_curve_persistent,curve_first,SCA3_DD20,4,-0.09789564467116921
0.05,z,seed_median_curve_persistent,curve_first,SCA3_DD24,4,-0.1667828658861466
0.05,z,seed_median_curve_persistent,curve_first,WT_150130,6,-0.18691848781252454
0.05,z,seed_median_curve_persistent,curve_first,WT_150305,6,-0.07776002274479124
0.05,z,seed_median_curve_persistent,curve_first,WT_DD09,6,-0.18691848781252454
0.05,z,seed_median_curve_persistent,curve_first,WT_DD10,6,-0.07776002274479124
0.05,z,seed_median_curve_persistent,marker_first,SCA3_DD20,4,-0.1107897100844299
0.05,z,seed_median_curve_persistent,marker_first,SCA3_DD24,4,-0.16437447757670448
0.05,z,seed_median_curve_persistent,marker_first,WT_150130,6,-0.20982484985458894
0.05,z,seed_median_curve_persistent,marker_first,WT_150305,6,-0.06766763590995302
0.05,z,seed_median_curve_persistent,marker_first,WT_DD09,6,-0.20749655175118137
0.05,z,seed_median_curve_persistent,marker_first,WT_DD10,6,-0.06533933780654544
