p,n_animal_pair_seed,n_animal_pairs,seed_median,seed_q25,seed_q75,n_cell_pairs_median,n_cell_pairs_q25,n_cell_pairs_q75,n_support_scenarios_median,n_support_scenarios_q25,n_support_scenarios_q75,path_fi_median,path_fi_q25,path_fi_q75,path_fi_xyz_median,path_fi_xyz_q25,path_fi_xyz_q75,path_fi_xy_median,path_fi_xy_q25,path_fi_xy_q75,path_fi_z_median,path_fi_z_q25,path_fi_z_q75,path_fi_conditional_z_given_xy_median,path_fi_conditional_z_given_xy_q25,path_fi_conditional_z_given_xy_q75,path_fi_chain_rule_violation_median,path_fi_chain_rule_violation_q25,path_fi_chain_rule_violation_q75,path_score_mean_median,path_score_mean_q25,path_score_mean_q75,path_score_mean_xy_median,path_score_mean_xy_q25,path_score_mean_xy_q75,path_score_mean_z_median,path_score_mean_z_q25,path_score_mean_z_q75,state_fi_D_median,state_fi_D_q25,state_fi_D_q75,epr_proxy_median,epr_proxy_q25,epr_proxy_q75,drift_power_Dinv_median,drift_power_Dinv_q25,drift_power_Dinv_q75,circulation_fraction_median,circulation_fraction_q25,circulation_fraction_q75,stationary_current_divergence_relative_median,stationary_current_divergence_relative_q25,stationary_current_divergence_relative_q75,hs_force_mean_median,hs_force_mean_q25,hs_force_mean_q75,hs_force_variance_median,hs_force_variance_q25,hs_force_variance_q75,hs_force_variance_sample_median,hs_force_variance_sample_q25,hs_force_variance_sample_q75,force_variance_consistency_ratio_median,force_variance_consistency_ratio_q25,force_variance_consistency_ratio_q75,force_correlation_time_ms_median,force_correlation_time_ms_q25,force_correlation_time_ms_q75,friction_metric_median,friction_metric_q25,friction_metric_q75,markov_db_violation_median,markov_db_violation_q25,markov_db_violation_q75,markov_entropy_per_lag_median,markov_entropy_per_lag_q25,markov_entropy_per_lag_q75,markov_stationarity_residual_median,markov_stationarity_residual_q25,markov_stationarity_residual_q75,markov_empirical_pi_l1_median,markov_empirical_pi_l1_q25,markov_empirical_pi_l1_q75,cycle_count_median,cycle_count_q25,cycle_count_q75,cycle_affinity_median_abs_median,cycle_affinity_median_abs_q25,cycle_affinity_median_abs_q75,cycle_affinity_max_abs_median,cycle_affinity_max_abs_q25,cycle_affinity_max_abs_q75,retained_sample_fraction_median,retained_sample_fraction_q25,retained_sample_fraction_q75,thermodynamic_length_path_fi_cumulative_median,thermodynamic_length_path_fi_cumulative_q25,thermodynamic_length_path_fi_cumulative_q75,thermodynamic_length_path_fi_fraction_median,thermodynamic_length_path_fi_fraction_q25,thermodynamic_length_path_fi_fraction_q75,thermodynamic_length_friction_cumulative_median,thermodynamic_length_friction_cumulative_q25,thermodynamic_length_friction_cumulative_q75,thermodynamic_length_friction_fraction_median,thermodynamic_length_friction_fraction_q25,thermodynamic_length_friction_fraction_q75
0.0,40,8,22260823.0,21260821.0,23260837.0,4.0,2.0,6.0,9.333333333333334,5.333333333333334,13.0,9186.987956760295,3355.439111276452,19384.472191031484,9186.987956760295,3355.439111276452,19384.472191031484,3409.365223043117,391.28093066862414,9013.039431945754,3307.214686477701,1133.7465589055482,7291.577607939023,3758.26326131698,1588.8723596824043,11588.861825530825,0.0,0.0,4.4273742953852775,-16.866554815336386,-37.77154354871654,-5.770158081847229,-5.765793509343508,-16.452642534254338,-1.6928136408869783,-9.651200733682995,-22.51402826152222,-5.181494742668294,0.029610704962658503,0.02568967761002359,0.03282467269296135,10167.550963247231,8573.150307062608,14303.92388469545,10184.994700020265,8590.199840778625,14322.336944559313,0.9999940186516756,0.9999927137543626,0.9999950426677137,0.6042248906183042,0.5892627240918782,0.6233864716403061,17.17463184484462,7.258025149673178,38.274140595519604,9186.987956760295,3355.439111276452,19384.472191031484,7773.409063595008,2230.6368297577046,17121.19422767309,0.5340176374526964,0.4788965762402816,0.6142574395928662,62.13121513768782,48.928494047802076,84.23900974674635,1399329.4628099692,430717.9735805532,2913515.5745828655,0.44059043702997813,0.38284764864467624,0.5260686757151868,2.695347290334671,1.741098767910304,3.820581739630584,8.250861166854975e-15,7.56933337382594e-15,8.662865708340222e-15,0.023043118009929642,0.008329414248072379,0.05293087774110905,25.226851851851855,17.04166666666667,29.348379629629633,2.839570809343259,2.6097319308310754,3.4168536208804916,8.328774022350386,7.602950981019211,9.613071068778336,1.0,0.9999947916666667,1.0,0.0,0.0,0.0,0.0,0.0,0.0,0.0,0.0,0.0,0.0,0.0,0.0
0.03333333333333333,40,8,22260823.0,21260821.0,23260837.0,4.0,2.0,6.0,9.333333333333334,5.333333333333334,13.0,828.24698245494,470.00151960122656,1939.900483207193,828.24698245494,470.00151960122656,1939.900483207193,353.12045173727427,172.59407245800577,847.6324617365618,316.3945317354142,213.50994515874697,1183.051861775824,404.7670106436873,226.72193998631695,1293.5979621168813,0.0,0.0,0.0913991317237544,1.1343301148398768,-0.6885658994840103,2.82551673553576,0.6639408848210945,-0.42287025201189715,1.7394861860065953,0.6844348881731455,-1.0299143447253005,1.976980610321412,0.02954226714319315,0.0262350696875987,0.0328253289107793,10568.610530411515,8782.075191125237,14568.523616707622,10586.933198796884,8799.455159044219,14587.032761687218,0.9999939746188585,0.9999926332423235,0.9999950495491843,0.6074892755636891,0.5926669961248687,0.628591209582056,-0.6766119272531634,-2.3135110171224853,0.9947514858428529,828.24698245494,470.00151960122656,1939.900483207193,648.2069882720314,301.7074329362962,1632.711701931683,0.5147026075952308,0.4373743002089214,0.5636176194382314,65.81680482049183,46.53013344759752,83.16734594102354,84400.45670879875,36261.400241496936,294567.11863659124,0.4343949021292402,0.4003164709551488,0.5748650792662279,2.547512264590188,1.8107052606425056,3.9738923764420684,7.773745638975475e-15,7.528576407158589e-15,8.32235394603494e-15,0.023554498077447444,0.00908589985293802,0.04567272095979864,25.055555555555557,14.989583333333336,32.38888888888889,2.8957968894684485,2.629511234253196,3.7338334822450716,8.38518541935508,7.498340988139386,9.549007054684568,1.0,1.0,1.0,1.3057954125291706,0.81770062597456,1.9034921145568289,0.07446769353599511,0.04853926311896676,0.11170043649082419,12.32663238026782,6.77397922856793,22.617494448583614,0.08429333016678298,0.05696881638129381,0.12688131735526553
0.06666666666666667,40,8,22260823.0,21260821.0,23260837.0,4.0,2.0,6.0,9.333333333333334,5.333333333333334,13.0,505.0464473446249,347.2852901771081,2006.9432691885277,505.0464473446249,347.2852901771081,2006.9432691885277,221.16206990034104,83.14120836390539,679.7149956066098,280.9272408199671,143.20386828617524,962.9426056431762,327.1725638052425,149.5218213065644,960.3321526392633,0.0,0.0,0.36056624092639006,-0.12280727356172,-1.2029619305326622,1.8041695969067757,0.14571495004185442,-0.45320689559924865,0.5953368974787041,-0.08538208078281687,-1.0878047810346585,1.4287820246596965,0.029446861158840203,0.026555153893471493,0.03266762685249013,10933.118527981344,8492.36865244215,15139.739929681622,10951.967529462392,8511.155875248516,15159.170555815675,0.9999940751500866,0.9999928248218519,0.999995132728321,0.6132258036368974,0.6020876244616887,0.6207373951436881,0.2683716615085197,-1.3577157736905976,1.5259392133796958,505.0464473446249,347.2852901771081,2006.9432691885277,412.50894314681847,229.63725830618833,1833.612132467143,0.5394372191905467,0.4656087722316238,0.5723669857472041,55.018087757990955,43.70499532700751,81.63319092276127,67275.86915133326,30133.319690667104,299251.5482351854,0.4598426216527183,0.4209052453777566,0.5743319096709971,2.5663636529679854,1.9921194098954182,4.198016931735418,7.898521246774148e-15,7.418476680433584e-15,8.267649923087644e-15,0.017786256912835696,0.006550347835735248,0.04369283779646298,24.469907407407412,16.8125,30.13773148148148,3.0453107365821532,2.748381571163781,3.554339569972258,8.212247016533802,7.642283311033431,9.524885904885371,1.0,1.0,1.0,1.9282440071594147,1.294069538203152,2.9661503124369313,0.12108752308579024,0.08107986035802726,0.1708644274015048,17.516304851192558,10.551702922162036,34.79209132646916,0.1312247352185011,0.08847476054656694,0.1902844773713531
0.1,40,8,22260823.0,21260821.0,23260837.0,4.0,2.0,6.0,9.333333333333334,5.333333333333334,13.0,731.6395465521746,320.99292091017213,2551.7445514204915,731.6395465521746,320.99292091017213,2551.7445514204915,269.4774225954763,109.80915400344696,736.3870026839837,264.7727487723314,147.19460378211375,1002.6549608868767,388.37703690879266,154.3163172101605,1232.4045786178779,0.079973033808441,0.0,2.498446941564786,-0.11839407842367614,-1.3435438661979442,2.1534770005772463,-0.05675639686907934,-1.1225535172569243,0.2685000796096112,-0.0986885431112434,-0.6874597831022115,1.4480085337425437,0.02997580945899465,0.02665968528802543,0.03234832127037712,10861.894144818856,8172.629614701935,14997.134652452041,10880.370724774046,8191.1971605223,15018.229094100248,0.9999940514920012,0.999993036333027,0.999995344739815,0.6141278124786674,0.6033596757367428,0.6269014956756261,0.47328458355558445,-2.0290498928822176,1.379310330254238,731.6395465521746,320.99292091017213,2551.7445514204915,581.1609765979847,260.74665594134274,2487.206448605408,0.5089500516040073,0.4673614834077371,0.5837798744555905,60.08043412659518,43.34908535315745,84.07804287617522,92578.47363924496,18706.307934641605,320008.6689281723,0.48336621717502465,0.44324788110741264,0.5849254710043016,2.6679342059357145,2.252850331664246,4.362076555348529,7.709625119381961e-15,7.359805280647712e-15,8.312307005903241e-15,0.01862368186493195,0.00736381705257393,0.04276740588849671,24.131944444444446,14.96875,28.3125,2.917012400226347,2.7379852402089337,3.2196145440234685,8.05744531201604,7.36090360585151,8.594420318308632,1.0,1.0,1.0,2.4607664460053744,1.7733381145913794,4.109572129939037,0.16173324368438088,0.11164775289023744,0.2169528478336108,21.840260089787897,13.594008041786108,46.69329100366207,0.17724315084993478,0.12490457423363818,0.2391971645371782
0.13333333333333333,40,8,22260823.0,21260821.0,23260837.0,4.0,2.0,6.0,9.333333333333334,5.333333333333334,13.0,537.2517403832193,271.8915964479358,1177.5318730645731,537.2517403832193,271.8915964479358,1177.5318730645731,141.14354448050415,55.28940060746219,445.2452953146708,255.6100916304096,145.5472786178093,413.5740164768873,346.3965966218438,149.56075326910204,530.548638155797,0.0,0.0,0.24955895539893083,0.029678613396355802,-2.4404363068110118,0.9772800959524588,-0.16391609150165465,-0.6208763997463033,0.20326596653158208,-0.37877219277960716,-1.8420510219474728,0.5152418966708473,0.030422813519194236,0.02689434386364915,0.032317077241697544,10068.845495431728,8073.489101362334,14089.452037725467,10087.408137538217,8092.565044141516,14110.484485925572,0.9999940133494323,0.9999931720779506,0.9999952554729492,0.6157499000203938,0.6062929506134049,0.6310661442660956,0.08269816862394413,-0.7743659124960338,2.4224137961715506,537.2517403832193,271.8915964479358,1177.5318730645731,372.907696237172,202.90642403744687,1008.3822506802782,0.5058267715367382,0.4571459035825447,0.5513718996729708,60.10926360463142,46.74771387410993,81.07028797748882,73991.43761671425,23436.878008150834,174075.85224945098,0.5045412733691047,0.4647611412166932,0.6057344256051657,2.9129867714133972,2.5467508091285174,4.74942758375453,7.747283074839626e-15,7.456451865415792e-15,8.306066383314684e-15,0.014865122486392927,0.006086381719027119,0.02683675599816257,23.4375,19.468750000000004,28.40277777777778,2.948922060422516,2.7104489805075285,3.4348387497197184,7.907005829975983,7.479578290765923,8.537445717635508,1.0,1.0,1.0,3.037566079523099,2.1775829891249563,5.010392044357404,0.19817565254789046,0.1372386668445587,0.2576392834975574,27.954290885576782,16.407926269043802,56.035617071053196,0.21529345678410233,0.14941450740748047,0.27889965557169527
0.16666666666666666,40,8,22260823.0,21260821.0,23260837.0,4.0,2.0,6.0,9.333333333333334,5.333333333333334,13.0,516.9664466271242,181.64839594430032,1064.9404395455986,516.9664466271242,181.64839594430032,1064.9404395455986,107.7189133024724,35.391844516018026,410.1867704496768,216.4964018848218,91.92178990376065,587.0852104261753,212.5543351063997,129.2549364056203,605.9831962060064,0.0,0.0,0.0,0.07998096167223775,-1.2905711605448364,0.9804977598544464,-0.009704523120738195,-0.5588943393546321,0.24185540854591805,0.09222119817608981,-0.8733796790338861,0.5426882314031356,0.030454390820069142,0.02710303209334176,0.03259506192819252,10152.255766169561,7782.548487948798,13827.477637159975,10170.990862990586,7800.6401050480545,13848.643738859084,0.99999410399073,0.9999929901450963,0.9999953860826947,0.6221116238150787,0.6099100084417399,0.6394795613250825,0.009539241717219128,-0.8449411937092237,1.3726064044396669,516.9664466271242,181.64839594430032,1064.9404395455986,415.90082506102624,108.04235241936215,820.9209344119549,0.49408909478952057,0.4491789329948048,0.5349472663401242,56.891560514777666,44.84890730644262,78.43362812977713,63999.691671191336,17809.76187381771,127705.88892499323,0.5535059284949091,0.5078667874129041,0.6072618631576235,3.230367631173362,2.826445924852569,4.833749624710524,7.845431480394774e-15,7.375586445602779e-15,8.361529784534083e-15,0.011859042590613236,0.007484019957823325,0.030437975454854497,22.0625,18.618055555555557,27.243055555555557,3.114390076345083,2.710590304872895,3.5003423214852436,7.931355682665488,7.445261925750014,8.808756031993303,1.0,1.0,1.0,3.686216083882767,2.5948622640131425,5.753795671605238,0.23175700828744686,0.1588434362453266,0.29663104643515,33.53618333434136,19.491291107015606,63.657236058311874,0.2520719797051737,0.17234510558403818,0.31423610648067607
0.2,40,8,22260823.0,21260821.0,23260837.0,4.0,2.0,6.0,9.333333333333334,5.333333333333334,13.0,349.195171497697,127.4403507721959,1007.940856969331,349.195171497697,127.4403507721959,1007.940856969331,106.53220507893134,29.28856539854382,482.9928813767259,152.28648710776298,85.87085475224112,520.3937774223008,164.5825404397031,92.36456812517744,566.4792597337374,0.0,0.0,0.21228151265366615,0.13427642191617561,-0.6390323251301249,1.73428485082504,0.041177846412064296,-0.3055237292485968,0.3041124792142855,0.06426880887977185,-0.8000280247477045,1.552275537001821,0.030608716839740986,0.027172229355958796,0.03257279703305206,10531.130627987835,7778.731707702118,13146.41193835621,10550.102494166906,7797.573858607417,13167.478517591037,0.9999941365309131,0.999993163432167,0.9999953971588935,0.6256092492863827,0.6081049954442902,0.6430117593402216,-0.08513279962252931,-1.5850262602524752,0.9379637267040835,349.195171497697,127.4403507721959,1007.940856969331,267.2631141034653,74.06390585989222,882.355283891593,0.49554459753984015,0.44326495035955693,0.5570020410767199,60.88381349568573,43.68373421371354,76.41908307777437,39715.76434121069,11611.993156736226,143452.39751800193,0.5877249496746777,0.5347047618514623,0.6076103450112856,3.6778304076610424,3.4204972428463227,5.457490164012031,7.890823411349501e-15,7.485363923348737e-15,8.306473395880728e-15,0.012104097804550115,0.0068435887607951485,0.02234955289401179,20.423611111111114,17.972800925925927,24.250000000000004,2.922352770615451,2.6372174166706035,3.221845713097414,8.096395164285324,7.148547491050186,8.483854395439776,1.0,1.0,1.0,4.268891408319895,2.9437356098776433,6.515670009561669,0.263512048691403,0.18213845129090953,0.3285391193434877,38.96471226539633,22.018461282957006,69.78762306192353,0.28188114172253254,0.19686473376636401,0.34341296200056665
0.23333333333333334,40,8,22260823.0,21260821.0,23260837.0,4.0,2.0,6.0,9.333333333333334,5.333333333333334,13.0,254.92135018359443,133.10724616784316,873.7685466189621,254.92135018359443,133.10724616784316,873.7685466189621,42.02760047235316,21.279679719500383,327.94869950644477,148.57353811551013,90.98556624853154,436.9401348250221,198.0867032313021,102.81225116496856,526.955190096208,0.0,0.0,0.0,0.23300363052273587,-0.43701516062642987,1.2059403633414543,0.04395040967186864,-0.056910821811474555,0.36035801527938977,0.08958678823710789,-0.30714453827152755,0.8887532800971584,0.030866609307120582,0.02741246558003325,0.0330208076459884,10126.144485105096,7870.27383721531,12448.995290443812,10145.150681556517,7888.961944870154,12470.563617855318,0.999994135624322,0.9999931976619534,0.9999953880892779,0.6288065956230895,0.6113633043225162,0.6481247437973656,-0.11610496813902266,-1.1461579774346846,0.46976049459514524,254.92135018359443,133.10724616784316,873.7685466189621,163.9172546893147,78.6402242870208,697.8497427228374,0.4630780120936958,0.43975863633623635,0.5323328925168842,55.600276452646185,42.9163767938993,77.34033356181222,29992.3851845542,14851.904189350513,118371.15387756657,0.601149733977254,0.5783372999201433,0.6215004265748001,4.304586096684317,3.854406241891664,5.737915255977921,7.996721854656123e-15,7.626205801118207e-15,8.528009028119234e-15,0.013279458478691946,0.006240207583929822,0.028303782847825525,19.04861111111111,16.73263888888889,22.5625,2.9086885831230482,2.573935456130175,3.218508834164245,7.620182021633609,6.92385344565368,8.693453384767704,1.0,1.0,1.0,4.744414403256736,3.2435837976368562,7.215103285624977,0.2935873999759806,0.21163098466172436,0.3583314371364991,43.20965331526259,24.259948129613598,75.42999254448456,0.31236241603891457,0.21879399412944395,0.3721791420873903
0.26666666666666666,40,8,22260823.0,21260821.0,23260837.0,4.0,2.0,6.0,9.333333333333334,5.333333333333334,13.0,284.0495434166095,105.27629525973813,793.6104164019921,284.0495434166095,105.27629525973813,793.6104164019921,66.09875327334994,24.784435213631664,237.18758287994802,127.96454059784821,69.97187459050797,382.03422937989717,170.52055644804832,79.0925150966093,454.9155889128199,0.0,0.0,0.0,0.05692582507017719,-1.177997845828767,1.76675799505841,0.0015731280183965872,-0.24490486172572495,0.3574961485443154,0.1201435191493524,-0.5578715383278484,1.1314473587601355,0.030493290444828115,0.027300507126756517,0.03265876026864577,10347.325774974832,7734.357936068189,12153.715941692593,10369.249571190441,7753.661043477356,12174.908268105071,0.9999941731867523,0.9999933617016831,0.9999954721179698,0.6320793408971089,0.6084620110987102,0.6504450244624747,-0.07668413795522135,-1.3854147750737296,1.1027842167005968,284.0495434166095,105.27629525973813,793.6104164019921,185.05678538374664,59.15159107126519,551.9506125761042,0.4779973104115953,0.446334557514883,0.5479506763636968,57.71178654320502,40.410896797941064,70.54380954021774,39468.058089301936,8754.824782340922,105786.54071203523,0.6107409918372146,0.5838037489838058,0.6340916862409453,5.046888260857807,4.377894722035553,5.8975790639097125,7.967665236433513e-15,7.52831439163357e-15,8.364884787923386e-15,0.013283561165568518,0.006638769701484998,0.021922757369761476,19.368055555555557,17.151041666666664,21.90914351851852,2.959500744988708,2.564279914727364,3.1495282181909428,7.417234709350638,6.886489446574336,8.297851545463168,1.0,1.0,1.0,5.2723248739084365,3.526315232655991,7.7484355407589645,0.3218159716835719,0.2332873989900374,0.3871979622255256,48.42375175207194,26.193014406942375,83.94769011162182,0.3390000818297672,0.23688122762762087,0.40056812017356813
0.3,40,8,22260823.0,21260821.0,23260837.0,4.0,2.0,6.0,9.333333333333334,5.333333333333334,13.0,184.93668759473377,106.85144005140835,448.20973459452,184.93668759473377,106.85144005140835,448.20973459452,45.4580426616086,18.064777832731767,158.11098903780143,116.24452962740882,63.186709808654236,182.27473596573122,130.65714242210896,73.91770438990947,303.8112980459636,0.0,0.0,0.039411913639327986,-0.0896660398891517,-1.2393557581851635,0.5561715815338293,0.03412294659002833,-0.2886636416121777,0.27344335957999344,-0.08122316764718185,-0.7745478323798116,0.4629142668790758,0.030703521036289164,0.027410882088493405,0.03321374868707727,9574.811053778103,7826.293402767009,12212.772710140416,9596.116080413054,7845.61935795883,12234.905428310674,0.9999941902481642,0.9999933680154813,0.9999955837643731,0.6339049630646705,0.605015747492379,0.6587820885366888,0.06836537751104582,-0.5408100400264565,1.2812410374812988,184.93668759473377,106.85144005140835,448.20973459452,105.17649093476979,63.269456887516924,313.55782133990135,0.47020781043746285,0.44937873446204885,0.5354041172966122,57.44250856120371,42.8622360726273,73.2327922788726,21149.93830682271,9870.284564375426,59241.04739179983,0.6243031898667484,0.591943221245266,0.6644420364350491,5.471682565167319,5.0415301754108945,6.182417158014387,8.038146408772274e-15,7.676850089264084e-15,8.405241202121457e-15,0.01159239689844737,0.005205543989565479,0.016630690323636187,20.194444444444443,18.649305555555557,21.770833333333336,2.7706590425469644,2.4761822306301404,3.070171691874588,7.374976843937306,6.767203648057334,8.17507662582866,1.0,1.0,1.0,5.723972249922163,3.8518141511600508,8.20712570819719,0.3481205807516296,0.25754415791540863,0.41387680038431546,54.91797199182619,28.135875326920555,88.78179935221132,0.36050272948459683,0.2609608627529156,0.42530178295677296
0.3333333333333333,40,8,22260823.0,21260821.0,23260837.0,4.0,2.0,6.0,9.333333333333334,5.333333333333334,13.0,241.58552661513025,82.9784635535504,1090.5251114296964,241.58552661513025,82.9784635535504,1090.5251114296964,47.91654157871234,15.92124343822998,204.11361055339916,141.47283810884483,62.083615246279564,479.63970882776226,181.9747051297623,67.53062768082341,535.2429107679318,0.0,0.0,0.0,-0.07139251200087032,-0.8497653847582548,0.7982302952145759,0.01347749286571906,-0.2545464770842774,0.2306718333900471,-0.08003319973379616,-0.5811317955407127,0.4311235203401897,0.030980153638390136,0.027233800385539145,0.03295698023630591,9425.03250857268,7663.011425004038,11671.176656007523,9444.350119296687,7682.910739267761,11692.511322492923,0.9999942164367952,0.9999934878049193,0.9999955849107921,0.6398607999582888,0.6120500411119377,0.6535639299514996,0.04405838864419537,-0.5746205897913987,0.7335118485006887,241.58552661513025,82.9784635535504,1090.5251114296964,133.44108173934848,43.04019167009203,1040.0112515079843,0.4733610280169731,0.44850441905595073,0.5397042597309091,55.51672177917182,37.668014505012444,70.12418010221481,31512.399277289565,6975.973934377199,136650.3715703368,0.6500742220639475,0.6222909331500778,0.6760434429712665,6.066691925470774,5.199283040670841,6.53633139621545,8.097592812333294e-15,7.818737863023327e-15,8.366354484201644e-15,0.009552424618205858,0.006579172448039867,0.020177051941239227,21.236111111111114,19.579861111111114,26.552083333333332,2.7625952878616724,2.528076630196277,3.075327526036238,7.251397277057578,6.943401612218666,8.3895577799397,1.0,1.0,1.0,6.147504940149464,4.12737730418193,8.74270359647196,0.3734893864894922,0.2867501728694582,0.44007062987965184,58.87532106260028,29.870689742667153,93.6426793607537,0.3833468632256756,0.2849840295471495,0.44917648052881404
0.36666666666666664,40,8,22260823.0,21260821.0,23260837.0,4.0,2.0,6.0,9.333333333333334,5.333333333333334,13.0,180.88593256464355,120.55090544777337,668.3779945276616,180.88593256464355,120.55090544777337,668.3779945276616,31.505877443993548,19.431213855397644,67.13018410936776,104.59310498827006,84.73537028910602,327.0989118789773,115.47634748913876,95.78463694543014,536.0953693539626,0.0,0.0,0.0,0.11244191859188828,-0.46095406258288624,1.0810848988328923,0.042361561852657395,-0.06480769968505634,0.3208024153970707,0.07394150394160812,-0.3259140426438994,0.814311407603389,0.030820895561587586,0.027317341364414223,0.03305887051105253,9136.531752890969,7744.982382930528,11323.96486133613,9158.387903255312,7764.659429345951,11345.484048048407,0.9999941528316425,0.9999935831642895,0.9999956766621106,0.6330948254428574,0.6134538279537962,0.652814257857796,-0.07958972609334147,-1.192874279128161,0.5917898573403656,180.88593256464355,120.55090544777337,668.3779945276616,114.25057270280948,64.16579691196102,482.7416456073064,0.4676478125148762,0.4425272043878454,0.518727052736332,58.153235907622886,43.006691559930616,70.35830480742932,19360.688023455936,10479.67166073129,91369.81205553075,0.6522360044550508,0.6327764139866267,0.6907866281143644,6.333883000033383,5.473437502363631,6.785773842358499,8.097135038082689e-15,7.759972255821306e-15,8.385725563016718e-15,0.011030027404301548,0.005953387448519321,0.017272540448162805,19.881944444444443,17.90972222222222,23.298611111111114,2.7364882255969007,2.5297925912919865,3.078900885834022,7.815783549450667,7.186090197858155,8.49456394631655,1.0,1.0,1.0,6.536240748554529,4.403670256685784,9.289038231184612,0.3998623394121518,0.30769888635707937,0.4660669007964017,62.32941945308626,32.594031831675125,99.65322684660785,0.4061510026691578,0.3121458439787222,0.47200720611412983
0.4,40,8,22260823.0,21260821.0,23260837.0,4.0,2.0,6.0,9.333333333333334,5.333333333333334,13.0,263.69616258140974,98.03791458510167,743.482156338859,263.69616258140974,98.03791458510167,743.482156338859,47.48540125575832,14.185535525289431,183.2350329328669,96.03132200586279,68.88027843448776,290.3567589991503,125.5663861955381,76.79813656102405,518.8755296807682,0.0,0.0,0.0,-0.006433227456118071,-0.7879032908271768,0.3370543974842693,-0.03474175158764985,-0.4957556469081807,0.06507808958904304,-0.013920834157875824,-0.43472102935928736,0.26779369370820794,0.03090765575288724,0.02719739198168834,0.033075355727279473,9331.3950979877,7695.34013727673,10858.944984426142,9353.761122357733,7714.566310272901,10879.807378410187,0.9999941709460456,0.9999936202038485,0.9999955850974009,0.6476682439364807,0.6144518684453215,0.6616620198832125,-0.05635270864562424,-0.36861076559549566,0.9644222104163008,263.69616258140974,98.03791458510167,743.482156338859,171.40336126116625,53.793103601264164,616.4957620672086,0.46766915166678025,0.43622701921842777,0.5167901434483577,58.50834395059407,39.21978066671691,65.74292339322874,25602.018847327665,8161.636160597575,113264.36869200211,0.6609223786461755,0.6346251150640045,0.7017373403730875,6.852340849862339,5.817532781574159,7.098917098793498,8.218140031659275e-15,7.852924522075731e-15,8.513830073041284e-15,0.011810983204677567,0.005110993295022635,0.018174891883963314,17.958333333333336,15.355324074074076,20.479166666666664,2.779040850905849,2.4075891778450083,3.1532111669160656,7.441553148600441,6.953459702830594,8.07013451645956,1.0,1.0,1.0,6.841723038164295,4.717613032872414,9.821505250173056,0.42361593975775397,0.32887513217889086,0.49124301074842186,64.91252200928832,34.862189481549535,105.81026848684436,0.4266157736174906,0.3359364671499797,0.49288466406858594
0.43333333333333335,40,8,22260823.0,21260821.0,23260837.0,4.0,2.0,6.0,9.333333333333334,5.333333333333334,13.0,150.91913236072304,81.00632910081089,353.87897444360647,150.91913236072304,81.00632910081089,353.87897444360647,25.733724852632932,16.61698826235122,168.52148931037024,80.26792004478332,56.91969142081665,175.07173187242918,89.25121544155493,61.906366235214,208.6559952018901,0.0,0.0,0.0,0.09074336848865278,-0.4571559229395502,0.7748465177899303,0.014034330539989703,-0.11275582196048706,0.1466768366654295,0.05330488361787185,-0.3575547740242998,0.3705732214020152,0.0312057348595804,0.027437810179359645,0.03340066065930841,8814.960781048125,7759.460458980619,10640.270299819926,8836.213956248712,7779.790011849289,10661.255965867047,0.9999941382413404,0.9999937451751204,0.9999956428360042,0.6558045191384181,0.618536877200428,0.6653234987303379,-0.09304794076976451,-0.5793488233730028,0.6370748067726311,150.91913236072304,81.00632910081089,353.87897444360647,90.54181177829594,48.17901950055318,299.8996577051796,0.48492207588214487,0.4341923120214217,0.5509967169867733,55.953939449420794,38.97854896647518,68.71871388307065,16947.529342115264,6993.720190903759,45565.28477991347,0.6736726643523567,0.6461362293722978,0.6969230466815954,6.80530913789592,5.9825770232124125,7.291220518421564,8.398422775125604e-15,7.662731367640163e-15,8.611135210240056e-15,0.011024873534865087,0.006316741783468623,0.01801743532176483,16.631944444444446,13.70138888888889,20.708333333333336,2.6148953190712216,2.22468097590352,3.0641535660085495,7.0928965885901345,6.391528115935309,8.208862233605199,1.0,1.0,1.0,7.1716941031280665,5.04733338944664,10.496425524370094,0.44847556126836907,0.3541791217134456,0.514773951213834,67.82034134127399,36.67938231523058,109.58371139630087,0.45355611759486947,0.3508413635733699,0.5129232843530837
0.4666666666666667,40,8,22260823.0,21260821.0,23260837.0,4.0,2.0,6.0,9.333333333333334,5.333333333333334,13.0,238.49895660327232,87.8986891409533,591.0681439266998,238.49895660327232,87.8986891409533,591.0681439266998,50.88143335369432,14.786769446690652,169.80905122365937,93.56397108993201,64.40973685146972,331.6887359840051,164.65180090513402,65.93366329611554,431.233530620646,0.0,0.0,0.0,0.028446071266281986,-0.675810733915661,1.0718628703003388,-0.009586854886474039,-0.3393227876200191,0.16138530094946446,-0.015056356050153754,-0.5471506933592982,0.5005402700345951,0.030987496218891283,0.02761763847085536,0.03362823181214634,8777.885392820534,7828.36521275718,10259.032724360452,8800.07954589231,7847.276511773283,10280.00328872797,0.9999941635290039,0.9999937198153261,0.9999956611272152,0.6533761494084815,0.6198555997087689,0.668528030205066,-0.09136531709596601,-0.924452658284236,0.7366216478383656,238.49895660327232,87.8986891409533,591.0681439266998,171.46584700505394,48.976473302431486,462.44757170374794,0.4822948889854729,0.4386859835117293,0.5222462821324287,52.69529042465844,37.122237886567305,70.18489433225947,30576.849165563726,6700.247824647544,91220.20477276854,0.688401191855297,0.6586035615236128,0.7080760032696409,7.280252224401404,6.272647484133155,7.706763708702599,8.238804121954127e-15,7.89253404144387e-15,8.574224149612328e-15,0.010587094636434011,0.005020295029455266,0.018702011643833987,16.118055555555557,12.934027777777779,18.791666666666664,2.461887502306851,2.2211253077774296,2.946401135242149,7.363420408073962,6.716418294945627,8.507210053618895,1.0,1.0,1.0,7.479087448796733,5.3746840174411314,11.171849039080353,0.4743716599309019,0.3771652506116648,0.5385063186206612,70.39946260031074,39.811765380187296,113.26754796026432,0.47895441067634603,0.3678457146835021,0.5331116918061494
0.5,40,8,22260823.0,21260821.0,23260837.0,4.0,2.0,6.0,9.333333333333334,5.333333333333334,13.0,210.97958582034298,83.76127817696864,1082.412779049262,210.97958582034298,83.76127817696864,1082.412779049262,61.87982038624733,23.482724059048397,414.1644608246634,115.45950703739405,53.424712904537294,349.7036795159105,118.43280296232075,56.10252787291524,496.5919376835267,0.0,0.0,0.0,0.026660598282641165,-1.6614708734010508,0.5071628736767718,-0.05263087272220278,-0.787579638013234,0.08119227080156381,-0.004060080982366607,-1.2716248912453607,0.38023195014685973,0.031036477853225997,0.02762311882690981,0.03374193540255062,8994.334704237863,7899.924167561058,10363.129591578483,9016.796965907643,7919.322694175728,10384.491713406822,0.9999942544108293,0.9999937083536514,0.9999957416228477,0.6588254846733619,0.6224560040510817,0.6678824627480023,0.037906497441143515,-0.7242821262541632,1.839353188294076,210.97958582034298,83.76127817696864,1082.412779049262,139.15271776276697,46.17613520488625,809.4241894033278,0.48847603189370103,0.44165004483125825,0.5458847551916208,55.620215585410335,39.131755398044035,65.96869012789328,17426.035695324597,4950.895275420068,94896.6580100514,0.7036977541703027,0.6795198238524764,0.7206898632051686,7.323323343969086,6.420619164076863,7.9751019261161105,8.183124317051593e-15,7.776171039390961e-15,8.681134514946603e-15,0.01109310344066257,0.005852294402225729,0.0181045249873244,14.67361111111111,13.16087962962963,16.885416666666668,2.5355172685826126,2.2638950358528045,2.7890807694226503,6.970746480286424,6.4444228404085475,8.072555883134186,1.0,1.0,1.0,7.756472920205401,5.676049894195521,11.735298291109775,0.4999627195512001,0.39854659093513506,0.5646672012359079,72.56848641915367,42.25791785462546,118.2801048222374,0.5022380301309723,0.3879146300232199,0.5535342283171201
0.5333333333333333,40,8,22260823.0,21260821.0,23260837.0,4.0,2.0,6.0,9.333333333333334,5.333333333333334,13.0,175.4897705830248,72.16526948914313,644.4809082185792,175.4897705830248,72.16526948914313,644.4809082185792,40.64353079274209,13.503748405340891,129.90687918129294,94.40682595609631,49.03132531061559,307.79443277888663,140.03134486271068,58.40701041286892,347.07756404997735,0.0,0.0,0.0,0.19573230924798804,-0.19542725750047368,1.8466767274626736,0.10051637172208014,-0.02016183414254851,0.757574269505052,0.19644353851431107,-0.1876260103812405,0.8945257354687873,0.0314132267664542,0.02745682227133631,0.033846264182435956,8715.748121120723,7917.866398663334,10048.287234371277,8736.388838470786,7937.3423635446925,10069.68857178909,0.9999941545574269,0.9999935928244073,0.9999957904671545,0.6619518260893227,0.6182514806566497,0.6755853792500492,-0.20883733962565962,-2.1567944543917217,0.17094463153090628,175.4897705830248,72.16526948914313,644.4809082185792,109.00307504393379,32.85841138535469,484.16378983044734,0.4666344782341767,0.4330515787627755,0.5303591768960384,54.50807082021845,33.809671555041604,70.25917892194687,19921.542462604248,3554.1472555816367,80015.25884286707,0.7179726218360294,0.6957315962186092,0.740571716398664,7.5550693748180375,6.773106941489365,8.156182099714336,8.108338460531704e-15,7.643626821859159e-15,8.713042544099782e-15,0.009506930039451203,0.0049845143375805544,0.014348928522214373,14.61111111111111,13.159722222222225,16.25,2.673118127109271,2.2607763395880864,2.945717888815073,7.001528695653217,6.5065400843487975,7.8175876292348505,1.0,1.0,1.0,8.036459597028026,6.020503920989187,12.241392791326383,0.5247456824904668,0.42259479902052577,0.5888493052537211,74.7993173181477,44.66604881145133,123.35749866881856,0.5277692040648072,0.4115564121500098,0.576827967249712
0.5666666666666667,40,8,22260823.0,21260821.0,23260837.0,4.0,2.0,6.0,9.333333333333334,5.333333333333334,13.0,162.98934247552373,75.70639799309174,499.4335844423895,162.98934247552373,75.70639799309174,499.4335844423895,29.118252907015414,14.526720593076355,105.1224008959389,90.09699772850176,52.477447713593406,226.84854606616975,103.3550043718677,61.30177838106431,426.7481437085717,0.0,0.0,0.0,0.14669325766599775,-0.20377818089656446,0.8416021857989558,0.00631784585795554,-0.10894777134260383,0.3192347852291976,0.10661115873835329,-0.16893184401386366,0.9186844614312146,0.03089107567361077,0.02745053949986088,0.03414801713885064,8434.273474181526,7945.053530004041,9580.297897521963,8454.295964059991,7964.7983358488655,9601.771441939749,0.9999942673951054,0.9999935565216139,0.9999957833538317,0.6600251657891323,0.6243299746822906,0.6714228364780356,-0.10607553128020075,-0.8722040949711382,0.2548388846438192,162.98934247552373,75.70639799309174,499.4335844423895,99.66796185079512,33.965268791156035,394.01781473884614,0.47169746665637335,0.4281104642019484,0.557308558331854,53.514533638917555,31.644442075837993,78.56736443298976,19487.03109890606,4453.015614255702,68118.65808291816,0.7414068343025242,0.7002271999889623,0.7620798460027867,7.982681331313283,6.7866174477797365,8.74313904576617,8.343248931236897e-15,7.78462982411815e-15,8.717178213836342e-15,0.009328649370699564,0.004607368197005102,0.019967291296815737,14.918981481481481,13.381944444444446,16.611111111111114,2.725172820890718,2.4524260665536883,2.920362841739003,7.439985035889459,6.484994773186161,8.230864534943679,1.0,1.0,1.0,8.344325891104104,6.3077795598339685,12.763251230666432,0.5483951137292272,0.4449661457521245,0.6125768884016729,77.4289713652023,47.42936372801436,127.8940339000256,0.5522671620448278,0.4362567317322481,0.6000540031213792
0.6,40,8,22260823.0,21260821.0,23260837.0,4.0,2.0,6.0,9.333333333333334,5.333333333333334,13.0,156.79082029366208,78.50283659755533,445.762648839584,156.79082029366208,78.50283659755533,445.762648839584,38.74662636121025,19.132458922061737,200.95152185678782,79.96808363904216,48.30643573693844,187.30099509143918,99.57907762729246,56.877320143077355,213.49846020908933,0.0,0.0,0.0,-0.01644866190357147,-1.0703083244153946,0.4538795239421964,-0.00489734067295747,-0.5416018644718702,0.19004065503783668,-0.03000335370543082,-0.7397473069996034,0.21947256676588342,0.03110966707670659,0.027815070396225147,0.03427200869132559,8563.92614487164,8132.393427075334,9618.067568321987,8584.309157548481,8154.412570583271,9640.113450238503,0.9999942549771021,0.9999934989004426,0.9999958195007139,0.6686137107934109,0.6322513122745502,0.676814680533642,0.13127226665386837,-0.6784501591877116,1.2416763091819611,156.79082029366208,78.50283659755533,445.762648839584,103.24554216328224,34.7109704366099,362.76375637322155,0.4715638622757967,0.4181397122150468,0.5277199006159543,55.1803106524751,27.494028122962,74.0428452092247,13584.036747436014,3023.0800388254856,71100.44468464132,0.7474053108346737,0.722920153017338,0.7732050821230374,8.133986077076171,6.944867833846896,9.172868294243983,8.291078728922336e-15,7.783125995549275e-15,8.688193875758564e-15,0.006910734724207324,0.004368136455726106,0.01974003681779282,15.07638888888889,13.770833333333332,17.681712962962965,2.7866739350367595,2.407091134038537,3.212745509547588,7.308491153339273,6.7621773955040965,7.954874071579203,1.0,1.0,1.0,8.727304540906648,6.541839521312742,13.20398952521463,0.5704838971563777,0.469242042828821,0.6361554396662146,80.91156174716271,49.60326418931145,131.39736332382628,0.5751354791670168,0.45601386480674944,0.6195057569188719
0.6333333333333333,40,8,22260823.0,21260821.0,23260837.0,4.0,2.0,6.0,9.333333333333334,5.333333333333334,13.0,135.66375384208996,76.24193025349824,612.0554622714338,135.66375384208996,76.24193025349824,612.0554622714338,37.464412730376814,19.005226663901595,254.32635460080166,80.48130517696069,47.67439113319971,213.66360451775282,79.49554793395872,52.95187295014264,390.88379604696246,0.0,0.0,0.0,0.122596225328738,-0.14778641235357984,1.0184371026885222,0.07728758877618222,-0.01798849314822236,0.36610049988624316,0.05317061988912966,-0.46081915275176405,0.4270169144341812,0.03169466189220395,0.027312550940753303,0.03432117571165996,8621.421114175273,8215.074211646184,9521.148161294832,8642.007561392573,8235.51365070944,9543.042868519737,0.9999944455391856,0.9999934663835568,0.9999959376794216,0.6727221906275129,0.6324370593486011,0.6879905720625732,-0.04679340134832399,-0.9178834911501836,0.15917405788762998,135.66375384208996,76.24193025349824,612.0554622714338,84.34649505470678,34.984921792932425,481.0083999328558,0.5035195861189111,0.4132469847613301,0.5607680512419775,54.16701667155816,26.44395525959859,74.50462862686527,10656.573700255889,3568.5184475228625,83670.8117709717,0.7648066884917489,0.7031168111344841,0.784530228115698,8.193598035337503,6.91023299239125,9.631538799012684,8.265860989503042e-15,7.96024849046099e-15,8.673521006357594e-15,0.008439747662106842,0.005312673114969597,0.015492851089396489,17.17361111111111,12.32638888888889,20.254629629629633,2.731375658615038,2.2291531882782465,3.0654794322386714,7.171277130241975,6.2829069030576985,8.06364413528594,1.0,1.0,1.0,9.16307963651991,6.817528770198558,13.529604477115688,0.5911706218100119,0.4921049194846016,0.6591397956752219,84.63517049803926,52.98998532149704,134.2430279049173,0.5963310842946117,0.47425814950617506,0.6391547815082865
0.6666666666666666,40,8,22260823.0,21260821.0,23260837.0,4.0,2.0,6.0,9.333333333333334,5.333333333333334,13.0,116.2209770622083,69.48722062340696,774.7577654832963,116.2209770622083,69.48722062340696,774.7577654832963,28.361472042781315,13.932334852117018,185.07663277283726,76.89924531052336,46.04877032609541,294.6078469990355,85.6247504694428,58.64092506915882,462.69949639090527,0.0,0.0,0.0,-0.07271849640652112,-0.6296086316395668,0.1659465414838523,-0.02715368948889164,-0.30640006869988495,0.06632099288294403,-0.06584290502750773,-0.25468316216232173,0.12154577071797305,0.03173859191495437,0.028038348447569587,0.03455904470923798,8770.027318999808,8229.274903204998,9719.527721959364,8790.949043327848,8249.173894132875,9742.356305465353,0.9999944236381236,0.9999934594630343,0.9999959302539662,0.6751847029205791,0.6389406369726269,0.6901295014320387,0.019539194814828992,-0.33936724306671756,1.0490274138120794,116.2209770622083,69.48722062340696,774.7577654832963,61.420687211903996,29.03712149186602,545.3312347447968,0.4735250990497469,0.4153611259325659,0.5440368410609531,52.67681820635978,25.947174753670136,86.6533010613699,9654.135274878114,2637.981309834236,115270.13243714324,0.7754694186597304,0.7044535722643062,0.79613903766783,8.160199078759199,6.781697268142065,10.051053504853762,8.405168921976625e-15,8.163030436788194e-15,8.75008977311668e-15,0.007816377672415567,0.0048702258346470595,0.026656336652955095,18.5625,12.743055555555557,21.439814814814817,2.7000757850390427,2.3444592184698814,3.1042360314342745,7.186497916193,6.788074591420503,7.898615532990233,1.0,0.9999997106481482,1.0,9.567468501052456,7.22472423641712,13.84326969436859,0.6130297267965753,0.5162963147200941,0.682182182908244,88.03129410157625,56.602374574516524,136.55923505249325,0.6170526591054228,0.4931591586763533,0.6581783184364773
0.7,40,8,22260823.0,21260821.0,23260837.0,4.0,2.0,6.0,9.333333333333334,5.333333333333334,13.0,133.9353322741453,76.73944921507871,710.4689027847842,133.9353322741453,76.73944921507871,710.4689027847842,44.83485876120987,16.738975131242917,174.6986902499798,64.2707178831628,46.22185426766212,345.76945035780057,86.15990852561501,56.36724741673888,318.5412079531515,0.0,0.0,0.0,0.01964914717529876,-0.9702326464920613,0.245379767443967,-0.016319228390284143,-0.3062050233635148,0.06933087952932573,0.01111819463233436,-0.5570601923384151,0.21142469060779467,0.03154716148327684,0.027330948528590783,0.03469027996003632,8766.531627445616,8241.779987127316,9846.362634302137,8787.455073661265,8261.847079956413,9869.100643191965,0.9999944463628665,0.9999934441239081,0.9999959585207319,0.6713422364948807,0.6353615667329201,0.6884263626369796,-0.012472377984095827,-0.2648157024670699,1.314464145431022,133.9353322741453,76.73944921507871,710.4689027847842,98.78418546682155,38.59419263328027,519.4051522865606,0.48603677364391973,0.4259193657184927,0.5453213149151794,49.68988195607402,23.969063774112783,80.79284901869055,10218.631100287595,3212.8444166110244,104299.76108664124,0.7655362542267765,0.7296320910005982,0.791211175163034,8.421339913605104,6.821312832918814,10.346101910729928,8.628707316561525e-15,8.32864834198076e-15,8.913972954833265e-15,0.007700570390253082,0.004327621755249433,0.024569525283512597,18.201388888888886,13.020833333333334,20.140046296296298,2.8813454788258754,2.397530910832794,3.1799823140626144,7.0456766665707455,6.458898455632354,7.85990559834293,1.0,0.9999965277777778,1.0,9.9107904964841,7.531916313838998,14.208844334911925,0.6369134915587418,0.5381598567209417,0.7068970184131896,90.97901230123736,60.59498938495577,139.31326936831582,0.6413634570741236,0.5124053712126163,0.6780369541970209
0.7333333333333333,40,8,22260823.0,21260821.0,23260837.0,4.0,2.0,6.0,9.333333333333334,5.333333333333334,13.0,106.86538957191803,83.26744502763296,995.1984350864079,106.86538957191803,83.26744502763296,995.1984350864079,34.643774464894506,16.982877437444248,220.31534733492202,64.33494825283016,49.926021474020914,523.6346981287435,83.61219284358174,61.471832422135925,662.945097647735,0.0,0.0,0.0,-0.1440694252301312,-0.596859774361287,0.2309861676561433,-0.05820691631161502,-0.29349868111121064,0.2220053317970472,-0.060456609899154475,-0.29557352507295054,0.36998688445104255,0.03141586041055847,0.02750095379106182,0.03492289452116023,8760.963681171052,8199.24710649445,9915.33945102005,8781.974116307021,8219.398734511831,9937.588932116716,0.9999945572892994,0.9999934075479607,0.9999959704204571,0.677016812701547,0.6458151760652031,0.6868949237341937,0.12401687213227917,-0.2167619684930625,1.042727995326829,106.86538957191803,83.26744502763296,995.1984350864079,62.9565386806066,38.276481252844455,703.1471456937409,0.47336240763887494,0.4351863816160208,0.5937936854144515,49.80288179469676,23.20232917357457,85.10612612474159,7757.964616424077,3156.6423526390754,136362.2712479923,0.7482714380586896,0.7236338693156585,0.7880861167732567,8.009691240489039,6.681506213400099,10.462865091669387,8.765083887605798e-15,8.50678878226553e-15,8.963123453319277e-15,0.008642051567182066,0.004558012952409871,0.02817848750106664,18.629629629629633,15.840277777777779,26.3125,2.8860319143352453,2.5978278275938873,3.3731290854154894,7.6459079112033255,6.839345474168789,8.66083088872052,1.0,0.999994357638889,1.0,10.233119998401733,7.948393576625354,14.651559466405477,0.6639035352584055,0.5626167951276108,0.733173112951186,93.5787321166311,64.48337940072187,142.14097102863585,0.6688977176377544,0.5366979796246456,0.701518291309245
0.7666666666666666,40,8,22260823.0,21260821.0,23260837.0,4.0,2.0,6.0,9.333333333333334,5.333333333333334,13.0,477.7414453591265,99.94813906813397,1337.4546356418762,477.7414453591265,99.94813906813397,1337.4546356418762,146.34287038657237,20.231260399356934,434.30627948084964,274.4216415451168,52.43914337216849,584.6478418831559,302.38752135703135,77.12676233979765,620.8005544343721,0.0,0.0,0.0,-0.06179076757186877,-1.1423145770550176,1.3156708050368024,0.006267642596055841,-0.32278917708563326,1.1455218202169541,0.03657352734289242,-0.2701560738357538,0.7100308941894006,0.03169015958102596,0.0279384885576531,0.03488122871537106,8743.366171509162,8079.796668785141,10405.424184731119,8764.401848164754,8100.07959312526,10426.092318678688,0.9999945911601691,0.9999935591947856,0.9999960116414864,0.682084976526047,0.6494181975483443,0.7008149049234733,-0.05143179286932743,-1.1433013052236047,1.2720397627234368,477.7414453591265,99.94813906813397,1337.4546356418762,363.2112370269905,44.843253051109215,1260.8305021114652,0.49097074048080164,0.4454561524394399,0.5915116066751321,54.405116453247956,24.034736229550322,93.2012055966824,63193.393711731995,3023.464818884041,218079.89434781086,0.7585780454849069,0.7046154069525191,0.7874484561148648,7.828318883487205,6.336208817612764,10.291428348359592,8.64875164539751e-15,8.353978517180902e-15,8.870556681170626e-15,0.0075638060605654495,0.004246475823131939,0.026138399118314927,17.59027777777778,13.54513888888889,20.22916666666667,3.0353138383548175,2.602935538047932,3.488522209808021,7.1208412795926925,6.5953310518342665,7.947142285387902,0.9999994212962964,0.9999913194444444,1.0,10.626358823231513,8.35957209420255,15.141320005645403,0.698162665181321,0.5988226925797754,0.7590470233713487,97.05522294674961,68.16392509413326,145.47317473154985,0.69617631284591,0.5667644835414214,0.7347685517386724
0.8,40,8,22260823.0,21260821.0,23260837.0,4.0,2.0,6.0,9.333333333333334,5.333333333333334,13.0,423.3051545043016,88.30100105681097,1235.4278526640587,423.3051545043016,88.30100105681097,1235.4278526640587,125.11463178183695,25.859475975869724,382.04786089331895,233.87452943935776,52.72829595200441,703.5361678763239,279.75804440682475,63.59068850401616,954.2685057632402,0.0,0.0,0.0,-0.17750426930921398,-1.1082294666389407,2.0519263501830074,-0.12080271285413352,-0.5035361308695575,0.7941004094352269,0.03154611980034629,-0.6687275826095488,1.153235029915044,0.03177565081190456,0.027551409404170744,0.034989077300070226,8780.57282300289,8032.127394303595,10254.53552384365,8803.326059465864,8054.13887321014,10275.32868843575,0.9999948153868179,0.9999936281508774,0.9999960274246951,0.6727932731472102,0.6537117040600061,0.6851260970982234,0.051397396211803545,-2.084288942791651,1.2193972612240875,423.3051545043016,88.30100105681097,1235.4278526640587,355.43734759373115,48.582245926754304,942.6648873335813,0.4973697678459542,0.4499341881811696,0.5856683046503868,49.99276873584412,23.00584163416083,88.21821819268621,40624.705594341285,3412.2813696888206,188068.5675184472,0.7205214734302778,0.6802995173283441,0.7783401224170915,7.49239387286735,6.035565713758236,10.131424973701595,8.603891133502414e-15,8.331897936825515e-15,8.897462965084475e-15,0.008993749732989529,0.004414675984229257,0.02534470829563144,17.943287037037038,15.336805555555555,20.226851851851855,3.227074196683203,2.6852100209019953,3.542183823991021,7.317607430128106,6.705635686765908,8.39036292264273,0.9999988425925925,0.9999934895833333,1.0,11.185065601096575,8.92686934113788,15.605636262014162,0.7307427438414629,0.6395930480325918,0.7854622218777689,101.62088857483863,73.65232975607056,149.0442993957905,0.725703424053866,0.6122345674629786,0.7621459520782699
0.8333333333333334,40,8,22260823.0,21260821.0,23260837.0,4.0,2.0,6.0,9.333333333333334,5.333333333333334,13.0,268.7803643806172,90.2829785016182,1413.1846072546066,268.7803643806172,90.2829785016182,1413.1846072546066,73.2087044166878,19.80912860250251,332.208889255295,134.49832663606418,56.09399078449243,731.2885999102997,153.03763900263226,73.68479388832102,937.0021552223578,0.0,0.0,0.0,0.17633454103333712,-0.5397642317962049,0.9303667126362516,0.05716048926581582,-0.2900529693391706,0.41284335298367336,0.08213193038275574,-0.1559194898513817,0.9387974750786066,0.032045225181710844,0.02794554180972021,0.0351114313975939,8979.815130409897,8368.832732643044,10244.522051148091,9004.512184635496,8390.831794909904,10265.66308335551,0.9999948617961598,0.99999369325251,0.999996260818312,0.6752031343655229,0.6587458417090643,0.6874002636235315,-0.28560343787311804,-0.8240410292334568,0.566092086605476,268.7803643806172,90.2829785016182,1413.1846072546066,166.2206841006928,38.256297785524126,1045.9088925797414,0.5131344370556203,0.4498429526564801,0.5752394818985267,48.12675915128209,21.834296083315426,95.30350271741574,31412.471361932345,2913.4570986991826,194585.92551106936,0.719542097457296,0.6677720625820665,0.7708998437122875,7.410451342271394,5.80808565332125,10.029509192031878,8.512874368904056e-15,8.24808007387428e-15,8.893987494787118e-15,0.008763378965683757,0.004191714426203182,0.03995221913650544,16.822916666666664,12.163194444444445,19.020833333333332,3.3144898835363175,2.8299773675370226,3.7299404999987154,7.064629217284114,6.769762810222217,8.128756741946248,0.9999988425925925,0.9999874131944444,1.0,12.025376840126366,9.597084370893988,16.034607737947105,0.7663518955010844,0.6921203086001281,0.8120485470201247,110.60120823650897,80.46504249442063,152.51389888478855,0.7538124272745499,0.666109824706887,0.7912915075327578
0.8666666666666667,40,8,22260823.0,21260821.0,23260837.0,4.0,2.0,6.0,9.333333333333334,5.333333333333334,13.0,717.3088077404868,89.94355205422255,1212.4505384900424,717.3088077404868,89.94355205422255,1212.4505384900424,218.05663217347632,26.64126272965905,348.7772919390721,268.1860150479258,48.544460915698814,747.8710803889531,414.1942287277816,66.93708029420297,952.26594715183,0.0,0.0,0.024415552477369738,-0.136993885676927,-0.49883409651746724,2.7766227551210383,-0.12646154241999386,-0.2975979792322663,0.8880231699158917,0.06070048970773812,-0.204790462764439,1.6812016785283102,0.03196015086945746,0.027419643442269236,0.035251022314875306,8849.832432663577,8286.52776353664,10342.365074831252,8871.130344272227,8307.924789336495,10363.99783105511,0.9999949113307145,0.9999939265081632,0.999996122578922,0.6663192860813711,0.6596274463293894,0.6854804150133328,0.3531617566462105,-2.8719595545181895,0.6506705013530446,717.3088077404868,89.94355205422255,1212.4505384900424,556.3137339128068,44.45518072618226,1006.3614855783748,0.5180182264559472,0.44550886937055195,0.5951005966373958,52.018405151671004,21.049300632388622,96.99337222190776,90387.72723935285,2269.0198652858653,189357.40664230022,0.7275111253184542,0.6539502910199342,0.7571677428219069,7.333557307224197,6.050479695414159,9.767600133266782,8.548018581546993e-15,8.329033836086533e-15,8.83133265590826e-15,0.007986410864304213,0.004087237538709508,0.02425687252170534,15.87962962962963,13.208333333333336,17.5,2.9770803745461296,2.6730519188857547,3.1765156821841445,7.08921603766805,6.437784477207154,7.575693771453803,0.9999976851851853,0.9999861111111111,1.0,12.730271622310681,10.339307178998931,16.480232159334168,0.8029159284738595,0.7419458553176493,0.8381814896072488,117.0518670616281,88.12380800622387,156.90509081419205,0.7798415758960737,0.7160229103874478,0.823737341118427
0.9,40,8,22260823.0,21260821.0,23260837.0,4.0,2.0,6.0,9.333333333333334,5.333333333333334,13.0,309.7833344832348,158.12928313051478,2485.9302896390554,309.7833344832348,158.12928313051478,2485.9302896390554,134.7722614515431,55.87173108045921,658.7096232289448,187.9581727749533,67.2677414501971,1205.3016374056601,174.60872337640353,96.87148688256693,1142.9359973268504,0.0,0.0,0.0,0.0293004834779006,-3.189966104469469,0.8013769532612328,0.10200655296282318,-0.8261907222553035,0.7254107600066464,-0.02021585780644484,-0.8289583534830767,0.44756194729040855,0.031727054507847005,0.028368890954371572,0.035422284179653624,9271.220504891036,8374.5759823632,10386.850146784947,9296.18109818337,8396.49508868053,10408.28782548102,0.9999949042810932,0.9999940574609323,0.999996301960258,0.6784986907034193,0.6663408011221694,0.6881811390118646,0.04095423460616595,-0.5827598510726483,3.7401440297833712,309.7833344832348,158.12928313051478,2485.9302896390554,187.3378831744193,76.6425701855826,2182.1679166277095,0.5249287948931322,0.4699056292533225,0.613523785371826,52.86372006345956,21.125546594542882,96.67309555072877,27828.211461350827,3056.1122393247633,397174.9787261468,0.7135367581899646,0.6536939514152519,0.7407132041775757,7.147286633939402,5.844255656334527,9.575368718504567,8.750973197109076e-15,8.342718876841461e-15,9.081036462922478e-15,0.009300347940577356,0.004444190143325766,0.03520220329371008,15.972222222222225,13.628472222222221,17.642361111111114,2.976296956342214,2.767018886716534,3.787500089474954,7.3425822675221015,6.553392494334512,8.792479652494489,0.9999949845679013,0.9999807581018518,1.0,13.180822484347619,11.054850474773044,16.973433587195967,0.8374039160092204,0.7840090805943053,0.8662376800265571,121.84815744163981,93.172580010316,162.38501176311266,0.8092022416850815,0.7613435742298725,0.8540795566451952
0.9333333333333333,40,8,22260823.0,21260821.0,23260837.0,4.0,2.0,6.0,9.333333333333334,5.333333333333334,13.0,685.2792288115562,169.16304763265543,2921.926626199283,685.2792288115562,169.16304763265543,2921.926626199283,253.19952582817615,39.28250871339973,1001.669689194376,332.45116777138156,74.4347134786027,1824.7423123334154,363.565917390487,132.72644335803895,1522.4496162995526,0.0,0.0,0.0,0.03875182374167974,-0.8396133928362941,3.406925634657613,-0.1832572532999709,-0.8714896560540855,1.4562956035766483,-0.16506441949530132,-1.3668463797521333,1.4680650286476569,0.032050788365506386,0.028030775287881716,0.03554666459611061,10047.819961018935,8883.628263433233,10694.868826018828,10074.122102105182,8907.977091431056,10719.884737781262,0.9999950718612511,0.9999941670550163,0.999996502940017,0.6812953634495572,0.6707522595519891,0.6885562616146522,0.30661012809522215,-3.363773517114203,1.4337706147063913,685.2792288115562,169.16304763265543,2921.926626199283,492.328495823745,99.09116615554716,2677.071769401792,0.5575560395242136,0.5025357024944693,0.6109050185988875,54.30748635349303,24.982747869255213,99.76561596315827,59205.800325501754,7309.810753586737,489436.90626109263,0.7051712716737926,0.6674969428768678,0.7241131020711723,7.07068321066051,6.03922217729694,9.168131851582638,8.877254641258427e-15,8.433478645369301e-15,9.219332473368407e-15,0.012677377144450153,0.00491473454884742,0.04156000796006604,14.659722222222223,13.42361111111111,17.52199074074074,2.8927606068820353,2.726416617336846,3.419231688084275,7.239787627240507,6.120546196140588,8.719827590827329,0.9999924768518518,0.9999663387345679,1.0,14.06086453469165,11.352610474684623,17.741524848122747,0.8767006450574322,0.8413519803337647,0.8975310163275063,129.6687478054066,94.40238771113508,180.75836164599457,0.8519294298418898,0.8265370210573993,0.8897827484346087
0.9666666666666667,40,8,22260823.0,21260821.0,23260837.0,4.0,2.0,6.0,9.333333333333334,5.333333333333334,13.0,768.3241649478703,394.5604667190273,3415.5340015399543,768.3241649478703,394.5604667190273,3415.5340015399543,147.81028913247837,122.6659285231254,1086.2954531434546,258.00010684527774,161.34641544393395,1569.460416582555,560.2089603092454,283.88812574003873,2088.2512769463106,0.0,0.0,0.0,-1.5909977935978261,-4.245552950441296,-0.2481917529798876,-1.3944430810353168,-2.347840846169393,-0.6200002329515155,-1.498878392430365,-2.047730363139764,-0.5458649902454341,0.03205884975083638,0.027679251598287963,0.035343511052925665,9584.406832545163,8499.52585260618,10708.996070473913,9606.662152197056,8522.435911887735,10736.972695934419,0.9999949541346218,0.9999942348856532,0.9999963163904504,0.6758606338295333,0.6732580115181261,0.6850696020721826,1.8544932951823183,0.3067087307738614,4.633735136602086,768.3241649478703,394.5604667190273,3415.5340015399543,644.5981709126283,313.4288273448516,2785.399717426842,0.6034970771573607,0.5791367896799984,0.6296292004052764,57.76659569548998,40.60127133826624,99.61876458041284,76598.4558408224,32424.368739769758,502907.5295484307,0.6769607135611451,0.6501488836435219,0.6969267231597409,6.556951654889698,5.975286704335927,7.864845800220757,8.660510580287768e-15,8.307373886018434e-15,9.330664225200987e-15,0.012603897705489767,0.004911565272358574,0.036648976716870604,13.391203703703704,12.402777777777779,17.0,2.934719270018121,2.5184445564784426,3.14737889181803,6.515330544777642,5.886967941132315,9.970704828617396,0.9999878472222222,0.9999539930555555,1.0,15.019797219670352,11.750795204146433,19.619823697191716,0.9273396185703321,0.9007825712522024,0.9415176610860789,138.61036895582214,96.7216902390831,203.8156504762576,0.9130538344110521,0.8969492800295888,0.9362403028586554
1.0,40,8,22260823.0,21260821.0,23260837.0,4.0,2.0,6.0,9.333333333333334,5.333333333333334,13.0,2493.6745844882957,723.8842927785471,30410.509931923923,2493.6745844882957,723.8842927785471,30410.509931923923,584.4663567274215,348.8570681163072,4766.859578118665,2066.0524661974837,379.88359313598255,22052.129929759183,1980.0986382173155,363.32385676018873,22512.97395818829,0.0,0.0,0.0,8.05037055341257,2.3093210251153184,41.75716573412896,4.862577391260842,3.1639044734820634,14.776697411262889,4.932257616459988,3.412854268347801,38.88242728837466,0.03271384480761318,0.027756836268779568,0.03654513682896664,9280.393375594711,8493.36355474649,11103.52891987087,9301.721152105501,8514.350923236752,11128.563430957991,0.9999945687641569,0.9999928045897122,0.9999964713966216,0.6856896379420379,0.6661222935545625,0.690112609739027,-11.311498403887875,-42.38270359244988,-3.203212587423606,2493.6745844882957,723.8842927785471,30410.509931923923,1469.800974457146,573.1232662002062,26111.2969218206,0.6105159617967993,0.577657897868977,0.6333989644846562,56.208584535258126,34.68908757984072,97.74095124210879,302307.51089711685,55064.70257319799,4290147.135555141,0.5832343991901745,0.5624051436744959,0.6481908680775321,5.561611884500779,5.183937966009426,5.816537633390989,8.636465385440198e-15,8.105003534960411e-15,9.197378364731502e-15,0.009306406811473685,0.006049952826665591,0.05124582096710503,13.929398148148149,11.975694444444445,19.931712962962962,2.7405334947600766,2.3876346931825303,3.636033811136959,6.370397569401768,5.217846796987404,10.261161155494548,0.9999924768518519,0.9999479166666667,1.0,17.18295082122777,12.376949148645508,22.4481734422316,1.0,1.0,1.0,158.3797147080407,101.16346260096631,238.876874488969,1.0,1.0,1.0
