feature,family,current_pA,n_WT,n_SCA3,median_WT,median_SCA3,median_difference_SCA3_minus_WT,difference_ci95_low,difference_ci95_high,cliffs_delta_SCA3_vs_WT,permutation_mode,valid_labelings,permutation_p,fdr_q_global,fdr_q_family,fdr_q
external_work_signed_fJ,electrical_work,0.0,13,7,0.0,0.0,0.0,0.0,0.0,0.0,exact,77520,1.0,1.0,1.0,1.0
external_work_signed_fJ,electrical_work,50.0,13,7,482.15660095214844,483.2207489013672,1.06414794921875,-3.314208984375057,2.7581024169921307,0.05494505494505497,exact,77520,0.8179566563467492,0.9961254329767342,0.9968846749226006,0.9961254329767342
external_work_signed_fJ,electrical_work,100.0,13,7,1925.9843444824219,1925.4673767089844,-0.5169677734375,-11.478576660155795,6.08154296875,0.05494505494505497,exact,77520,0.8179566563467492,0.9961254329767342,0.9968846749226006,0.9961254329767342
external_work_signed_fJ,electrical_work,150.0,13,7,4329.575729370117,4335.661697387695,6.085968017578125,-20.730514526367188,24.280929565429688,0.01098901098901095,exact,77520,0.3910216718266254,0.6870809376382132,0.7261831048208757,0.6870809376382132
external_work_signed_fJ,electrical_work,200.0,13,7,7705.1141357421875,7706.7620849609375,1.64794921875,-59.27856445312591,19.6820068359375,-0.1208791208791209,exact,77520,1.0,1.0,1.0,1.0
external_work_signed_fJ,electrical_work,250.0,13,7,12022.09701538086,12044.297409057617,22.200393676757812,-15.276718139648438,108.57048034667969,0.40659340659340665,exact,77520,0.1956140350877193,0.5351981351981352,0.535797213622291,0.5351981351981352
external_work_signed_fJ,electrical_work,300.0,13,7,17199.793395996083,17309.465332031272,109.67193603518899,-57.352752685546875,973.1771850586556,0.3406593406593406,exact,77520,0.19109907120743033,0.5351981351981352,0.535797213622291,0.5351981351981352
external_work_signed_fJ,electrical_work,350.0,13,7,23137.433700561403,23583.541107177705,446.1074066163019,-77.10350036621094,1945.3630828858404,0.4285714285714286,exact,77520,0.21981424148606812,0.5424739656628201,0.535797213622291,0.5424739656628201
external_work_signed_fJ,electrical_work,400.0,13,7,30205.275268554688,30786.59118652343,581.3159179687427,-50.074462890625,2544.6795654296257,0.4285714285714286,exact,77520,0.0989938080495356,0.39278188355138316,0.4798417612659099,0.39278188355138316
external_work_signed_fJ,electrical_work,450.0,13,7,38411.69952392598,38988.411026001006,576.711502075028,-1.132965087897901,3194.1547393799483,0.47252747252747257,exact,77520,0.09646542827657378,0.39278188355138316,0.4798417612659099,0.39278188355138316
external_work_signed_fJ,electrical_work,500.0,13,7,47838.980865478625,48038.25073242189,199.2698669432648,-148.9547729492333,3913.04931640625,0.3406593406593406,exact,77520,0.29711042311661506,0.6300790007473044,0.6437392500859993,0.6300790007473044
external_work_signed_fJ,electrical_work,550.0,13,7,58002.729263305664,58066.3339233398,63.60466003413603,-414.15832519539254,4111.334762573446,0.25274725274725274,exact,77520,0.5094943240454076,0.7833475232198143,0.8279282765737874,0.7833475232198143
external_work_signed_fJ,electrical_work,600.0,13,7,69065.94177246094,69100.072631836,34.13085937505821,-856.6988067627532,3597.969360351257,0.1208791208791209,exact,77520,1.0,1.0,1.0,1.0
external_work_positive_fJ,electrical_work,0.0,13,7,0.0,0.0,0.0,0.0,0.0,0.0,exact,77520,1.0,1.0,1.0,1.0
external_work_positive_fJ,electrical_work,50.0,13,7,482.15660095214844,483.2207489013672,1.06414794921875,-3.3126068115234943,2.762451171874943,0.05494505494505497,exact,77520,0.8179566563467492,0.9961254329767342,0.9968846749226006,0.9961254329767342
external_work_positive_fJ,electrical_work,100.0,13,7,1925.9877014160156,1925.4673767089844,-0.52032470703125,-11.48422241210892,9.070587158203352,0.07692307692307687,exact,77520,0.8179566563467492,0.9961254329767342,0.9968846749226006,0.9961254329767342
external_work_positive_fJ,electrical_work,150.0,13,7,4329.575729370117,4337.934036254883,8.358306884765625,-23.754959106445312,25.080642700195312,0.01098901098901095,exact,77520,0.358875128998968,0.6688127404071676,0.7261831048208757,0.6688127404071676
external_work_positive_fJ,electrical_work,200.0,13,7,7740.413513183594,7706.7791748046875,-33.63433837890625,-102.54302978515716,38.1036376953125,-0.40659340659340665,exact,77520,0.5513931888544892,0.7978983791659078,0.8601733746130031,0.7978983791659078
external_work_positive_fJ,electrical_work,250.0,13,7,12084.097671508789,12048.876571655273,-35.221099853515625,-458.3286285400427,93.52798461914062,-0.23076923076923078,exact,77520,0.8179566563467492,0.9961254329767342,0.9968846749226006,0.9961254329767342
external_work_positive_fJ,electrical_work,300.0,13,7,17887.76916503906,17412.622604370117,-475.1465606689417,-1575.1588439941406,147.75833129882812,-0.4945054945054945,exact,77520,0.09646542827657378,0.39278188355138316,0.4798417612659099,0.39278188355138316
external_work_positive_fJ,electrical_work,350.0,13,7,25212.48065948487,23939.963150024418,-1272.5175094604529,-2491.883468627937,248.4489440918005,-0.5384615384615385,exact,77520,0.11073271413828689,0.42214949137549757,0.4798417612659099,0.42214949137549757
external_work_positive_fJ,electrical_work,400.0,13,7,34235.93688964849,31051.270751953125,-3184.6661376953634,-3512.5091552734884,118.8330078125,-0.6263736263736264,exact,77520,0.01697626418988648,0.14914860681114547,0.22069143446852424,0.14914860681114547
external_work_positive_fJ,electrical_work,450.0,13,7,43361.089096069285,39676.077575683594,-3685.0115203856913,-4633.9576721191115,-524.7489166259766,-0.7802197802197801,exact,77520,0.003973168214654283,0.07679820179820179,0.15495356037151703,0.07679820179820179
external_work_positive_fJ,electrical_work,500.0,13,7,53578.60336303704,49135.25314331056,-4443.350219726475,-5975.230407714807,-18.969554901096057,-0.6923076923076923,exact,77520,0.010474716202270381,0.1073658410732714,0.20425696594427242,0.1073658410732714
external_work_positive_fJ,electrical_work,550.0,13,7,63826.34437561034,60630.88768005372,-3195.456695556619,-6612.206649780201,1218.9487457274736,-0.4945054945054945,exact,77520,0.17448400412796697,0.5351981351981352,0.535797213622291,0.5351981351981352
external_work_positive_fJ,electrical_work,600.0,13,7,73794.28985595706,73170.91552734372,-623.3743286133395,-6095.710144043129,2837.9782104492333,-0.3846153846153846,exact,77520,0.5094943240454076,0.7833475232198143,0.8279282765737874,0.7833475232198143
mean_power_signed_fW,electrical_work,0.0,13,7,0.0,0.0,0.0,0.0,0.0,0.0,exact,77520,1.0,1.0,1.0,1.0
mean_power_signed_fW,electrical_work,50.0,13,7,482.2048214342919,483.26907580894806,1.0642543746561728,-3.3145404384189305,2.7583782548176146,0.05494505494505497,exact,77520,0.8179566563467492,0.9961254329767342,0.9968846749226006,0.9961254329767342
mean_power_signed_fW,electrical_work,100.0,13,7,1926.1769621786398,1925.6599427032547,-0.517019475385041,-11.479724632619082,5.889478107967079,0.05494505494505497,exact,77520,0.7269349845201238,0.9512021605954811,0.9968846749226006,0.9512021605954811
mean_power_signed_fW,electrical_work,150.0,13,7,4330.008730243141,4335.661697387695,5.652967144554168,-21.008229134070845,24.28335790121946,0.01098901098901095,exact,77520,0.3910216718266254,0.6870809376382132,0.7261831048208757,0.6870809376382132
mean_power_signed_fW,electrical_work,200.0,13,7,7705.8847242146085,7707.5328382447615,1.6481140301530104,-63.16488582452257,17.70013427124013,-0.1208791208791209,exact,77520,1.0,1.0,1.0,1.0
mean_power_signed_fW,electrical_work,250.0,13,7,12023.29934531539,12044.297409057617,20.998063742226805,-11.085092884288315,108.58133848052785,0.40659340659340665,exact,77520,0.1956140350877193,0.5351981351981352,0.535797213622291,0.5351981351981352
mean_power_signed_fW,electrical_work,300.0,13,7,17201.513547350816,17311.19645167644,109.68290432562208,-63.74054602306778,973.1771850586556,0.3406593406593406,exact,77520,0.19109907120743033,0.5351981351981352,0.535797213622291,0.5351981351981352
mean_power_signed_fW,electrical_work,350.0,13,7,23137.433700561403,23585.89969714742,448.46599658601554,-77.11121148735765,1945.3630828858404,0.4285714285714286,exact,77520,0.21981424148606812,0.5424739656628201,0.535797213622291,0.5424739656628201
mean_power_signed_fW,electrical_work,400.0,13,7,30205.275268554688,30786.59118652343,581.3159179687427,-50.07947083771069,2547.7612338869985,0.4285714285714286,exact,77520,0.0989938080495356,0.39278188355138316,0.4798417612659099,0.39278188355138316
mean_power_signed_fW,electrical_work,450.0,13,7,38411.69952392598,38992.31025702671,580.6107331007297,-29.866314329185116,3194.1547393799483,0.47252747252747257,exact,77520,0.09646542827657378,0.39278188355138316,0.4798417612659099,0.39278188355138316
mean_power_signed_fW,electrical_work,500.0,13,7,47838.980865478625,48038.25073242189,199.2698669432648,-144.6507802329652,3913.04931640625,0.3406593406593406,exact,77520,0.29711042311661506,0.6300790007473044,0.6437392500859993,0.6300790007473044
mean_power_signed_fW,electrical_work,550.0,13,7,58002.729263305664,58066.3339233398,63.60466003413603,-414.15832519539254,4111.334762573446,0.25274725274725274,exact,77520,0.5094943240454076,0.7833475232198143,0.8279282765737874,0.7833475232198143
mean_power_signed_fW,electrical_work,600.0,13,7,69065.94177246094,69100.072631836,34.13085937505821,-925.782165527402,3597.969360351257,0.1208791208791209,exact,77520,1.0,1.0,1.0,1.0
work_per_spike_fJ,electrical_efficiency,400.0,9,4,574.1811279296919,1416.2454086004532,842.0642806707613,96.96698283709111,1454.2159749348957,0.6666666666666667,exact,715,0.05314685314685315,0.3440559440559441,0.10386672151378033,0.3440559440559441
work_per_spike_fJ,electrical_efficiency,450.0,10,4,699.3903245731287,1440.286535832788,740.8962112596594,262.4828136882501,1547.0197979170296,0.75,exact,1001,0.06393606393606394,0.39278188355138316,0.10386672151378033,0.39278188355138316
work_per_spike_fJ,electrical_efficiency,500.0,10,4,602.9153636459309,3569.178122216529,2966.262758570598,1063.9456028228487,5422.442432240982,0.8999999999999999,exact,1001,0.004995004995004995,0.07679820179820179,0.024975024975024976,0.07679820179820179
work_per_spike_fJ,electrical_efficiency,550.0,10,7,778.9281728897954,3033.7365521882707,2254.8083792984753,582.867277408468,5833.072498290525,0.7428571428571429,exact,19448,0.08309337721102426,0.39278188355138316,0.10386672151378033,0.39278188355138316
work_per_spike_fJ,electrical_efficiency,600.0,12,6,1117.0198645000864,1949.3211859923128,832.3013214922264,-594.054393379284,9506.70083886872,0.5277777777777777,exact,18564,0.23055375996552468,0.5424739656628201,0.23055375996552468,0.5424739656628201
permutation_entropy_norm,information_dynamics,400.0,9,4,0.8165939247690513,0.9242630041823083,0.10766907941325699,-0.09719027766031241,0.15637694073773956,0.38888888888888884,exact,715,0.3300699300699301,0.6688127404071676,0.4416906622788976,0.6688127404071676
permutation_entropy_norm,information_dynamics,450.0,10,4,0.8181219635350747,0.8775238969878336,0.059401933452758904,-0.15020247441417933,0.1590275317767822,0.10000000000000003,exact,1001,0.5274725274725275,0.797877045555064,0.6086221470836856,0.797877045555064
permutation_entropy_norm,information_dynamics,500.0,10,4,0.8522726053043165,0.928121915066159,0.07584930976184256,-0.03528327739905068,0.10787502221106038,0.25,exact,1001,0.09490509490509491,0.39278188355138316,0.23726273726273728,0.39278188355138316
permutation_entropy_norm,information_dynamics,550.0,10,7,0.8550924741926904,0.9143363728490184,0.059243898656327953,-0.042213615110734785,0.11922753301584299,0.2571428571428571,exact,19448,0.35335252982311804,0.6688127404071676,0.4416906622788976,0.6688127404071676
permutation_entropy_norm,information_dynamics,600.0,12,6,0.9113174005683995,0.8844642119642673,-0.026853188604132217,-0.16180769111352192,0.047348199923592627,-0.38888888888888884,exact,18564,0.6621956474897651,0.8758071466800119,0.7094953365961769,0.8758071466800119
spectral_entropy_norm,information_dynamics,400.0,9,4,0.9352258913034915,0.9516705222662687,0.01644463096277715,-0.030993515007769368,0.0456689295327104,0.4444444444444444,exact,715,0.34825174825174826,0.6688127404071676,0.4416906622788976,0.6688127404071676
spectral_entropy_norm,information_dynamics,450.0,10,4,0.9111321107882191,0.9092413464761455,-0.0018907643120735784,-0.04351206669536012,0.04715884207082155,0.050000000000000044,exact,1001,0.962037962037962,1.0,0.962037962037962,1.0
spectral_entropy_norm,information_dynamics,500.0,10,4,0.8892332707768328,0.8516715910303414,-0.03756167974649138,-0.15569883674090423,0.07732880575256895,-0.10000000000000003,exact,1001,0.2897102897102897,0.6300790007473044,0.4416906622788976,0.6300790007473044
spectral_entropy_norm,information_dynamics,550.0,10,7,0.8701763570490586,0.942133943613824,0.07195758656476536,-0.07596113997465082,0.1073346495863563,0.3142857142857143,exact,19448,0.24203002879473468,0.5424739656628201,0.4416906622788976,0.5424739656628201
spectral_entropy_norm,information_dynamics,600.0,12,6,0.8595469402014753,0.9235759341638808,0.06402899396240558,-0.03129587489242747,0.1396687992552661,0.36111111111111116,exact,18564,0.22882999353587588,0.5424739656628201,0.4416906622788976,0.5424739656628201
predictive_information_nats,information_dynamics,400.0,9,4,1.860128159145499,1.8227789036001663,-0.03734925554533275,-0.1769195318208956,-0.0030242121116550447,-0.6666666666666667,exact,715,0.08251748251748252,0.39278188355138316,0.23726273726273728,0.39278188355138316
predictive_information_nats,information_dynamics,450.0,10,4,1.8694619479512844,1.771173007134085,-0.09828894081719941,-0.39434053831707644,-0.01444534850401058,-0.8500000000000001,exact,1001,0.004995004995004995,0.07679820179820179,0.024102735499794324,0.07679820179820179
predictive_information_nats,information_dynamics,500.0,10,4,1.9079262186056483,1.7832353848849782,-0.12469083372067002,-0.16736798852950252,-0.050648321237764415,-1.0,exact,1001,0.004995004995004995,0.07679820179820179,0.024102735499794324,0.07679820179820179
predictive_information_nats,information_dynamics,550.0,10,7,1.9082983469942212,1.8201185949661964,-0.08817975202802475,-0.1281158455130027,0.0029893530827975745,-0.6857142857142857,exact,19448,0.0064273961332784865,0.08221925133689839,0.024102735499794324,0.08221925133689839
predictive_information_nats,information_dynamics,600.0,12,6,1.920083482909131,1.8071729528487666,-0.11291053006036433,-0.19416608910006716,-0.050317620253478315,-0.9444444444444444,exact,18564,0.0011312217194570137,0.07679820179820179,0.016968325791855206,0.07679820179820179
path_kl_rate_excess_nats_s,observable_irreversibility,400.0,9,4,10.97609663134589,163.44439105258448,152.4682944212386,-10.97609663134589,316.73249613377374,0.5555555555555556,exact,715,0.013986013986013986,0.13232920925228617,0.05244755244755245,0.13232920925228617
path_kl_rate_excess_nats_s,observable_irreversibility,450.0,10,4,52.139855528903226,233.19967011153142,181.05981458262818,-51.37417163684049,501.8207029005814,0.44999999999999996,exact,1001,0.02097902097902098,0.16127622377622378,0.05244755244755245,0.16127622377622378
path_kl_rate_excess_nats_s,observable_irreversibility,500.0,10,4,133.76242037993384,32.637742075944914,-101.12467830398893,-152.67286714569914,127.44455782221044,-0.30000000000000004,exact,1001,0.1958041958041958,0.5351981351981352,0.25658165364047714,0.5351981351981352
path_kl_rate_excess_nats_s,observable_irreversibility,550.0,10,7,125.18340272205211,12.52123496390302,-112.66216775814908,-193.01247860562646,71.19610560234608,-0.4,exact,19448,0.20526532291238173,0.5424739656628201,0.25658165364047714,0.5424739656628201
path_kl_rate_excess_nats_s,observable_irreversibility,600.0,12,6,121.42709493224305,94.6762343705509,-26.75086056169215,-160.47534048685975,273.5269319304353,0.0,exact,18564,0.7496767937944409,0.9706341645970129,0.7496767937944409,0.9706341645970129
firing_rate_hz,electrophysiology,0.0,13,7,0.0,0.0,0.0,0.0,0.0,0.0,exact,77520,1.0,1.0,1.0,1.0
firing_rate_hz,electrophysiology,50.0,13,7,0.0,0.0,0.0,0.0,0.0,0.0,exact,77520,1.0,1.0,1.0,1.0
firing_rate_hz,electrophysiology,100.0,13,7,0.0,0.0,0.0,0.0,0.0,0.14285714285714285,exact,77520,1.0,1.0,1.0,1.0
firing_rate_hz,electrophysiology,150.0,13,7,0.0,0.0,0.0,0.0,0.0,0.14285714285714285,exact,77520,1.0,1.0,1.0,1.0
firing_rate_hz,electrophysiology,200.0,13,7,0.0,0.0,0.0,0.0,0.0,0.14285714285714285,exact,77520,1.0,1.0,1.0,1.0
firing_rate_hz,electrophysiology,250.0,13,7,0.0,0.0,0.0,0.0,0.0,0.054945054945054944,exact,77520,1.0,1.0,1.0,1.0
firing_rate_hz,electrophysiology,300.0,13,7,0.0,0.0,0.0,-20.0,1.0,-0.13186813186813187,exact,77520,1.0,1.0,1.0,1.0
firing_rate_hz,electrophysiology,350.0,13,7,30.0,0.0,-30.0,-48.0,11.0,-0.34065934065934067,exact,77520,0.3563467492260062,0.6688127404071676,0.808633007859014,0.6688127404071676
firing_rate_hz,electrophysiology,400.0,13,7,37.0,15.0,-22.0,-50.0,17.224999999998772,-0.37362637362637363,exact,77520,0.4867389060887513,0.7833475232198143,0.8100871193030456,0.7833475232198143
firing_rate_hz,electrophysiology,450.0,13,7,49.0,17.0,-32.0,-56.22499999999999,11.0,-0.5274725274725275,exact,77520,0.1457688338493292,0.4756807176311821,0.4943727783511065,0.4756807176311821
firing_rate_hz,electrophysiology,500.0,13,7,57.0,8.0,-49.0,-77.0,-1.0,-0.6153846153846154,exact,77520,0.12012383900928793,0.42214949137549757,0.4943727783511065,0.42214949137549757
firing_rate_hz,electrophysiology,550.0,13,7,55.0,19.0,-36.0,-73.0,19.0,-0.32967032967032966,exact,77520,0.15082559339525284,0.4756807176311821,0.4943727783511065,0.4756807176311821
firing_rate_hz,electrophysiology,600.0,13,7,53.0,32.0,-21.0,-84.0,17.0,-0.4945054945054945,exact,77520,0.24256965944272446,0.5424739656628201,0.6505277230509429,0.5424739656628201
sustained_rate_hz,electrophysiology,0.0,13,7,0.0,0.0,0.0,0.0,0.0,0.0,exact,77520,1.0,1.0,1.0,1.0
sustained_rate_hz,electrophysiology,50.0,13,7,0.0,0.0,0.0,0.0,0.0,0.0,exact,77520,1.0,1.0,1.0,1.0
sustained_rate_hz,electrophysiology,100.0,13,7,0.0,0.0,0.0,0.0,0.0,0.14285714285714285,exact,77520,1.0,1.0,1.0,1.0
sustained_rate_hz,electrophysiology,150.0,13,7,0.0,0.0,0.0,0.0,0.0,0.14285714285714285,exact,77520,1.0,1.0,1.0,1.0
sustained_rate_hz,electrophysiology,200.0,13,7,0.0,0.0,0.0,0.0,0.0,0.14285714285714285,exact,77520,1.0,1.0,1.0,1.0
sustained_rate_hz,electrophysiology,250.0,13,7,0.0,0.0,0.0,0.0,0.0,0.054945054945054944,exact,77520,1.0,1.0,1.0,1.0
sustained_rate_hz,electrophysiology,300.0,13,7,0.0,0.0,0.0,-20.2020202020202,1.0101010101010102,-0.13186813186813187,exact,77520,1.0,1.0,1.0,1.0
sustained_rate_hz,electrophysiology,350.0,13,7,30.303030303030305,0.0,-30.303030303030305,-48.484848484848484,11.11111111111111,-0.34065934065934067,exact,77520,0.3563467492260062,0.6688127404071676,0.808633007859014,0.6688127404071676
sustained_rate_hz,electrophysiology,400.0,13,7,37.37373737373738,14.141414141414142,-23.232323232323235,-50.505050505050505,25.252525252525253,-0.3846153846153846,exact,77520,0.38813209494324047,0.6870809376382132,0.8100871193030456,0.6870809376382132
sustained_rate_hz,electrophysiology,450.0,13,7,49.494949494949495,16.161616161616163,-33.33333333333333,-56.56565656565657,10.101010101010104,-0.5274725274725275,exact,77520,0.14143446852425182,0.4756807176311821,0.4943727783511065,0.4756807176311821
sustained_rate_hz,electrophysiology,500.0,13,7,57.57575757575758,7.070707070707071,-50.505050505050505,-80.8080808080808,-1.0101010101010102,-0.6153846153846154,exact,77520,0.12012383900928793,0.42214949137549757,0.4943727783511065,0.42214949137549757
sustained_rate_hz,electrophysiology,550.0,13,7,55.55555555555556,18.181818181818183,-37.37373737373737,-73.73737373737373,20.2020202020202,-0.3406593406593406,exact,77520,0.15082559339525284,0.4756807176311821,0.4943727783511065,0.4756807176311821
sustained_rate_hz,electrophysiology,600.0,13,7,53.535353535353536,31.313131313131315,-22.22222222222222,-87.87878787878788,17.17171717171717,-0.4945054945054945,exact,77520,0.24256965944272446,0.5424739656628201,0.6505277230509429,0.5424739656628201
first_spike_latency_ms,electrophysiology,400.0,9,4,51.80000000000001,8.250000000000021,-43.54999999999999,-57.09999999999999,208.0,-0.5,exact,715,0.07972027972027972,0.39278188355138316,0.48136718802353484,0.39278188355138316
first_spike_latency_ms,electrophysiology,450.0,10,4,38.65000000000002,7.700000000000026,-30.949999999999996,-47.75,223.0137499999999,-0.55,exact,1001,0.11788211788211789,0.42214949137549757,0.4943727783511065,0.42214949137549757
first_spike_latency_ms,electrophysiology,500.0,11,4,35.40000000000001,106.85000000000004,71.45000000000002,-32.55,430.0,0.1363636363636364,exact,1365,0.05274725274725275,0.3440559440559441,0.389010989010989,0.3440559440559441
first_spike_latency_ms,electrophysiology,550.0,11,7,28.20000000000003,13.900000000000023,-14.300000000000008,-26.099999999999987,123.20000000000002,-0.14285714285714285,exact,31824,0.34320010055304173,0.6688127404071676,0.808633007859014,0.6688127404071676
first_spike_latency_ms,electrophysiology,600.0,13,6,28.900000000000038,14.400000000000023,-14.500000000000014,-26.950000000000017,10.04999999999999,-0.5641025641025641,exact,27132,0.08974642488574378,0.39278188355138316,0.48136718802353484,0.39278188355138316
mean_isi_ms,electrophysiology,400.0,9,4,19.072000000000006,33.370320197044336,14.29832019704433,3.4891111111111037,27.171749999999985,0.7777777777777777,exact,715,0.03776223776223776,0.2732208967503085,0.3182817182817183,0.2732208967503085
mean_isi_ms,electrophysiology,450.0,10,4,14.722798295454545,31.8672268907563,17.144428595301754,5.736661164004914,22.1873578535892,1.0,exact,1001,0.004995004995004995,0.07679820179820179,0.09823509823509824,0.07679820179820179
mean_isi_ms,electrophysiology,500.0,10,4,12.435268154563625,24.404761904761905,11.96949375019828,5.1761926308985196,31.070253164556956,0.95,exact,1001,0.004995004995004995,0.07679820179820179,0.09823509823509824,0.07679820179820179
mean_isi_ms,electrophysiology,550.0,10,7,11.72610229276896,26.303571428571427,14.577469135802467,4.914265672599008,20.430598849002312,1.0,exact,19448,0.001799670917317976,0.07679820179820179,0.09823509823509824,0.07679820179820179
mean_isi_ms,electrophysiology,600.0,12,6,10.610029644268776,22.51102863202545,11.900998987756674,3.5399703557312208,17.710045833696825,0.8333333333333333,exact,18564,0.01001939237233355,0.1073658410732714,0.11822882999353587,0.1073658410732714
cv_isi,electrophysiology,400.0,9,4,0.13750808284531885,0.18476353855956412,0.047255455714245276,-0.10832173503801379,0.14402208240459907,0.27777777777777773,exact,715,0.4433566433566434,0.7470255771625635,0.8100871193030456,0.7470255771625635
cv_isi,electrophysiology,450.0,10,4,0.12736583738750962,0.17030459249638935,0.042938755108879734,-0.09525618362395952,0.16897006989067814,0.39999999999999997,exact,1001,0.22677322677322678,0.5424739656628201,0.6505277230509429,0.5424739656628201
cv_isi,electrophysiology,500.0,10,4,0.09338444246177277,0.13623590970254842,0.042851467240775654,-0.06042926011650076,0.16876307093333473,0.19999999999999996,exact,1001,0.37362637362637363,0.6859111038215516,0.8100871193030456,0.6859111038215516
cv_isi,electrophysiology,550.0,10,7,0.0901452358407148,0.19596772978446825,0.10582249394375345,-0.06097122532924379,0.17952661567169698,0.3142857142857143,exact,19448,0.4631324557795146,0.7609329205366357,0.8100871193030456,0.7609329205366357
cv_isi,electrophysiology,600.0,12,6,0.08687841399376778,0.20065270178582584,0.11377428779205806,-0.152021592253244,0.19811518750182067,0.19444444444444442,exact,18564,0.3341952165481577,0.6688127404071676,0.808633007859014,0.6688127404071676
adaptation_ratio,electrophysiology,400.0,8,4,1.0888495602341361,1.216614366821411,0.12776480658727496,-0.0747993611521736,0.401925347514942,0.4375,exact,495,0.23434343434343435,0.5424739656628201,0.6505277230509429,0.5424739656628201
adaptation_ratio,electrophysiology,450.0,10,4,1.045410628019325,1.2006369757140036,0.1552263476946787,-0.03435701627204306,0.37213323162979584,0.6000000000000001,exact,1001,0.02097902097902098,0.16127622377622378,0.20629370629370627,0.16127622377622378
adaptation_ratio,electrophysiology,500.0,10,4,1.0519957983193287,1.0980907276983367,0.046094929379008054,-0.0754668956350224,0.5849774756850166,0.25,exact,1001,0.43656343656343655,0.7470255771625635,0.8100871193030456,0.7470255771625635
adaptation_ratio,electrophysiology,550.0,10,7,1.030796004842616,1.2727272727272725,0.24193126788465658,0.01403295693278106,0.33166074095721637,0.6857142857142857,exact,19448,0.0066844919786096255,0.08221925133689839,0.09859625668449197,0.08221925133689839
adaptation_ratio,electrophysiology,600.0,12,6,1.0227848830510444,1.4113900484057469,0.38860516535470246,-0.09720912069579263,0.5745567082108747,0.16666666666666669,exact,18564,0.08688860159448394,0.39278188355138316,0.48136718802353484,0.39278188355138316
baseline_voltage_mV,electrophysiology,0.0,13,7,-95.5810546875,-96.86279296875,-1.28173828125,-8.7890625,2.288818359375,-0.25274725274725274,exact,77520,0.4412280701754386,0.7470255771625635,0.8100871193030456,0.7470255771625635
baseline_voltage_mV,electrophysiology,50.0,13,7,-95.672607421875,-96.923828125,-1.251220703125,-8.7890625,3.509521484375,-0.25274725274725274,exact,77520,0.5094943240454076,0.7833475232198143,0.8100871193030456,0.7833475232198143
baseline_voltage_mV,electrophysiology,100.0,13,7,-95.64208984375,-96.771240234375,-1.129150390625,-8.60595703125,2.01416015625,-0.2417582417582418,exact,77520,0.5904024767801858,0.8068833849329204,0.8100871193030456,0.8068833849329204
baseline_voltage_mV,electrophysiology,150.0,13,7,-95.672607421875,-96.710205078125,-1.03759765625,-8.758544921875,2.25830078125,-0.23076923076923078,exact,77520,0.5904024767801858,0.8068833849329204,0.8100871193030456,0.8068833849329204
baseline_voltage_mV,electrophysiology,200.0,13,7,-95.733642578125,-96.832275390625,-1.0986328125,-8.6669921875,2.197265625,-0.23076923076923078,exact,77520,0.5904024767801858,0.8068833849329204,0.8100871193030456,0.8068833849329204
baseline_voltage_mV,electrophysiology,250.0,13,7,-95.672607421875,-96.86279296875,-1.190185546875,-8.697509765625,2.8869628906249,-0.23076923076923078,exact,77520,0.544891640866873,0.797877045555064,0.8100871193030456,0.797877045555064
baseline_voltage_mV,electrophysiology,300.0,13,7,-95.703125,-96.6796875,-0.9765625,-8.60595703125,3.60107421875,-0.23076923076923078,exact,77520,0.5904024767801858,0.8068833849329204,0.8100871193030456,0.8068833849329204
baseline_voltage_mV,electrophysiology,350.0,13,7,-95.672607421875,-96.710205078125,-1.03759765625,-8.514404296875,3.692626953125,-0.23076923076923078,exact,77520,0.544891640866873,0.797877045555064,0.8100871193030456,0.797877045555064
baseline_voltage_mV,electrophysiology,400.0,13,7,-95.733642578125,-96.61865234375,-0.885009765625,-8.575439453125,2.44140625,-0.23076923076923078,exact,77520,0.6359133126934985,0.8501884506663078,0.8337530099759203,0.8501884506663078
baseline_voltage_mV,electrophysiology,450.0,13,7,-95.733642578125,-96.6796875,-0.946044921875,-8.453369140625,2.50244140625,-0.23076923076923078,exact,77520,0.544891640866873,0.797877045555064,0.8100871193030456,0.797877045555064
baseline_voltage_mV,electrophysiology,500.0,13,7,-95.76416015625,-96.832275390625,-1.068115234375,-8.575439453125,3.72314453125,-0.25274725274725274,exact,77520,0.46398348813209495,0.7609329205366357,0.8100871193030456,0.7609329205366357
baseline_voltage_mV,electrophysiology,550.0,13,7,-95.855712890625,-96.49658203125,-0.640869140625,-8.6669921875,3.448486328125,-0.20879120879120877,exact,77520,0.6359133126934985,0.8501884506663078,0.8337530099759203,0.8501884506663078
baseline_voltage_mV,electrophysiology,600.0,13,7,-95.76416015625,-96.527099609375,-0.762939453125,-8.4991455078125,2.8076171875,-0.23076923076923078,exact,77520,0.5904024767801858,0.8068833849329204,0.8100871193030456,0.8068833849329204
