biological_pair_key,both_core_secure,projection,stage,A_threshold,median_abs_delta_combined_weighted_median,median_abs_delta_kappa_weighted_median,median_abs_delta_J_weighted_median,median_abs_interaction_weighted_median,median_signed_interaction_weighted_median,scenario_support_with_band
WT_03__TO__SCA3_01,True,active,SCA3_entry,0.6832817402871161,0.23581930945765467,0.3227344902920472,0.20192196506614546,0.04420766848552904,-0.04420766848552904,1.0
WT_03__TO__SCA3_01,True,active,WT_exit,0.1483293470542087,0.2172563698357245,0.5609990384615606,0.30117830442146953,0.08025830405513455,-0.11045979368637049,1.0
WT_03__TO__SCA3_01,True,active,balance,0.5,0.28640899997823943,0.4365220238657227,0.21016297998270284,0.04977106685822982,-0.04977106685822982,1.0
WT_03__TO__SCA3_01,True,isi,SCA3_entry,0.7978563373093712,0.18680583379974758,0.23322067825138304,0.08393179757831504,0.03120710414234848,-0.012334326297155071,1.0
WT_03__TO__SCA3_01,True,isi,WT_exit,0.1358293233470019,0.1574369858337954,0.3862086163939831,0.17081575108657648,0.06509892840770679,-0.06509892840770679,1.0
WT_03__TO__SCA3_01,True,isi,balance,0.5,0.24104874301567242,0.36054916031449435,0.13840468505000347,0.03681459172914703,-0.02570289664074965,1.0
WT_03__TO__SCA3_02,False,active,SCA3_entry,0.6832817402871161,0.23491359619882596,0.2784844438753338,0.13181664748826705,0.04026025854757698,-0.03320521936529053,0.9285714285714286
WT_03__TO__SCA3_02,False,active,WT_exit,0.1483293470542087,0.27581468909035056,0.21646773134323688,0.2045319591807313,0.031171137880857555,-0.010875898886166038,1.0
WT_03__TO__SCA3_02,False,active,balance,0.5,0.17800110678966224,0.1802008616903903,0.08228856437104233,0.04155977352220758,-0.007832986637579448,0.9642857142857143
WT_03__TO__SCA3_02,False,isi,SCA3_entry,0.7978563373093712,0.31305405546977993,0.23249680212634424,0.1317120056434783,0.02267067020581015,-0.0028965103004747195,0.9285714285714286
WT_03__TO__SCA3_02,False,isi,WT_exit,0.1358293233470019,0.19385858981828716,0.16339430313286407,0.11155158931584616,0.021513286759416626,-0.009380651263424397,1.0
WT_03__TO__SCA3_02,False,isi,balance,0.5,0.11441924575309562,0.11575828973519034,0.06205487823650274,0.00887143345641811,-0.002582254735979339,0.9642857142857143
WT_03__TO__SCA3_04,True,active,SCA3_entry,0.6832817402871161,0.08689366816552394,0.27468458132675655,0.19657840220415038,0.0611494305792008,-0.034643192806424625,1.0
WT_03__TO__SCA3_04,True,active,WT_exit,0.1483293470542087,0.17906082421451314,0.5060564240587574,0.2429134354692068,0.08044140771242747,-0.08044140771242747,0.9583333333333335
WT_03__TO__SCA3_04,True,active,balance,0.5,0.13486394567845233,0.2647213893747539,0.22448423892795183,0.06861974922441516,-0.057017584624568754,0.9583333333333335
WT_03__TO__SCA3_04,True,isi,SCA3_entry,0.7978563373093712,0.09076162326591569,0.12487771295459538,0.06557096580889504,0.05088011256459868,-5.332330595331225e-05,0.8333333333333335
WT_03__TO__SCA3_04,True,isi,WT_exit,0.1358293233470019,0.048879726678439296,0.29752362605337174,0.13710553007406026,0.02540353606818323,-0.01618810061039057,1.0
WT_03__TO__SCA3_04,True,isi,balance,0.5,0.09939931534590507,0.21907162934525964,0.12814882329639618,0.031698573656059825,-0.01441794753461667,0.9583333333333335
WT_03__TO__SCA3_05,False,active,SCA3_entry,0.6832817402871161,0.1365873423351408,0.13975956469449424,0.14973551581327915,0.020530858329652513,-0.008164911577472289,0.7857142857142857
WT_03__TO__SCA3_05,False,active,WT_exit,0.1483293470542087,0.22697741445155784,0.21919104811240486,0.15418216305080795,0.01780484157588727,-0.010292215461234211,1.0
WT_03__TO__SCA3_05,False,active,balance,0.5,0.10813870756497135,0.13897293036860958,0.13124000323521726,0.02517484982359372,-0.015791094340698975,1.0
WT_03__TO__SCA3_05,False,isi,SCA3_entry,0.7978563373093712,0.16015930496122954,0.1173235898478564,0.052865588478190007,0.03223332189165673,0.0013012799208079807,0.6785714285714286
WT_03__TO__SCA3_05,False,isi,WT_exit,0.1358293233470019,0.09814003211471084,0.18005729429213863,0.1032906771382642,0.009551120931344803,-0.003483664332184694,1.0
WT_03__TO__SCA3_05,False,isi,balance,0.5,0.07846304751037708,0.10942680326881699,0.06861676825820481,0.010744596517700988,-0.0027991786004697428,1.0
WT_03__TO__SCA3_06,True,active,SCA3_entry,0.6832817402871161,0.12486343280831391,0.28641947181903943,0.15759493471738045,0.049290284159115516,-0.06269651468899551,1.0
WT_03__TO__SCA3_06,True,active,WT_exit,0.1483293470542087,0.24388376707955622,0.5750444943340332,0.304377401576275,0.10447821858370263,-0.1706251221741853,1.0
WT_03__TO__SCA3_06,True,active,balance,0.5,0.19478287595491967,0.37966895352955277,0.2236377776787476,0.0739685055608906,-0.07886397973776899,1.0
WT_03__TO__SCA3_06,True,isi,SCA3_entry,0.7978563373093712,0.23977502112984939,0.3299047411499038,0.1369582233342445,0.05864065716024652,-0.04637208791736047,1.0
WT_03__TO__SCA3_06,True,isi,WT_exit,0.1358293233470019,0.40384020659510095,0.5206068994521253,0.14864608402795643,0.03801341539900693,-0.11350856222021954,1.0
WT_03__TO__SCA3_06,True,isi,balance,0.5,0.17807488013503991,0.3372740640385022,0.13365733939703817,0.031052065565564446,-0.05864777567973678,1.0
WT_03__TO__SCA3_09,True,active,SCA3_entry,0.6832817402871161,0.1511538167262487,0.19858552983285113,0.04991513460408663,0.024529669497438615,-0.008259062161752154,0.8333333333333334
WT_03__TO__SCA3_09,True,active,WT_exit,0.1483293470542087,0.2271161549179781,0.3154980901477717,0.13600277291684518,0.04151198523946438,-0.023504529795361898,1.0
WT_03__TO__SCA3_09,True,active,balance,0.5,0.1697459043249726,0.18844315214285523,0.06923642115335729,0.027581030555523925,-0.023136611725721543,0.9166666666666667
WT_03__TO__SCA3_09,True,isi,SCA3_entry,0.7978563373093712,0.22301435010809195,0.18291532464098226,0.055603579579641786,0.028869758727938732,-0.006577372574868346,0.8333333333333334
WT_03__TO__SCA3_09,True,isi,WT_exit,0.1358293233470019,0.1759096981121834,0.21355189408771177,0.10030329471642438,0.04535354213020352,-0.008630419683583964,1.0
WT_03__TO__SCA3_09,True,isi,balance,0.5,0.16820767728829822,0.10400127199577337,0.05577319271453203,0.024868531329688533,-0.00404975797626473,1.0
WT_04__TO__SCA3_01,True,active,SCA3_entry,0.6832817402871161,0.30155976083994446,0.35476602992054146,0.17153402439259563,0.044532770533476165,-0.058861977974988766,1.0
WT_04__TO__SCA3_01,True,active,WT_exit,0.1483293470542087,0.16035692034468635,0.3907386188373244,0.26820894532507233,0.018760862282002043,-0.0254709367128311,1.0
WT_04__TO__SCA3_01,True,active,balance,0.5,0.26467048858567804,0.4180561494444397,0.1761930868047598,0.03090019339457017,-0.03150890794228276,1.0
WT_04__TO__SCA3_01,True,isi,SCA3_entry,0.7978563373093712,0.3424699264214817,0.23392683951969173,0.14546773337120938,0.025157089539178498,-0.025157089539178508,1.0
WT_04__TO__SCA3_01,True,isi,WT_exit,0.1358293233470019,0.1500573099851456,0.424067069172858,0.23934492272322513,0.013504088170459248,-0.014352945614547315,1.0
WT_04__TO__SCA3_01,True,isi,balance,0.5,0.2519619176095058,0.3976170177008503,0.1445898742470189,0.021262954078245053,-0.027906611634833628,1.0
WT_04__TO__SCA3_02,False,active,SCA3_entry,0.6832817402871161,0.1720926900589896,0.11867993842065334,0.24240040789308467,0.032113493925254276,-0.01094224233809583,0.9523809523809523
WT_04__TO__SCA3_02,False,active,WT_exit,0.1483293470542087,0.20116339633636013,0.307511008099143,0.2082800875541733,0.026838541502469327,-0.014400095731194319,1.0
WT_04__TO__SCA3_02,False,active,balance,0.5,0.17570598282308267,0.15088362790937296,0.22435666091178974,0.04353326125573508,-0.013039103162086747,0.9761904761904762
WT_04__TO__SCA3_02,False,isi,SCA3_entry,0.7978563373093712,0.33168920385206485,0.09423318098689622,0.2554888239338932,0.043487206107897414,-0.005159033645287886,0.9047619047619049
WT_04__TO__SCA3_02,False,isi,WT_exit,0.1358293233470019,0.19920265590812833,0.20310180476630013,0.2117284396699627,0.018161582576216927,-0.0074614003009740954,1.0
WT_04__TO__SCA3_02,False,isi,balance,0.5,0.13927191073611708,0.10873943719922903,0.11985783860579423,0.01896998904174324,-0.008833720315076428,0.9523809523809523
WT_04__TO__SCA3_04,True,active,SCA3_entry,0.6832817402871161,0.28535073833578717,0.5117648899394112,0.4094116261931841,0.09701276012738624,-0.08564323128579374,0.9722222222222222
WT_04__TO__SCA3_04,True,active,WT_exit,0.1483293470542087,0.35436067219861916,0.6472939331243304,0.594511704288659,0.23478795997652183,-0.23478795997652155,0.9722222222222222
WT_04__TO__SCA3_04,True,active,balance,0.5,0.2625467552313929,0.50944114648014,0.2952089347379193,0.08994737062931456,-0.08994737062931449,0.9722222222222222
WT_04__TO__SCA3_04,True,isi,SCA3_entry,0.7978563373093712,0.11303203842019399,0.18648472036520403,0.12476071027007782,0.05275938031818901,1.3953565339286442e-05,1.0
WT_04__TO__SCA3_04,True,isi,WT_exit,0.1358293233470019,0.14697235486740484,0.40154394009699246,0.3196731389519196,0.058359936180256373,-0.035430002748273015,0.9722222222222222
WT_04__TO__SCA3_04,True,isi,balance,0.5,0.19299483194324388,0.2626758676109515,0.16216112254095438,0.0360303392835309,-0.014448140406440407,0.9722222222222222
WT_04__TO__SCA3_05,False,active,SCA3_entry,0.6832817402871161,0.33004071001735674,0.6234713340147069,0.5492269413144404,0.2115020743713767,-0.17913680071496862,0.9285714285714287
WT_04__TO__SCA3_05,False,active,WT_exit,0.1483293470542087,0.15637719417791643,0.4039927540645307,0.5393042831670675,0.08912251598383242,-0.07740813570252567,1.0
WT_04__TO__SCA3_05,False,active,balance,0.5,0.26912216388231336,0.361818910589912,0.4816228660856121,0.08932527383840376,-0.08198547310295919,0.9761904761904762
WT_04__TO__SCA3_05,False,isi,SCA3_entry,0.7978563373093712,0.22437186848936247,0.1043078826960111,0.13909362738564202,0.04623766407640584,-4.861001574441026e-05,0.7380952380952382
WT_04__TO__SCA3_05,False,isi,WT_exit,0.1358293233470019,0.1359407966197854,0.3310060147778262,0.2894208975411733,0.045922469030756745,-0.043540839644130656,1.0
WT_04__TO__SCA3_05,False,isi,balance,0.5,0.16212727825909548,0.20083723313122703,0.13084630298801878,0.03940770143603837,-0.014072237713950057,0.9761904761904762
WT_04__TO__SCA3_06,True,active,SCA3_entry,0.6832817402871161,0.2802924667749995,0.5914708673983046,0.3146601163529077,0.14886601104506775,-0.14886601104506775,1.0
WT_04__TO__SCA3_06,True,active,WT_exit,0.1483293470542087,0.15431407509979492,0.35948130974525483,0.19146287909633852,0.031327434676831314,-0.07055745270351922,1.0
WT_04__TO__SCA3_06,True,active,balance,0.5,0.39906137036683076,0.7791122569538527,0.2732608482010862,0.0863298045872027,-0.12958560965220808,1.0
WT_04__TO__SCA3_06,True,isi,SCA3_entry,0.7978563373093712,0.1857582982120763,0.4652222306133938,0.17436335499098907,0.05903505455941904,-0.059035054559419035,1.0
WT_04__TO__SCA3_06,True,isi,WT_exit,0.1358293233470019,0.1560374332838017,0.3085248020908849,0.16068482009986054,0.022262346867186738,-0.05269287364649349,1.0
WT_04__TO__SCA3_06,True,isi,balance,0.5,0.2752328339964382,0.6841985060883049,0.22810853537370976,0.054662528934127645,-0.07016667728199397,1.0
WT_04__TO__SCA3_09,True,active,SCA3_entry,0.6832817402871161,0.6020893662318517,0.3645816936436481,0.34291564528336604,0.05938030562248926,-0.020328710280200793,1.0
WT_04__TO__SCA3_09,True,active,WT_exit,0.1483293470542087,0.3699952057695489,0.3978860254772154,0.5721241133748464,0.061624817653230565,-0.05711150679154416,1.0
WT_04__TO__SCA3_09,True,active,balance,0.5,0.4552470720802173,0.5195487043224216,0.37189216313457446,0.06944773223033775,-0.06349935170539746,1.0
WT_04__TO__SCA3_09,True,isi,SCA3_entry,0.7978563373093712,0.12544229204322638,0.10069174803366521,0.12772087236702823,0.021700327310557488,-0.019233952410137145,0.888888888888889
WT_04__TO__SCA3_09,True,isi,WT_exit,0.1358293233470019,0.13632636934199263,0.21372134257769662,0.3302466711138426,0.07032831533311845,-0.005412574731681358,1.0
WT_04__TO__SCA3_09,True,isi,balance,0.5,0.21402386435387843,0.13995123474739946,0.2309794782393613,0.0619726372884255,-0.025698964531311347,1.0
WT_06__TO__SCA3_01,False,active,SCA3_entry,0.6832817402871161,0.36844180921660696,0.4621520132247372,0.1879445934081713,0.054259694428025224,-0.06170555944236783,1.0
WT_06__TO__SCA3_01,False,active,WT_exit,0.1483293470542087,0.2550704511123234,0.4489864618372927,0.1740288337837364,0.02888030069684261,-0.03437613271035132,1.0
WT_06__TO__SCA3_01,False,active,balance,0.5,0.29944619532139743,0.3906386858177447,0.143054555952614,0.025331625912941524,-0.02888466191299066,1.0
WT_06__TO__SCA3_01,False,isi,SCA3_entry,0.7978563373093712,0.31382088835540334,0.3556823377252174,0.13490417345221495,0.027995786885525675,-0.027995786885525675,1.0
WT_06__TO__SCA3_01,False,isi,WT_exit,0.1358293233470019,0.2482716579295843,0.4125817860674458,0.1519447506433766,0.016516236232433673,-0.02369653726777335,1.0
WT_06__TO__SCA3_01,False,isi,balance,0.5,0.26534193371090076,0.36732601622738664,0.14173005628853486,0.017161572018986382,-0.01902264712151075,1.0
WT_06__TO__SCA3_02,False,active,SCA3_entry,0.6832817402871161,0.23182960752500334,0.08173077254823308,0.17948639595053778,0.030407420636299635,-0.027224535240534642,0.9142857142857144
WT_06__TO__SCA3_02,False,active,WT_exit,0.1483293470542087,0.32554013492136946,0.2569214644668687,0.23686775108527428,0.019035622300197185,-0.012694178897626756,1.0
WT_06__TO__SCA3_02,False,active,balance,0.5,0.21978567429111528,0.18760199567643068,0.12805029580075927,0.03764241897580986,-0.030487506394305988,1.0
WT_06__TO__SCA3_02,False,isi,SCA3_entry,0.7978563373093712,0.3670955156223178,0.07534446764092236,0.1867847636193393,0.038258264214937124,-0.010496570052370546,0.8285714285714285
WT_06__TO__SCA3_02,False,isi,WT_exit,0.1358293233470019,0.23050172698433335,0.22960984820644179,0.17590385778582637,0.01251983838529965,-0.004154204811477607,1.0
WT_06__TO__SCA3_02,False,isi,balance,0.5,0.13878130782778603,0.16054937768509303,0.09985616111965223,0.015417581030397249,-0.014451050030080266,0.9714285714285714
WT_06__TO__SCA3_04,False,active,SCA3_entry,0.6832817402871161,0.2261801507695367,0.5177366950366952,0.29938845706034334,0.10434923377618702,-0.10434923377618735,0.9666666666666667
WT_06__TO__SCA3_04,False,active,WT_exit,0.1483293470542087,0.35314981261864536,0.6071629889627881,0.37493702065773094,0.13078489324155013,-0.13078489324155032,0.9666666666666667
WT_06__TO__SCA3_04,False,active,balance,0.5,0.2649761069814305,0.4998447152081953,0.2185215454610853,0.09750157181675806,-0.09368863601812119,0.9666666666666667
WT_06__TO__SCA3_04,False,isi,SCA3_entry,0.7978563373093712,0.147103814781775,0.20190614663752413,0.1380879312009735,0.05489555223265368,-6.97540634974085e-05,0.9333333333333332
WT_06__TO__SCA3_04,False,isi,WT_exit,0.1358293233470019,0.2530644949431908,0.5189697125757599,0.223153057042768,0.04641371466337491,-0.034778265188869055,0.9666666666666667
WT_06__TO__SCA3_04,False,isi,balance,0.5,0.19272609252612266,0.2862494194960306,0.12760289513729745,0.02761311484819434,-0.015370222726270102,0.9666666666666667
WT_06__TO__SCA3_05,False,active,SCA3_entry,0.6832817402871161,0.28039316632535655,0.4831514273724145,0.2724597514793891,0.07571631071532312,-0.09084424860616332,0.8857142857142856
WT_06__TO__SCA3_05,False,active,WT_exit,0.1483293470542087,0.23497839961859102,0.5348194224885094,0.31031488374485744,0.04070762784406131,-0.053832359448352456,1.0
WT_06__TO__SCA3_05,False,active,balance,0.5,0.24258553422004273,0.35563331992780745,0.2953047058716698,0.06371290869917554,-0.0647172635062875,1.0
WT_06__TO__SCA3_05,False,isi,SCA3_entry,0.7978563373093712,0.2548400010443567,0.19744250176444342,0.1495203276492875,0.06450755725235789,-0.002287991798672605,0.7999999999999999
WT_06__TO__SCA3_05,False,isi,WT_exit,0.1358293233470019,0.20565189058056732,0.3396099958453474,0.18524597170215343,0.029551876978674306,-0.02604812487382807,1.0
WT_06__TO__SCA3_05,False,isi,balance,0.5,0.12230371682342306,0.18018340603449148,0.08184854705176756,0.03857619359027508,-0.006307183246901901,1.0
WT_06__TO__SCA3_06,False,active,SCA3_entry,0.6832817402871161,0.5151519594000595,0.7710316226583595,0.26234208569696005,0.1221945644837135,-0.22081036532683618,1.0
WT_06__TO__SCA3_06,False,active,WT_exit,0.1483293470542087,0.16722707557379857,0.3215648561123205,0.11744522807303269,0.01345429287845863,-0.04849124576480942,1.0
WT_06__TO__SCA3_06,False,active,balance,0.5,0.4022604325139087,0.609078747174028,0.1937506824149207,0.04877013414601792,-0.0771662115533833,1.0
WT_06__TO__SCA3_06,False,isi,SCA3_entry,0.7978563373093712,0.5647517617769686,0.7799214500808263,0.21063305381954311,0.08730238633343802,-0.11576265607774237,1.0
WT_06__TO__SCA3_06,False,isi,WT_exit,0.1358293233470019,0.1549985863320028,0.25007096904865916,0.07687647264297204,0.007511055262087853,-0.03856957519572535,1.0
WT_06__TO__SCA3_06,False,isi,balance,0.5,0.35800199949021844,0.5254431349098314,0.16536129158360832,0.04535046099234083,-0.06475737179416956,1.0
WT_06__TO__SCA3_09,False,active,SCA3_entry,0.6832817402871161,0.2786258297760206,0.3506199359165478,0.21416234168734696,0.04711683102007991,-0.04711683102007987,0.9333333333333333
WT_06__TO__SCA3_09,False,active,WT_exit,0.1483293470542087,0.16921846259946952,0.2239576134320552,0.27024475518326846,0.0451691838869968,-0.02965582751043386,1.0
WT_06__TO__SCA3_09,False,active,balance,0.5,0.34070244730381505,0.35225151677721467,0.18792284609309565,0.05253024872385657,-0.0525302487238565,1.0
WT_06__TO__SCA3_09,False,isi,SCA3_entry,0.7978563373093712,0.2064674893623612,0.11042708150047122,0.14777050630508462,0.0395080955692424,-0.025400376004215096,0.7999999999999999
WT_06__TO__SCA3_09,False,isi,WT_exit,0.1358293233470019,0.139719649532645,0.2119690160554226,0.19122922909473178,0.020967096253054013,-0.00689559716924261,1.0
WT_06__TO__SCA3_09,False,isi,balance,0.5,0.18605617068455343,0.10660921555599966,0.1318466859735834,0.06421434228814456,-0.001990424621841622,1.0
WT_07__TO__SCA3_01,False,active,SCA3_entry,0.6832817402871161,0.3058331392079108,0.5342658899892381,1.2948979887460044,1.1176794649705504,-2.101765393839955,1.0
WT_07__TO__SCA3_01,False,active,WT_exit,0.1483293470542087,0.9099217769489343,1.477390951261765,,,,0.125
WT_07__TO__SCA3_01,False,active,balance,0.5,0.5003660381937985,0.9010799572376345,1.4082877576670767,2.3528111276333643,-2.3528111276333643,0.75
WT_07__TO__SCA3_01,False,isi,SCA3_entry,0.7978563373093712,0.2352360049593546,0.3573056220875661,0.2563175850106424,0.14924367148506984,-0.05619232256392678,1.0
WT_07__TO__SCA3_01,False,isi,WT_exit,0.1358293233470019,0.6481977071009345,0.757293990238751,1.3209787339294903,0.5673524910325887,0.5673524910325887,0.375
WT_07__TO__SCA3_01,False,isi,balance,0.5,0.08382136660290615,0.23207123713988795,0.21967437593800368,0.012222602532356908,-0.012222602532356908,0.875
WT_07__TO__SCA3_02,False,active,SCA3_entry,0.6832817402871161,0.10996656122404072,0.20678025589722493,0.1285096132728574,0.039737463346958435,-0.0364933237271028,0.9642857142857143
WT_07__TO__SCA3_02,False,active,WT_exit,0.1483293470542087,0.14728519294703557,0.306140606665413,0.18620195311876792,0.03528072254112162,-0.0006158032592754326,0.8571428571428571
WT_07__TO__SCA3_02,False,active,balance,0.5,0.16310310746591447,0.23827566280078188,0.14097626123352724,0.0517900024714082,-0.01035804788779275,0.9642857142857143
WT_07__TO__SCA3_02,False,isi,SCA3_entry,0.7978563373093712,0.18708969820430027,0.24549644353487415,0.1607393966739843,0.058243599737986713,-0.016169694691920145,1.0
WT_07__TO__SCA3_02,False,isi,WT_exit,0.1358293233470019,0.16743409208267018,0.3095372240555103,0.1563470243685608,0.029815540245133637,-0.003067604505633103,0.8214285714285714
WT_07__TO__SCA3_02,False,isi,balance,0.5,0.11010111711190862,0.17251455189003714,0.09372010134625108,0.04215547529372987,-0.007013775573157743,1.0
WT_07__TO__SCA3_04,False,active,SCA3_entry,0.6832817402871161,0.031848763766109456,0.0582122416291323,0.10778786976012156,0.01189921376175429,-0.00019127831597054445,0.8750000000000001
WT_07__TO__SCA3_04,False,active,WT_exit,0.1483293470542087,0.9015596024746648,0.7104205746733389,1.0393882977456397,0.08216300435550326,0.022188629245337793,0.41666666666666674
WT_07__TO__SCA3_04,False,active,balance,0.5,0.4044670774196706,0.089341129050444,0.4679821887586163,0.04253648953090372,-4.7663991705027e-05,0.41666666666666674
WT_07__TO__SCA3_04,False,isi,SCA3_entry,0.7978563373093712,0.06093046198121188,0.0463707022492848,0.08209420439495144,0.0323338776171431,2.2408634547277373e-05,1.0
WT_07__TO__SCA3_04,False,isi,WT_exit,0.1358293233470019,0.3782168788708003,0.3171681749611559,0.36906597085917464,0.1169810896299732,-0.1169810896299731,0.6666666666666666
WT_07__TO__SCA3_04,False,isi,balance,0.5,0.1636796929921039,0.12091923019110823,0.21438955611013072,0.08350321287787321,-0.00768838884573364,1.0
WT_07__TO__SCA3_05,False,active,SCA3_entry,0.6832817402871161,0.1360059460108839,0.24218650550499954,0.6264749976045639,0.02736252151594204,-0.005758134077427368,0.5714285714285714
WT_07__TO__SCA3_05,False,active,WT_exit,0.1483293470542087,1.164490239422749,0.6377828503242038,0.9203146849196917,0.07890790466266925,0.06068022040002896,0.39285714285714285
WT_07__TO__SCA3_05,False,active,balance,0.5,0.12546553340306682,0.1591511049129236,0.06875340967012555,0.023805567309936784,0.00015948006498861522,0.5357142857142857
WT_07__TO__SCA3_05,False,isi,SCA3_entry,0.7978563373093712,0.09708829456530588,0.04877109697486037,0.10282976138367561,0.03046240869142741,-0.006034434371953334,0.9285714285714286
WT_07__TO__SCA3_05,False,isi,WT_exit,0.1358293233470019,0.38661975512956737,0.3416938841548698,0.3102244170622947,0.16737212307000215,0.036390886968990094,0.6428571428571429
WT_07__TO__SCA3_05,False,isi,balance,0.5,0.176243771676736,0.11830317097111931,0.1788165399850925,0.07228869375154146,-0.0011319889378793024,0.9642857142857143
WT_07__TO__SCA3_06,False,active,SCA3_entry,0.6832817402871161,0.5677530186327171,0.9079643373012791,1.1022477931912187,0.5163271872746249,-0.5163271872746249,0.5
WT_07__TO__SCA3_06,False,active,WT_exit,0.1483293470542087,,,,,,0.0
WT_07__TO__SCA3_06,False,active,balance,0.5,,,,,,0.0
WT_07__TO__SCA3_06,False,isi,SCA3_entry,0.7978563373093712,0.07984975679143069,0.2055246225067311,0.20052798603110544,0.05719428258484133,-0.032022261035677846,1.0
WT_07__TO__SCA3_06,False,isi,WT_exit,0.1358293233470019,,,,,,0.0
WT_07__TO__SCA3_06,False,isi,balance,0.5,0.04217775253197065,0.21909742109702246,0.20536314965566915,0.09629649790514638,-0.18976688059730862,0.5
WT_07__TO__SCA3_09,False,active,SCA3_entry,0.6832817402871161,1.6420165152616037,1.0484971735888613,0.5381650669618989,0.1524006594519436,-0.02768041151991757,0.6666666666666667
WT_07__TO__SCA3_09,False,active,WT_exit,0.1483293470542087,2.400883685030996,1.5373565219710403,0.9253298289375653,0.09774818113324668,0.06904091205179697,0.5000000000000001
WT_07__TO__SCA3_09,False,active,balance,0.5,1.8336029726861784,1.1848089100538632,0.703317888301509,0.17174313220165877,-0.0041967646722650236,0.5833333333333335
WT_07__TO__SCA3_09,False,isi,SCA3_entry,0.7978563373093712,0.2992481125814287,0.42754510709981086,0.21293262871610327,0.17049852282600056,-0.1040546627749963,1.0
WT_07__TO__SCA3_09,False,isi,WT_exit,0.1358293233470019,0.2420905505685224,0.22015088084756346,0.1659117821459068,0.15503014430213147,0.03161195533556678,0.6666666666666667
WT_07__TO__SCA3_09,False,isi,balance,0.5,0.08555117500640289,0.34950209281751543,0.16453214608004088,0.19900072223581725,-0.18819302194363638,0.9166666666666667
WT_08__TO__SCA3_01,True,active,SCA3_entry,0.6832817402871161,0.20487513212265027,0.36276540068055274,0.04214795171138325,0.015836788394908152,-0.11591034945808773,1.0
WT_08__TO__SCA3_01,True,active,WT_exit,0.1483293470542087,0.13644738160713418,0.3757255259194651,0.1901418474595463,0.006656489496666834,-0.02944468457403017,1.0
WT_08__TO__SCA3_01,True,active,balance,0.5,0.14005539399359102,0.2713491199384922,0.07186677592715397,0.016121544898523743,-0.024477296556247002,1.0
WT_08__TO__SCA3_01,True,isi,SCA3_entry,0.7978563373093712,0.16013027693597648,0.26289637218319983,0.04952401919968441,0.004028670843488624,-0.004028670843488624,1.0
WT_08__TO__SCA3_01,True,isi,WT_exit,0.1358293233470019,0.1357910457221123,0.3421602654888696,0.16029317638380058,0.0006126612428644235,-0.014107379493118466,1.0
WT_08__TO__SCA3_01,True,isi,balance,0.5,0.15686573035858337,0.2888861679924227,0.10933587482696679,0.001809445367129875,-0.021967009844383156,1.0
WT_08__TO__SCA3_02,False,active,SCA3_entry,0.6832817402871161,0.4416842283419378,0.15806274624325634,0.35159762778119263,0.04773409957748885,-0.8605394498766444,0.8571428571428571
WT_08__TO__SCA3_02,False,active,WT_exit,0.1483293470542087,0.04316648390954284,0.010774370941162903,0.06423071474490705,0.01759780806040369,-0.0047612584576084485,1.0
WT_08__TO__SCA3_02,False,active,balance,0.5,0.35865527866150915,0.08232399498195574,0.258777917513089,0.14084618106804342,-0.2217544727711538,0.8571428571428571
WT_08__TO__SCA3_02,False,isi,SCA3_entry,0.7978563373093712,0.6533053275611939,0.14753496413635997,0.3418853147911446,0.05193998481074576,-0.018132620556331927,0.42857142857142855
WT_08__TO__SCA3_02,False,isi,WT_exit,0.1358293233470019,0.05626104316685706,0.11766079160925785,0.06690119144789561,0.008008135950365494,-0.002159037739393319,1.0
WT_08__TO__SCA3_02,False,isi,balance,0.5,0.32579401520512635,0.0707708842277652,0.1601427896140203,0.0429831063888734,-0.008416179054119843,0.7142857142857143
WT_08__TO__SCA3_04,True,active,SCA3_entry,0.6832817402871161,0.15978420116957676,0.3603577913005805,0.8643733995382861,0.24131731592861339,-0.3117573583430599,0.8333333333333333
WT_08__TO__SCA3_04,True,active,WT_exit,0.1483293470542087,0.014089302183174014,0.10565527682865919,0.09666654191680735,0.029637242982901196,-0.009237363042679247,1.0
WT_08__TO__SCA3_04,True,active,balance,0.5,0.05247420291213349,0.25624135002160486,0.41976353236386965,0.08681667765134221,-0.08684959797467964,0.8333333333333333
WT_08__TO__SCA3_04,True,isi,SCA3_entry,0.7978563373093712,0.03845499496964474,0.4503265371098368,0.13240901510853506,0.017992407372541867,-0.01768470925923863,1.0
WT_08__TO__SCA3_04,True,isi,WT_exit,0.1358293233470019,0.0251252412127166,0.11365172963002973,0.1507964571462913,0.021951755323014792,-0.014197060920322264,1.0
WT_08__TO__SCA3_04,True,isi,balance,0.5,0.02837228388632829,0.1720047698113911,0.2150102287187665,0.008854476242526091,-0.008279766761691953,1.0
WT_08__TO__SCA3_05,False,active,SCA3_entry,0.6832817402871161,0.2413819580530986,0.23462424088854555,0.30578370988936143,0.03661950543833513,-0.02568673358807863,0.8571428571428571
WT_08__TO__SCA3_05,False,active,WT_exit,0.1483293470542087,0.15302017869118706,0.15952802665720428,0.34025575558152266,0.03698711396823884,-0.03698711396823884,1.0
WT_08__TO__SCA3_05,False,active,balance,0.5,0.1107250356238377,0.09720613851782511,0.3111366845171956,0.045169793138617464,-0.05368177784335554,0.8571428571428571
WT_08__TO__SCA3_05,False,isi,SCA3_entry,0.7978563373093712,0.1416031262835351,0.2495586396061598,0.15135757747468037,0.06273450996600449,0.03765062275781869,0.8571428571428571
WT_08__TO__SCA3_05,False,isi,WT_exit,0.1358293233470019,0.11957003351846202,0.10259134658881189,0.26305569677359675,0.01633120113338621,-0.01633120113338621,1.0
WT_08__TO__SCA3_05,False,isi,balance,0.5,0.09315659835279205,0.08359167839559545,0.13090305103556535,0.03720770941066687,-0.03720770941066687,0.8571428571428571
WT_08__TO__SCA3_06,True,active,SCA3_entry,0.6832817402871161,0.19805245666129206,0.5673080613626525,0.24041368399055518,0.1103055393033971,-0.1103055393033971,1.0
WT_08__TO__SCA3_06,True,active,WT_exit,0.1483293470542087,0.0486925357753169,0.3903560756230847,0.2733074253963057,0.0641011699271754,-0.0641011699271754,1.0
WT_08__TO__SCA3_06,True,active,balance,0.5,0.24816159962903345,0.7562710867940583,0.32331698072489756,0.18088266974989353,-0.18088266974989353,1.0
WT_08__TO__SCA3_06,True,isi,SCA3_entry,0.7978563373093712,0.1629490925286481,0.4163591197109817,0.15721640008427795,0.0748064795827229,-0.0748064795827229,1.0
WT_08__TO__SCA3_06,True,isi,WT_exit,0.1358293233470019,0.05827448137936969,0.3088767505719652,0.26161687151302,0.048812092809536314,-0.048812092809536314,1.0
WT_08__TO__SCA3_06,True,isi,balance,0.5,0.2084879491049193,0.6104097210075305,0.26578283914822126,0.12805304357854144,-0.12805304357854144,1.0
WT_08__TO__SCA3_09,True,active,SCA3_entry,0.6832817402871161,0.3133846745939331,0.22874885255624722,0.39497934757638814,0.15823398445314626,-0.010683599839190483,1.0
WT_08__TO__SCA3_09,True,active,WT_exit,0.1483293470542087,0.37563719157892983,0.18718042491957423,0.27298238461239527,0.07753687419246699,-0.07753687419246699,1.0
WT_08__TO__SCA3_09,True,active,balance,0.5,0.22487436603431038,0.10608447931710319,0.2689338394323488,0.07585818557409661,-0.06156417390732925,1.0
WT_08__TO__SCA3_09,True,isi,SCA3_entry,0.7978563373093712,0.040419980127089555,0.04600914240580179,0.046348917293735026,0.006172675279250306,-0.003964359497127978,1.0
WT_08__TO__SCA3_09,True,isi,WT_exit,0.1358293233470019,0.3023268655944106,0.16236174108462859,0.2516620736913603,0.06949578933816483,-0.0694957893381648,1.0
WT_08__TO__SCA3_09,True,isi,balance,0.5,0.19999123225021154,0.100802038752841,0.21251483119409045,0.08800317020116694,-0.07999486079630118,1.0
WT_09__TO__SCA3_01,True,active,SCA3_entry,0.6832817402871161,0.3776534432020728,0.5689088943322131,0.19297158796817654,0.028471300375446817,-0.028471300375446828,1.0
WT_09__TO__SCA3_01,True,active,WT_exit,0.1483293470542087,0.22380313655256376,0.4156718623718646,0.20805771807630977,0.03922203364700861,-0.04095541277159732,1.0
WT_09__TO__SCA3_01,True,active,balance,0.5,0.3406959077814869,0.4768959024203224,0.19164267512916497,0.031179813665653866,-0.03891033366838631,1.0
WT_09__TO__SCA3_01,True,isi,SCA3_entry,0.7978563373093712,0.35921466189660134,0.4311159814503046,0.17227031068204046,0.03652278328375065,-0.017923810867239823,1.0
WT_09__TO__SCA3_01,True,isi,WT_exit,0.1358293233470019,0.24926697026619146,0.5644841301232478,0.2005896052569689,0.036165146752614064,-0.03364539243507639,1.0
WT_09__TO__SCA3_01,True,isi,balance,0.5,0.3019908297434883,0.3853124767461864,0.14385014116758366,0.019531399396890636,-0.015546913285766881,1.0
WT_09__TO__SCA3_02,False,active,SCA3_entry,0.6832817402871161,0.38568261044582175,0.19271469801942895,0.24404509677258157,0.12587217139569806,-0.06864751480424384,0.9761904761904762
WT_09__TO__SCA3_02,False,active,WT_exit,0.1483293470542087,0.18512270334530168,0.2831315351507904,0.20437627009841358,0.026297354250124506,-0.012894202152775154,1.0
WT_09__TO__SCA3_02,False,active,balance,0.5,0.2184926109572026,0.2538978201665464,0.11913188577836276,0.05947499296126735,-0.06990383108594074,1.0
WT_09__TO__SCA3_02,False,isi,SCA3_entry,0.7978563373093712,0.502648698128132,0.30376185925756966,0.2303692028367418,0.07137624855566205,0.007224994539297425,0.8095238095238095
WT_09__TO__SCA3_02,False,isi,WT_exit,0.1358293233470019,0.16041738656603047,0.24016368296523738,0.1347952855746129,0.025168119893823816,-0.0034181739358863012,0.9761904761904762
WT_09__TO__SCA3_02,False,isi,balance,0.5,0.16194094952231522,0.20792815104940818,0.0781387456776179,0.02520223443695899,-0.005545754136370441,1.0
WT_09__TO__SCA3_04,True,active,SCA3_entry,0.6832817402871161,0.25956371917523513,0.38589069805838133,0.35898073242726136,0.10516973004089342,-0.10688034700874,0.9722222222222222
WT_09__TO__SCA3_04,True,active,WT_exit,0.1483293470542087,0.22476486528889034,0.7249841567864372,0.4512978468043878,0.17735502477213566,-0.17735502477213552,1.0
WT_09__TO__SCA3_04,True,active,balance,0.5,0.3724637192783944,0.527118949858941,0.3371414495563799,0.10413852076053881,-0.08422283111766814,0.9444444444444445
WT_09__TO__SCA3_04,True,isi,SCA3_entry,0.7978563373093712,0.15273092611941647,0.1855469969402359,0.16118664772611405,0.06765256421582906,0.00034838137859649653,0.9166666666666667
WT_09__TO__SCA3_04,True,isi,WT_exit,0.1358293233470019,0.19321593687577124,0.48810822864495595,0.28760667184926714,0.058178290152896196,-0.023229035289342215,1.0
WT_09__TO__SCA3_04,True,isi,balance,0.5,0.1981922423115075,0.27527191466315515,0.1211171412605092,0.03527946755125043,-0.007995816606502778,0.9444444444444445
WT_09__TO__SCA3_05,False,active,SCA3_entry,0.6832817402871161,0.32612382445701266,0.603620310125063,0.404011174683369,0.2095387250103978,-0.2510270365828617,0.9047619047619049
WT_09__TO__SCA3_05,False,active,WT_exit,0.1483293470542087,0.17159679639128878,0.5043243430701808,0.3705381183413529,0.06037872941495197,-0.06037872941495204,1.0
WT_09__TO__SCA3_05,False,active,balance,0.5,0.3713928467366592,0.5338395766985694,0.5107795039483909,0.1347115776498816,-0.16756638195264345,1.0
WT_09__TO__SCA3_05,False,isi,SCA3_entry,0.7978563373093712,0.2410796428193791,0.20296122261626312,0.18926113458110977,0.05128182227770006,-0.0203000190236991,0.7619047619047619
WT_09__TO__SCA3_05,False,isi,WT_exit,0.1358293233470019,0.17540736943631752,0.41024752381576857,0.2788730880643767,0.040188553993943485,-0.03300416077530399,1.0
WT_09__TO__SCA3_05,False,isi,balance,0.5,0.13604226665940014,0.16842356630489294,0.10047374117827794,0.0388848037024064,-0.00013753722149967396,1.0
WT_09__TO__SCA3_06,True,active,SCA3_entry,0.6832817402871161,0.47800104970332224,0.7153849976946589,0.24872775866116148,0.11435403331120915,-0.1556862669092669,1.0
WT_09__TO__SCA3_06,True,active,WT_exit,0.1483293470542087,0.15859559451474883,0.3529295863178423,0.12677043139752414,0.022792839575964514,-0.08765411187279168,1.0
WT_09__TO__SCA3_06,True,active,balance,0.5,0.32101271111192115,0.5322909707007342,0.1851618907973968,0.060095535836570776,-0.09562904954257966,1.0
WT_09__TO__SCA3_06,True,isi,SCA3_entry,0.7978563373093712,0.45136497163109074,0.5657768015780659,0.2552493842628044,0.1393563225401272,-0.13873597238185764,1.0
WT_09__TO__SCA3_06,True,isi,WT_exit,0.1358293233470019,0.13615960455847537,0.30229703286487275,0.10140058194409174,0.01326562264007892,-0.05949217458794258,1.0
WT_09__TO__SCA3_06,True,isi,balance,0.5,0.29782654497134914,0.44234037847887675,0.1483990206599323,0.0382403793699916,-0.07797968029980003,1.0
WT_09__TO__SCA3_09,True,active,SCA3_entry,0.6832817402871161,0.21365755563264652,0.34087548133862694,0.20587776527365265,0.08484062638106749,-0.0421705177768813,0.8333333333333331
WT_09__TO__SCA3_09,True,active,WT_exit,0.1483293470542087,0.22097106518676154,0.4590377722043066,0.36122027401218076,0.17751208029799517,-0.17751208029799487,1.0
WT_09__TO__SCA3_09,True,active,balance,0.5,0.2698340982989456,0.4546807712589783,0.1959222085393692,0.05382810298706214,-0.03562055801897767,1.0
WT_09__TO__SCA3_09,True,isi,SCA3_entry,0.7978563373093712,0.3436809905352596,0.2962775960482494,0.22115959116926331,0.09520360764852809,-0.04368226343344439,0.7777777777777777
WT_09__TO__SCA3_09,True,isi,WT_exit,0.1358293233470019,0.10861987526740427,0.10146294978531083,0.22339351341859534,0.0232469305499261,-0.0024235846458976733,1.0
WT_09__TO__SCA3_09,True,isi,balance,0.5,0.20128530426978763,0.17248688344013055,0.14300774934002478,0.037373073524991605,0.00018906451296941642,1.0
WT_10__TO__SCA3_01,True,active,SCA3_entry,0.6832817402871161,0.3474760473061272,0.48201295997744753,0.19196095849127634,0.03110515262531799,-0.11513009018009909,1.0
WT_10__TO__SCA3_01,True,active,WT_exit,0.1483293470542087,0.23277848311484023,0.37273532232823803,0.18046309743521,0.03503308931019658,-0.055782601809209215,1.0
WT_10__TO__SCA3_01,True,active,balance,0.5,0.2294245566632327,0.35719886945555923,0.14867614611358695,0.02016144631776237,-0.0717530407854372,1.0
WT_10__TO__SCA3_01,True,isi,SCA3_entry,0.7978563373093712,0.35809964891344925,0.46601328148934307,0.17867356610639296,0.031317829939051606,-0.09478336281205774,1.0
WT_10__TO__SCA3_01,True,isi,WT_exit,0.1358293233470019,0.25632609354064717,0.4386978609721502,0.18177565360091388,0.025087124302790142,-0.03740943129573315,1.0
WT_10__TO__SCA3_01,True,isi,balance,0.5,0.2561872277026839,0.3402414634777027,0.13218151151707208,0.012730262876097923,-0.06204569903694429,1.0
WT_10__TO__SCA3_02,False,active,SCA3_entry,0.6832817402871161,0.19188536420698926,0.2200758759508058,0.10117756775377933,0.009337217281539054,-0.20641919589995458,1.0
WT_10__TO__SCA3_02,False,active,WT_exit,0.1483293470542087,0.2593556438561494,0.11435721431763922,0.17039032508249224,0.012796747810563058,-0.0071244896362199816,1.0
WT_10__TO__SCA3_02,False,active,balance,0.5,0.08484780645834493,0.09818792969591739,0.0409436983342939,0.008815594125411804,-0.028259765653282826,1.0
WT_10__TO__SCA3_02,False,isi,SCA3_entry,0.7978563373093712,0.3260674600251956,0.35122469678742485,0.15828293451940903,0.011663726629385612,-0.025805443052205022,1.0
WT_10__TO__SCA3_02,False,isi,WT_exit,0.1358293233470019,0.2155456668666026,0.12800572430459095,0.15408449458657075,0.012645929988911196,-0.01002223317129327,1.0
WT_10__TO__SCA3_02,False,isi,balance,0.5,0.09185995464385985,0.09409311983738909,0.04845729589932214,0.0019118470359876657,-0.008336568354337433,1.0
WT_10__TO__SCA3_04,True,active,SCA3_entry,0.6832817402871161,0.15403458168908798,0.8664417852192989,0.5175093326532512,0.11388070029860568,-0.23623380206671557,1.0
WT_10__TO__SCA3_04,True,active,WT_exit,0.1483293470542087,0.21240382820042755,0.7731343356254934,0.5320056954513258,0.16950635660067082,-0.5031864898704214,1.0
WT_10__TO__SCA3_04,True,active,balance,0.5,0.21339105524626953,0.5980435086201227,0.27302957109763165,0.129565058724653,-0.212387900870077,1.0
WT_10__TO__SCA3_04,True,isi,SCA3_entry,0.7978563373093712,0.1516409152900067,0.31834694013636444,0.22349935846201038,0.10493488203581947,-0.03989803421685162,1.0
WT_10__TO__SCA3_04,True,isi,WT_exit,0.1358293233470019,0.1737345870745564,0.370192740958258,0.29598816507357345,0.03710635839746383,-0.11901460558966209,1.0
WT_10__TO__SCA3_04,True,isi,balance,0.5,0.15443595122132292,0.25616501404292125,0.16165381081812769,0.05321611392126546,-0.013622866006766387,1.0
WT_10__TO__SCA3_05,False,active,SCA3_entry,0.6832817402871161,0.15137030285387953,0.5559920235385147,0.6176992766336271,0.1499454997184182,-0.1499454997184182,0.8571428571428571
WT_10__TO__SCA3_05,False,active,WT_exit,0.1483293470542087,0.13285787627669193,0.5305292559909677,0.533112157423182,0.04149403970969325,-0.20720523843429933,1.0
WT_10__TO__SCA3_05,False,active,balance,0.5,0.09410163194727494,0.4554873504401852,0.39399782796456423,0.0734447291273389,-0.0734447291273389,1.0
WT_10__TO__SCA3_05,False,isi,SCA3_entry,0.7978563373093712,0.0862820355560815,0.1756837365461541,0.2436967560458152,0.06112152283742833,0.04049686481395576,0.8571428571428571
WT_10__TO__SCA3_05,False,isi,WT_exit,0.1358293233470019,0.08861203908567569,0.394095549547858,0.4454855659797118,0.014557876271907168,-0.02966478315297863,1.0
WT_10__TO__SCA3_05,False,isi,balance,0.5,0.15329581782556034,0.2824166563561127,0.17353261063131553,0.05059234942907946,-0.007836997732860503,1.0
WT_10__TO__SCA3_06,True,active,SCA3_entry,0.6832817402871161,0.4791505233416704,0.7296337975105256,0.2763900530818906,0.05673328611873174,-0.05673328611873174,1.0
WT_10__TO__SCA3_06,True,active,WT_exit,0.1483293470542087,0.1649281923905826,0.4165983026493482,0.23260705298720458,0.07309924711101484,-0.07309924711101484,1.0
WT_10__TO__SCA3_06,True,active,balance,0.5,0.347977406845579,0.539907230686479,0.2664109333465859,0.06100921161663017,-0.06100921161663017,1.0
WT_10__TO__SCA3_06,True,isi,SCA3_entry,0.7978563373093712,0.5812181738733774,0.8004486735175501,0.3258640270411457,0.05867272384800437,-0.02834759052639446,1.0
WT_10__TO__SCA3_06,True,isi,WT_exit,0.1358293233470019,0.1298893745516697,0.3715025374326192,0.2275029536601953,0.06419134744757371,-0.06419134744757371,1.0
WT_10__TO__SCA3_06,True,isi,balance,0.5,0.3323142991479551,0.4791321395209212,0.1832854894815019,0.03591596758228964,-0.03591596758228964,1.0
WT_10__TO__SCA3_09,True,active,SCA3_entry,0.6832817402871161,0.3344426050442719,0.14014613383957647,0.2520621566862615,0.030297910857815247,-0.09755703835298443,1.0
WT_10__TO__SCA3_09,True,active,WT_exit,0.1483293470542087,0.3498032097046265,0.13862713752207872,0.4513677528389627,0.01880806851895081,-0.01313727681713303,1.0
WT_10__TO__SCA3_09,True,active,balance,0.5,0.3229913216171366,0.1814684379471535,0.31660980658755106,0.03433526254570457,-0.017500676163746183,1.0
WT_10__TO__SCA3_09,True,isi,SCA3_entry,0.7978563373093712,0.11787548445367184,0.07115919359844236,0.19240786996188763,0.011538399146243607,-0.0900458025455196,1.0
WT_10__TO__SCA3_09,True,isi,WT_exit,0.1358293233470019,0.30747986986687575,0.14440816488498914,0.37127919938831855,0.013013494994812875,-0.01097814745634525,1.0
WT_10__TO__SCA3_09,True,isi,balance,0.5,0.3011947653003971,0.07236800823668815,0.24962878277422973,0.022925241479006292,-0.019631456118385272,1.0
WT_11__TO__SCA3_01,False,active,SCA3_entry,0.6832817402871161,0.31193609845347614,0.4835266847178326,0.5427459256224496,0.20174249047421247,-0.43037682719827547,1.0
WT_11__TO__SCA3_01,False,active,WT_exit,0.1483293470542087,0.2093313279692003,0.5193468603602558,0.17300800388276094,0.03506608094878877,-0.03521274824434459,0.6666666666666666
WT_11__TO__SCA3_01,False,active,balance,0.5,0.44682404133320247,0.8880294611650745,0.4600062210395382,0.11554375118925916,-0.3661034429302585,1.0
WT_11__TO__SCA3_01,False,isi,SCA3_entry,0.7978563373093712,0.2571684006945293,0.3419260360229974,0.21379790534776272,0.05174720607429964,-0.0034937840001360012,1.0
WT_11__TO__SCA3_01,False,isi,WT_exit,0.1358293233470019,0.19003857314538491,0.3730612427279974,0.06777676781297651,0.007601861715019392,-0.009292098144925834,0.6666666666666666
WT_11__TO__SCA3_01,False,isi,balance,0.5,0.2859531607105083,0.5613270967409228,0.2415448784516885,0.053023713217316755,-0.0247584585814273,1.0
WT_11__TO__SCA3_02,False,active,SCA3_entry,0.6832817402871161,0.2587772810110582,0.20486984052743318,0.2735284046008795,0.07298862983120247,-0.07298862983120247,0.9523809523809524
WT_11__TO__SCA3_02,False,active,WT_exit,0.1483293470542087,0.22399182007080673,0.13116718703750244,0.13707203325076325,0.019374068351581248,-0.0013986077775515768,1.0
WT_11__TO__SCA3_02,False,active,balance,0.5,0.3560172184312932,0.4078585887281485,0.3186775203900592,0.06761495909663318,-0.06553295923104682,1.0
WT_11__TO__SCA3_02,False,isi,SCA3_entry,0.7978563373093712,0.34000454084807763,0.25030986723688087,0.12674522553021264,0.03345599526453369,-0.03298949906454332,0.9047619047619049
WT_11__TO__SCA3_02,False,isi,WT_exit,0.1358293233470019,0.1609051524156094,0.1759835756867279,0.14377711915749786,0.020554948600167797,-0.0015291572958100641,1.0
WT_11__TO__SCA3_02,False,isi,balance,0.5,0.22561183433784926,0.38383286991636223,0.19964879452737766,0.047517148270730336,-0.018048383674024487,1.0
WT_11__TO__SCA3_04,False,active,SCA3_entry,0.6832817402871161,0.0776037689319903,0.28899868080804714,0.3081904242116418,0.11758578211470089,-0.11758578211470078,1.0
WT_11__TO__SCA3_04,False,active,WT_exit,0.1483293470542087,0.03657976730751814,0.20810571828429159,0.16058150312833613,0.02808015391976764,-0.030641698983448186,0.8333333333333331
WT_11__TO__SCA3_04,False,active,balance,0.5,0.0328879363915462,0.20717042729469576,0.2634769114517648,0.05896936743512904,-0.04422842590701638,1.0
WT_11__TO__SCA3_04,False,isi,SCA3_entry,0.7978563373093712,0.12108428616793272,0.37348254654669333,0.22666334007261557,0.07523921782313822,0.0044382479558946475,0.9444444444444444
WT_11__TO__SCA3_04,False,isi,WT_exit,0.1358293233470019,0.07206352561332621,0.2972705299458741,0.12544305105824072,0.03382579261161584,-0.006964001956535834,0.6666666666666666
WT_11__TO__SCA3_04,False,isi,balance,0.5,0.031459666692041685,0.14572321115330092,0.12845889114950923,0.03068527402857774,-0.005462499913293497,1.0
WT_11__TO__SCA3_05,False,active,SCA3_entry,0.6832817402871161,0.1310027827854563,0.13202288375945195,0.23440165810915295,0.08296080703310357,-0.07024510672259536,0.9523809523809524
WT_11__TO__SCA3_05,False,active,WT_exit,0.1483293470542087,0.14422428605984686,0.1987850522802562,0.1860557114195837,0.01820393176361512,-0.006512044814170833,0.8571428571428572
WT_11__TO__SCA3_05,False,active,balance,0.5,0.07997809545582044,0.11763299523965337,0.1541166355924766,0.02592313106211651,-0.013201304105922004,1.0
WT_11__TO__SCA3_05,False,isi,SCA3_entry,0.7978563373093712,0.11003903560559435,0.25778089439004953,0.11535592884760318,0.043697081067960095,0.016758074676607806,0.8571428571428572
WT_11__TO__SCA3_05,False,isi,WT_exit,0.1358293233470019,0.10018569673037929,0.17089752575745862,0.11656038444204345,0.0196425003569373,-0.005219065197865206,0.8095238095238096
WT_11__TO__SCA3_05,False,isi,balance,0.5,0.03946748651324703,0.09185714571000315,0.09405418421521797,0.016815293257786378,-0.009076493776593924,1.0
WT_11__TO__SCA3_06,False,active,SCA3_entry,0.6832817402871161,0.20077856405339337,0.40122154777494684,0.2530344174023541,0.09551629040033574,-0.11299887309047983,1.0
WT_11__TO__SCA3_06,False,active,WT_exit,0.1483293470542087,0.294347391332752,0.8592221191759407,0.38926803839288093,0.13543134165551318,-0.13543134165551318,0.3333333333333333
WT_11__TO__SCA3_06,False,active,balance,0.5,0.20488449892501115,0.5353942017702848,0.35530843427145803,0.17545022830129217,-0.25505680982190715,1.0
WT_11__TO__SCA3_06,False,isi,SCA3_entry,0.7978563373093712,0.17487456022217795,0.31159783315723505,0.1828291002480705,0.06597567316320496,-0.07466854809218615,1.0
WT_11__TO__SCA3_06,False,isi,WT_exit,0.1358293233470019,,,,,,0.0
WT_11__TO__SCA3_06,False,isi,balance,0.5,0.21882022784378508,0.44520259830381237,0.28717389764537404,0.10783755445052426,-0.17713949193319697,1.0
WT_11__TO__SCA3_09,False,active,SCA3_entry,0.6832817402871161,0.16469555501862276,0.13657185250551035,0.06614685231470677,0.028664552585441247,-0.0035418110523086077,1.0
WT_11__TO__SCA3_09,False,active,WT_exit,0.1483293470542087,0.42982026994697975,0.2632833126859494,0.15059851574086758,0.02293027209887065,-0.04038810311594422,1.0
WT_11__TO__SCA3_09,False,active,balance,0.5,0.22379186119544983,0.18254847904514854,0.08176063962381407,0.05303880421741386,-0.0042408370330824785,1.0
WT_11__TO__SCA3_09,False,isi,SCA3_entry,0.7978563373093712,0.08473903760016957,0.1103391713546332,0.0409449566717921,0.028995316114296538,-0.0022087317441054077,1.0
WT_11__TO__SCA3_09,False,isi,WT_exit,0.1358293233470019,0.2681901110964125,0.17282033450858902,0.09068772819619231,0.04283971738142628,-0.0006135457305566083,0.8888888888888888
WT_11__TO__SCA3_09,False,isi,balance,0.5,0.18794120432027603,0.11713794431775429,0.054055524783021835,0.04096369166225251,-0.025464833118935437,1.0
WT_13__TO__SCA3_01,True,active,SCA3_entry,0.6832817402871161,0.13974224776146504,0.268651973227784,0.049213486972538745,0.005965002600710367,-0.18648557121858447,1.0
WT_13__TO__SCA3_01,True,active,WT_exit,0.1483293470542087,0.12612389565819387,0.392614494748527,0.21434636442918115,0.010851769890265567,-0.041334330583751924,1.0
WT_13__TO__SCA3_01,True,active,balance,0.5,0.17852352801912183,0.32231753437361077,0.10323603458282282,0.011678538370976266,-0.018943073080866485,1.0
WT_13__TO__SCA3_01,True,isi,SCA3_entry,0.7978563373093712,0.17753891607499706,0.293244868370772,0.02214792047254821,0.0005561992393415816,-0.0005561992393415816,1.0
WT_13__TO__SCA3_01,True,isi,WT_exit,0.1358293233470019,0.15859653930167183,0.35634006209929325,0.2063442561300352,0.0031884484236971433,-0.01830789990289458,1.0
WT_13__TO__SCA3_01,True,isi,balance,0.5,0.174872490633658,0.3147107756642214,0.11257034649487907,0.004228594482649339,-0.021924125671340444,1.0
WT_13__TO__SCA3_02,False,active,SCA3_entry,0.6832817402871161,0.5266844713920451,0.18851475586377375,0.2618556486157233,0.08122161582715022,-0.9033080979142923,0.7142857142857143
WT_13__TO__SCA3_02,False,active,WT_exit,0.1483293470542087,0.06634322758771426,0.022990058335037658,0.05769502929735626,0.013744186390887148,-0.0046964646929888165,1.0
WT_13__TO__SCA3_02,False,active,balance,0.5,0.4065708191319929,0.09538339307300794,0.6546200949000287,0.10677207129316085,-0.15860631686620286,1.0
WT_13__TO__SCA3_02,False,isi,SCA3_entry,0.7978563373093712,0.6841986670992327,0.16069087248992117,0.22459537368712168,0.08955804711619583,-0.015424404709981993,0.42857142857142855
WT_13__TO__SCA3_02,False,isi,WT_exit,0.1358293233470019,0.06758445206276013,0.11140964297192621,0.05857596542549889,0.010969608969020748,-0.0018466857860845829,1.0
WT_13__TO__SCA3_02,False,isi,balance,0.5,0.3906889276758687,0.10099738886876594,0.21344567184041624,0.023460644361573108,-0.0008022092921138311,0.8571428571428571
WT_13__TO__SCA3_04,True,active,SCA3_entry,0.6832817402871161,0.11258034876871989,0.3050482252755036,0.463249179514374,0.11865646002536391,-0.18930613927937875,0.8333333333333333
WT_13__TO__SCA3_04,True,active,WT_exit,0.1483293470542087,0.10277605067811303,0.18094753648454617,0.2917223578283752,0.015202921479231529,-0.015202921479231524,1.0
WT_13__TO__SCA3_04,True,active,balance,0.5,0.05433169729927251,0.15777935298650275,0.2660090889683288,0.027444855269619414,-0.04903756596054341,1.0
WT_13__TO__SCA3_04,True,isi,SCA3_entry,0.7978563373093712,0.04344154760491043,0.44193003553643906,0.21042215929605462,0.01894635659529153,-0.010237874190758996,1.0
WT_13__TO__SCA3_04,True,isi,WT_exit,0.1358293233470019,0.022342810604579516,0.1513111216037632,0.1935508847092821,0.015038667405549381,-0.011320778614221759,1.0
WT_13__TO__SCA3_04,True,isi,balance,0.5,0.023026035065250305,0.16941773289256853,0.15637590191291684,0.018653753930696463,-6.397564919602402e-05,1.0
WT_13__TO__SCA3_05,False,active,SCA3_entry,0.6832817402871161,0.23707644218012536,0.1031162983388022,0.22558090288707677,0.03770904223095045,-0.0447896955230217,0.8571428571428571
WT_13__TO__SCA3_05,False,active,WT_exit,0.1483293470542087,0.18231180910422085,0.1840249678883707,0.32086977952915924,0.021916623130946167,-0.011616342762606074,1.0
WT_13__TO__SCA3_05,False,active,balance,0.5,0.11233467067515764,0.09971168180972217,0.36007710818919464,0.05405421035769596,-0.05405421035769596,1.0
WT_13__TO__SCA3_05,False,isi,SCA3_entry,0.7978563373093712,0.1530072957871662,0.2664509961497684,0.2712804951272665,0.07727285479501801,0.030557046789488757,0.8571428571428571
WT_13__TO__SCA3_05,False,isi,WT_exit,0.1358293233470019,0.11658897888191992,0.10094775397872324,0.21876416714785024,0.006978538251959425,-0.006978538251959425,1.0
WT_13__TO__SCA3_05,False,isi,balance,0.5,0.11209676225966443,0.07240194888741258,0.17095950458353276,0.04490741268506515,-0.016320921087582374,1.0
WT_13__TO__SCA3_06,True,active,SCA3_entry,0.6832817402871161,0.22460899288980493,0.6268463750932483,0.28645861325851396,0.1569649032022205,-0.1569649032022205,1.0
WT_13__TO__SCA3_06,True,active,WT_exit,0.1483293470542087,0.06152728610480951,0.32340180397516594,0.38159486215671934,0.081064052330865,-0.081064052330865,1.0
WT_13__TO__SCA3_06,True,active,balance,0.5,0.2207208001472573,0.7544826265773319,0.33007630003994337,0.20478495456364243,-0.20478495456364243,1.0
WT_13__TO__SCA3_06,True,isi,SCA3_entry,0.7978563373093712,0.18700577464974677,0.4314397295514949,0.19189528641163617,0.06957624257420475,-0.06957624257420475,1.0
WT_13__TO__SCA3_06,True,isi,WT_exit,0.1358293233470019,0.12011681475874225,0.2997813525854591,0.3355903535021575,0.053916852098152335,-0.053916852098152335,1.0
WT_13__TO__SCA3_06,True,isi,balance,0.5,0.19795479853878953,0.5985736011371835,0.2867250392497922,0.1319107903444734,-0.1319107903444734,1.0
WT_13__TO__SCA3_09,True,active,SCA3_entry,0.6832817402871161,0.1799528398976869,0.06601041538594865,0.21608325357788533,0.07720112089103348,-0.09211539422227842,1.0
WT_13__TO__SCA3_09,True,active,WT_exit,0.1483293470542087,0.40101591249420654,0.21288415851715217,0.37972114950964525,0.06063121728592166,-0.05974183001448067,1.0
WT_13__TO__SCA3_09,True,active,balance,0.5,0.21474778057717384,0.07485053130492247,0.275207142077247,0.05848207717463538,-0.05419711870252841,1.0
WT_13__TO__SCA3_09,True,isi,SCA3_entry,0.7978563373093712,0.0440766461118611,0.026139150263141092,0.02877321003187233,0.012704755750164637,-0.006818178624885928,1.0
WT_13__TO__SCA3_09,True,isi,WT_exit,0.1358293233470019,0.2997966398426414,0.1268513234585755,0.2652124514542419,0.04163629147938468,-0.061605965341670295,1.0
WT_13__TO__SCA3_09,True,isi,balance,0.5,0.17047173113149305,0.06761704849816885,0.184279224685576,0.05854659133404455,-0.04475070546736221,1.0
WT_14__TO__SCA3_01,True,active,SCA3_entry,0.6832817402871161,0.18714436832358045,0.2774298026056672,0.1078450217677912,0.028023707351638172,-0.036162464322839205,1.0
WT_14__TO__SCA3_01,True,active,WT_exit,0.1483293470542087,0.11872697355262349,0.4846620650131285,0.3474340410646337,0.07160385151053589,-0.07767722562103438,1.0
WT_14__TO__SCA3_01,True,active,balance,0.5,0.1917149755026625,0.3991863001141427,0.204350365910139,0.03499608824042971,-0.049342523537513436,1.0
WT_14__TO__SCA3_01,True,isi,SCA3_entry,0.7978563373093712,0.17487263077856874,0.16727723505002712,0.07853678319726315,0.006884593530791183,-0.011080842531959456,1.0
WT_14__TO__SCA3_01,True,isi,WT_exit,0.1358293233470019,0.04690065875838535,0.35539424011514115,0.2064035659581337,0.0200143114289085,-0.041693891123535096,1.0
WT_14__TO__SCA3_01,True,isi,balance,0.5,0.2064538447713282,0.3789273956782604,0.16389259586247562,0.022636879049799996,-0.030762113933694796,1.0
WT_14__TO__SCA3_02,False,active,SCA3_entry,0.6832817402871161,0.26538865187251415,0.13459710869422808,0.19220646544579698,0.05327719231532033,-0.04754458364931265,0.9285714285714286
WT_14__TO__SCA3_02,False,active,WT_exit,0.1483293470542087,0.2372868291554205,0.3291500922464529,0.27082036322734304,0.027252030149308104,-0.005519336164003408,1.0
WT_14__TO__SCA3_02,False,active,balance,0.5,0.5015259947631158,0.26080406011349017,0.247825621519214,0.12038093197336557,-0.12038093197336557,1.0
WT_14__TO__SCA3_02,False,isi,SCA3_entry,0.7978563373093712,0.3668058380104689,0.16710571879496755,0.19170233240865964,0.040806710856842676,-0.06268471950304833,0.5714285714285714
WT_14__TO__SCA3_02,False,isi,WT_exit,0.1358293233470019,0.19512613916447352,0.34773464131032056,0.24399615548536313,0.029541728491451258,-0.009436974962211457,0.9285714285714286
WT_14__TO__SCA3_02,False,isi,balance,0.5,0.37020699750871966,0.172791288124746,0.11675054214803066,0.13074527285505294,-0.13074527285505294,1.0
WT_14__TO__SCA3_04,True,active,SCA3_entry,0.6832817402871161,0.1010302056960503,0.14929257459731454,0.230327164392974,0.033146468198224414,-0.00012255823473475772,1.0
WT_14__TO__SCA3_04,True,active,WT_exit,0.1483293470542087,0.15638243710879937,0.3419186855434265,0.23802521793024492,0.04406344153612955,-0.01977868553160946,0.9166666666666667
WT_14__TO__SCA3_04,True,active,balance,0.5,0.16157311220381998,0.32358068976236176,0.3082892879751885,0.056456414465639204,-0.0385312395065105,1.0
WT_14__TO__SCA3_04,True,isi,SCA3_entry,0.7978563373093712,0.17576941168592045,0.16643476806286048,0.22190972021059033,0.04214682661603253,8.504036385401065e-06,0.7500000000000001
WT_14__TO__SCA3_04,True,isi,WT_exit,0.1358293233470019,0.12348024844744676,0.2075049798464986,0.14199774417898248,0.017810237991260962,-0.01367548967660701,1.0
WT_14__TO__SCA3_04,True,isi,balance,0.5,0.1642478918220022,0.1978190125757914,0.12439915753892405,0.015810777350307247,-0.010250752841692249,1.0
WT_14__TO__SCA3_05,False,active,SCA3_entry,0.6832817402871161,0.21322313048660407,0.14802558591474002,0.5876150326156679,0.07491132677007897,-0.07491132677007897,0.9285714285714286
WT_14__TO__SCA3_05,False,active,WT_exit,0.1483293470542087,0.16703611403576218,0.1639964067153232,0.16701521724057938,0.02299959347232569,-0.004071406339309705,1.0
WT_14__TO__SCA3_05,False,active,balance,0.5,0.1268791280024562,0.1516995118796603,0.19754399982919918,0.026768397573167457,-0.010687661332703935,1.0
WT_14__TO__SCA3_05,False,isi,SCA3_entry,0.7978563373093712,0.1326694700401731,0.05536862503062179,0.1897885986392006,0.02285363059346801,-0.013115396323007067,0.6428571428571429
WT_14__TO__SCA3_05,False,isi,WT_exit,0.1358293233470019,0.12255133839049469,0.14597212909553797,0.1253550676147307,0.013292808670687328,-0.00826831707241965,1.0
WT_14__TO__SCA3_05,False,isi,balance,0.5,0.10705472028619005,0.125144195578678,0.08552909741670749,0.005238620688013007,-0.002291878158189181,1.0
WT_14__TO__SCA3_06,True,active,SCA3_entry,0.6832817402871161,0.13961874408387942,0.4755349560624116,0.2999413090789645,0.11269058885721983,-0.20403153976910343,1.0
WT_14__TO__SCA3_06,True,active,WT_exit,0.1483293470542087,0.021355528461571807,0.37398392458138424,0.34816480719796716,0.09851469859599427,-0.12458088243308638,1.0
WT_14__TO__SCA3_06,True,active,balance,0.5,0.08644051406036835,0.48478217196292656,0.2776534357655847,0.09395154344744569,-0.22003296426354113,1.0
WT_14__TO__SCA3_06,True,isi,SCA3_entry,0.7978563373093712,0.1527507030800634,0.4445307015479102,0.19948690351307147,0.06264092273371519,-0.12807764363548127,1.0
WT_14__TO__SCA3_06,True,isi,WT_exit,0.1358293233470019,0.012555202610231492,0.2832736037108912,0.3550647938891489,0.0569658766612981,-0.1270686106796363,1.0
WT_14__TO__SCA3_06,True,isi,balance,0.5,0.10241580845155723,0.36948230988380415,0.18708473960226632,0.05348571958865922,-0.0595400055250051,1.0
WT_14__TO__SCA3_09,True,active,SCA3_entry,0.6832817402871161,0.10541572806399739,0.301956187225149,0.17123697924856554,0.029654880992621938,-0.029654880992621913,1.0
WT_14__TO__SCA3_09,True,active,WT_exit,0.1483293470542087,0.21870117855037116,0.27787754917027413,0.23070092999340758,0.03646159366789726,-0.03646159366789722,1.0
WT_14__TO__SCA3_09,True,active,balance,0.5,0.20738109458246776,0.20249221360459807,0.16567864034378454,0.020844074409339157,-0.012345702988551473,1.0
WT_14__TO__SCA3_09,True,isi,SCA3_entry,0.7978563373093712,0.17515145408145202,0.0932515724247535,0.08877800545158593,0.03434776000898185,-0.02840306607224049,1.0
WT_14__TO__SCA3_09,True,isi,WT_exit,0.1358293233470019,0.12704886014981623,0.034405188143113066,0.12994177797661383,0.02282090872165739,-0.02282090872165738,1.0
WT_14__TO__SCA3_09,True,isi,balance,0.5,0.1256234664623067,0.14214744386336198,0.12130289974440531,0.024512459860890817,-0.024512459860890817,1.0
WT_15__TO__SCA3_01,False,active,SCA3_entry,0.6832817402871161,0.35643809075720007,0.4410948212526471,0.16012857906774727,0.0503583112938395,-0.055756447950243454,1.0
WT_15__TO__SCA3_01,False,active,WT_exit,0.1483293470542087,0.25860435715811647,0.4331274782129353,0.16233845582893622,0.027707062068897392,-0.03431142172097981,1.0
WT_15__TO__SCA3_01,False,active,balance,0.5,0.303033999498418,0.3938427937929089,0.14452841785346926,0.03483753774506171,-0.03670614628709913,1.0
WT_15__TO__SCA3_01,False,isi,SCA3_entry,0.7978563373093712,0.36242136094518906,0.2650247544251331,0.11623968612900898,0.028768324639606546,-0.02939916564335232,1.0
WT_15__TO__SCA3_01,False,isi,WT_exit,0.1358293233470019,0.2549305321163434,0.423350498635156,0.1805829750204913,0.016894979804120858,-0.03580122103966672,1.0
WT_15__TO__SCA3_01,False,isi,balance,0.5,0.28161800513632534,0.3895528606050605,0.11277941494226491,0.01913431099265095,-0.020141449388682536,1.0
WT_15__TO__SCA3_02,False,active,SCA3_entry,0.6832817402871161,0.26541015076602414,0.19055969644885612,0.24181422126485122,0.0860729208821032,-0.031304035983267926,0.9642857142857143
WT_15__TO__SCA3_02,False,active,WT_exit,0.1483293470542087,0.2595050821962155,0.2789950252572859,0.2817119456177149,0.03698423155178382,-0.01568677205889414,1.0
WT_15__TO__SCA3_02,False,active,balance,0.5,0.21063012518493904,0.21522252885045298,0.1289946291456931,0.0462650599049607,-0.03851833815435245,0.9642857142857143
WT_15__TO__SCA3_02,False,isi,SCA3_entry,0.7978563373093712,0.3587687238733005,0.22116895506490772,0.2876943566093775,0.07724518234727364,0.00910192857054451,0.9285714285714286
WT_15__TO__SCA3_02,False,isi,WT_exit,0.1358293233470019,0.2171453849891712,0.2292517429434171,0.25151312857565505,0.018799661739393125,-0.005460472243939696,1.0
WT_15__TO__SCA3_02,False,isi,balance,0.5,0.17781359666806087,0.1735077449551771,0.10911899065256447,0.0303433540767723,-0.018843132949485506,0.9642857142857143
WT_15__TO__SCA3_04,False,active,SCA3_entry,0.6832817402871161,0.2714242475441021,0.39738459882130206,0.4226256426376693,0.08962334916663722,-0.08962334916663732,1.0
WT_15__TO__SCA3_04,False,active,WT_exit,0.1483293470542087,0.3476376687220336,0.7171218832194786,0.37890178362491345,0.19878454993065078,-0.19878454993065078,0.9583333333333335
WT_15__TO__SCA3_04,False,active,balance,0.5,0.23861045780329881,0.5208254504925633,0.2433180569263823,0.11989266407856336,-0.11989266407856336,0.9166666666666669
WT_15__TO__SCA3_04,False,isi,SCA3_entry,0.7978563373093712,0.19356351542141798,0.2922764898043838,0.16121412220510795,0.05801938257828089,-1.2950445607063147e-05,1.0
WT_15__TO__SCA3_04,False,isi,WT_exit,0.1358293233470019,0.2460155233778717,0.5454750506210835,0.22337179484064293,0.04440955989386364,-0.0171480528463597,1.0
WT_15__TO__SCA3_04,False,isi,balance,0.5,0.180082453519068,0.2973831174466063,0.14004822609094106,0.040046547382590725,-0.024976301483826915,1.0
WT_15__TO__SCA3_05,False,active,SCA3_entry,0.6832817402871161,0.4625635822198334,0.882414033494146,0.45213958436254353,0.3869485585698492,-0.5535468768270826,0.9285714285714286
WT_15__TO__SCA3_05,False,active,WT_exit,0.1483293470542087,0.1871312053672731,0.6590013052131063,0.5058355733219246,0.09776227914513858,-0.740145927184218,1.0
WT_15__TO__SCA3_05,False,active,balance,0.5,0.2546643945561708,0.4904002308118854,0.4183265683348074,0.166387732654532,-0.30391085627639014,1.0
WT_15__TO__SCA3_05,False,isi,SCA3_entry,0.7978563373093712,0.29193906264651015,0.1980266848046256,0.2376847900377151,0.04972672975911552,-0.00017202449268560738,0.7142857142857143
WT_15__TO__SCA3_05,False,isi,WT_exit,0.1358293233470019,0.24775053761412238,0.4017182888090511,0.22436774746683422,0.04710618959990087,-0.018079487675481787,1.0
WT_15__TO__SCA3_05,False,isi,balance,0.5,0.11305969303117197,0.14434855636128888,0.07970806070129566,0.033978113539335456,-0.007497848698865328,1.0
WT_15__TO__SCA3_06,False,active,SCA3_entry,0.6832817402871161,0.5401917327928056,0.8140847533720198,0.22516041514895693,0.12335176917806734,-0.1638068451267043,1.0
WT_15__TO__SCA3_06,False,active,WT_exit,0.1483293470542087,0.14983422897490528,0.23186529693934818,0.0707207471368097,0.011306125103026893,-0.017864000754399922,1.0
WT_15__TO__SCA3_06,False,active,balance,0.5,0.3668866491728934,0.5742127407780495,0.1762726374217668,0.04857073040647558,-0.06340905635006039,1.0
WT_15__TO__SCA3_06,False,isi,SCA3_entry,0.7978563373093712,0.7552838456346852,0.9542433426499068,0.2676920177098443,0.08629794688828732,-0.07489585871949456,1.0
WT_15__TO__SCA3_06,False,isi,WT_exit,0.1358293233470019,0.14117877687205202,0.20364032590236006,0.06915258995326962,0.0060983786357083625,-0.010350963628626114,1.0
WT_15__TO__SCA3_06,False,isi,balance,0.5,0.36617772819197014,0.5790323443657235,0.1473767181065864,0.04704475456524959,-0.06152288800318112,1.0
WT_15__TO__SCA3_09,False,active,SCA3_entry,0.6832817402871161,0.3594931900669543,0.33979905572192837,0.23553581905866727,0.11540774085894968,-0.11540774085894978,0.8333333333333334
WT_15__TO__SCA3_09,False,active,WT_exit,0.1483293470542087,0.19382001900826715,0.30372628789827966,0.32807243286986604,0.08571669565067855,-0.0857166956506786,1.0
WT_15__TO__SCA3_09,False,active,balance,0.5,0.37289785313001556,0.5262258226144794,0.2997673132853056,0.11648950013643775,-0.116489500136438,1.0
WT_15__TO__SCA3_09,False,isi,SCA3_entry,0.7978563373093712,0.06021990628861672,0.253327375717974,0.17597953195083962,0.0472291120763599,-0.00863463699675815,0.8333333333333334
WT_15__TO__SCA3_09,False,isi,WT_exit,0.1358293233470019,0.09676167980875701,0.19708448705257275,0.2454408587890083,0.0454000942964687,-0.002483809671910998,1.0
WT_15__TO__SCA3_09,False,isi,balance,0.5,0.1921018169917852,0.1199641028429616,0.16190826004092437,0.04821372312461568,-0.0036308716499982296,1.0
WT_16__TO__SCA3_01,True,active,SCA3_entry,0.6832817402871161,0.22576402607222318,0.34886824357939256,0.1044654411225957,0.016477690685665902,-0.1735511649437847,1.0
WT_16__TO__SCA3_01,True,active,WT_exit,0.1483293470542087,0.34078700533282885,0.6581632510150203,0.271636467965476,0.03250822044446261,-0.09263097854764821,1.0
WT_16__TO__SCA3_01,True,active,balance,0.5,0.2676723883477422,0.42215566276616623,0.1669749239618793,0.01942524435696462,-0.2158900999372271,1.0
WT_16__TO__SCA3_01,True,isi,SCA3_entry,0.7978563373093712,0.25837993354940525,0.3399079141374161,0.04435125561341757,0.003770901508907243,-0.04000265907563766,1.0
WT_16__TO__SCA3_01,True,isi,WT_exit,0.1358293233470019,0.33198935996212353,0.558331254329201,0.22413786201111063,0.03260485023992993,-0.07207420329457392,1.0
WT_16__TO__SCA3_01,True,isi,balance,0.5,0.3345841437711446,0.4426473053502288,0.16964062616046183,0.022106588410350236,-0.12852250964187656,1.0
WT_16__TO__SCA3_02,False,active,SCA3_entry,0.6832817402871161,0.24485370186477173,0.012753585128830347,0.23211970632239837,0.008034387089809691,-0.0297124255102649,0.5714285714285714
WT_16__TO__SCA3_02,False,active,WT_exit,0.1483293470542087,0.2878432065053647,0.24567666016964315,0.23715371475469035,0.012340059500822998,-0.004540350627240884,1.0
WT_16__TO__SCA3_02,False,active,balance,0.5,0.6394413152671394,0.026012773391156874,0.6346413642761104,0.023434922376833867,-0.00846005923481842,0.8571428571428571
WT_16__TO__SCA3_02,False,isi,SCA3_entry,0.7978563373093712,0.8078941100309383,0.04355319259798285,0.563051597114326,0.04497268875283822,-0.18251669216918714,0.2857142857142857
WT_16__TO__SCA3_02,False,isi,WT_exit,0.1358293233470019,0.2994861910663107,0.17951648674051968,0.18250467214158822,0.015236652004431387,-0.001608188382055293,1.0
WT_16__TO__SCA3_02,False,isi,balance,0.5,0.46369672475837664,0.019952594799839324,0.3661326248134436,0.01947074731403778,-0.05988446599295516,1.0
WT_16__TO__SCA3_04,True,active,SCA3_entry,0.6832817402871161,0.22410544948604877,0.47643251032009293,0.1255263570908958,0.026312337601296646,-0.03571592557012342,1.0
WT_16__TO__SCA3_04,True,active,WT_exit,0.1483293470542087,0.10891210162885072,0.4518775114681607,0.29602249314640267,0.05094280941991029,-0.08702144644046285,1.0
WT_16__TO__SCA3_04,True,active,balance,0.5,0.14827760418135832,0.3217483180763341,0.19800302392283192,0.04685854949301289,-0.05862263348387638,1.0
WT_16__TO__SCA3_04,True,isi,SCA3_entry,0.7978563373093712,0.057402610603356566,0.25644416951502547,0.021223676360371535,0.019759018633844466,-0.007600839738996945,0.8333333333333333
WT_16__TO__SCA3_04,True,isi,WT_exit,0.1358293233470019,0.09710293375759498,0.36532853293818873,0.19900934441266951,0.03187195160409662,-0.046190038430832935,1.0
WT_16__TO__SCA3_04,True,isi,balance,0.5,0.11274938348424894,0.30158934175877833,0.08942590966945574,0.01132338160945201,-0.01264587546378487,1.0
WT_16__TO__SCA3_05,False,active,SCA3_entry,0.6832817402871161,0.182052181264573,0.4552853164821872,0.3025776702446471,0.045409484594851085,-0.1070826159917897,0.8571428571428571
WT_16__TO__SCA3_05,False,active,WT_exit,0.1483293470542087,0.08817931335736831,0.2880354205787295,0.22772165977971964,0.03177289985335538,-0.03553668412435408,1.0
WT_16__TO__SCA3_05,False,active,balance,0.5,0.1681249887115188,0.2756106659884162,0.2225780156503243,0.02512156881875842,-0.06570267847300187,1.0
WT_16__TO__SCA3_05,False,isi,SCA3_entry,0.7978563373093712,0.06752097813426194,0.048602899126153676,0.09264373564179373,0.0045913841818568946,-0.11597130356576696,0.2857142857142857
WT_16__TO__SCA3_05,False,isi,WT_exit,0.1358293233470019,0.09744038836805824,0.2732599884337244,0.17682081904581062,0.021170606162182616,-0.021170606162182616,1.0
WT_16__TO__SCA3_05,False,isi,balance,0.5,0.12289574935879037,0.23410517188883376,0.10530923973493451,0.017457646836375254,7.955839051018715e-05,1.0
WT_16__TO__SCA3_06,True,active,SCA3_entry,0.6832817402871161,0.5415006149928987,0.7737604243984735,0.3291415229286295,0.22258904209036495,-0.22258904209036495,1.0
WT_16__TO__SCA3_06,True,active,WT_exit,0.1483293470542087,0.29726307656463946,0.7833365063121625,0.3613270962877852,0.12064940243999273,-0.12064940243999273,1.0
WT_16__TO__SCA3_06,True,active,balance,0.5,0.38198685587090697,0.5694254785424757,0.29473026805406577,0.09407400517360703,-0.09407400517360703,1.0
WT_16__TO__SCA3_06,True,isi,SCA3_entry,0.7978563373093712,0.3951952026722809,0.6667833906419509,0.20736146897025878,0.1686308180651432,-0.1686308180651432,1.0
WT_16__TO__SCA3_06,True,isi,WT_exit,0.1358293233470019,0.22547833584150082,0.4903606742344873,0.2274207348295768,0.057799815471414745,-0.057799815471414745,1.0
WT_16__TO__SCA3_06,True,isi,balance,0.5,0.3192895164955616,0.480837366543771,0.2108106844972692,0.0767442534898304,-0.0767442534898304,1.0
WT_16__TO__SCA3_09,True,active,SCA3_entry,0.6832817402871161,0.08116338533258488,0.014186364233971462,0.09675215855577331,0.012158776804485351,-0.033603785387635664,1.0
WT_16__TO__SCA3_09,True,active,WT_exit,0.1483293470542087,0.2656755770538345,0.03790757174168931,0.35323611117228193,0.009537513634439276,-0.05017033188782029,1.0
WT_16__TO__SCA3_09,True,active,balance,0.5,0.18666430698641442,0.01585813515926182,0.1980820107402462,0.02049818787902044,-0.025275527682167506,1.0
WT_16__TO__SCA3_09,True,isi,SCA3_entry,0.7978563373093712,0.19561416321292602,0.01983982924354956,0.16300882684159182,0.01814395963177566,-0.04977564888015781,1.0
WT_16__TO__SCA3_09,True,isi,WT_exit,0.1358293233470019,0.231217468674397,0.03393019170664528,0.2641630182465312,0.009226118717218207,-0.0551967300526449,1.0
WT_16__TO__SCA3_09,True,isi,balance,0.5,0.06605825086164949,0.010382875657889312,0.07719115844118682,0.004753329622574104,-0.01742137580466911,1.0
