subset,projection,p_intrinsic,n_biological_pairs,dA_dcombined_median,dA_dcombined_q25,dA_dcombined_q75,dA_dkappa_median,dA_dkappa_q25,dA_dkappa_q75,dA_dJ_median,dA_dJ_q25,dA_dJ_q75,interaction_gradient_residual_median,interaction_gradient_residual_q25,interaction_gradient_residual_q75
all_pairs,active,0.0,72,,,,1.3353983272857486,0.3388872968684208,2.0623267552923172,-2.780950379329727,-4.172152244827307,-2.208684760372565,,,
all_pairs,active,0.0333333333333333,72,,,,1.2339361137013405,0.6168785037841005,2.128687898293004,-2.9600026004493554,-4.250296498398807,-2.1184053318019402,,,
all_pairs,active,0.0666666666666666,72,,,,1.2419785540829995,0.7022274178204897,1.9924021047412666,-2.7459318421458434,-3.7869091559547816,-2.084389131575267,,,
all_pairs,active,0.1,72,,,,1.3901010422027322,0.6573636130927947,2.034972126777662,-2.5835181230082735,-3.3428979948577755,-1.9254864755558194,,,
all_pairs,active,0.1333333333333333,72,,,,1.3510305834583658,0.782096706967847,2.0853437948278772,-2.3681602578068732,-2.9823319044343917,-1.8181635372824394,,,
all_pairs,active,0.1666666666666666,72,,,,1.5115368700901985,0.6534100541354261,2.1690868929306713,-2.2273754112311854,-2.8096637144823484,-1.6939173982271802,,,
all_pairs,active,0.2,72,,,,1.4341966726755138,0.6991400015590615,2.18074631220735,-2.129425729213323,-2.706441126413464,-1.6222399665503118,,,
all_pairs,active,0.2333333333333333,72,,,,1.4404294793235102,0.5848413429586506,2.157862519520311,-2.0804526452213112,-2.5457500801447663,-1.5295822030603317,,,
all_pairs,active,0.2666666666666666,72,,,,1.4777158137464363,0.559772974027835,2.2232720267510917,-1.9373030225937011,-2.2628294469183254,-1.486691463741112,,,
all_pairs,active,0.3,72,,,,1.4851006899622972,0.43916223162288553,2.2717985128507667,-1.8257039268208266,-2.149730310500592,-1.4229291952582732,,,
all_pairs,active,0.3333333333333333,72,,,,1.478293630364977,0.7007243030180257,2.210705379346722,-1.727814535349098,-2.0985716668916017,-1.3567600625155654,,,
all_pairs,active,0.3666666666666666,72,,,,1.4981027930994313,0.5648326333631274,2.251638328784689,-1.6356911203620814,-1.924280721557041,-1.234430358609213,,,
all_pairs,active,0.4,72,,,,1.5613979009020498,0.6188793578779797,2.2746637669086827,-1.5285107968034501,-1.8640973548468918,-1.2142902079327298,,,
all_pairs,active,0.4333333333333333,72,,,,1.529013946774742,0.609390488971294,2.340802076647292,-1.4694457883353558,-1.7785742239723745,-1.190631666120713,,,
all_pairs,active,0.4666666666666667,72,,,,1.513950392644308,0.6586970622968049,2.341380419706107,-1.3753901862118099,-1.6802718541097892,-1.1434959407645606,,,
all_pairs,active,0.5,72,0.21810202084993352,-0.20403626449075707,0.8839814825377417,1.5827748234701304,0.557969226896923,2.3693160070775763,-1.3097937245475566,-1.708600389663128,-1.0280364650866118,-1.6098233857064766e-15,-0.007251978686233538,9.020562075079397e-16
all_pairs,active,0.5333333333333333,72,0.23744365647385254,-0.23778695787756274,0.8874343294624806,1.464359342821874,0.5646099719910193,2.3771557937748016,-1.2923033640835402,-1.578289494966761,-1.03397880609788,-1.0824674490095268e-15,-0.005178132876640292,5.551115123125757e-16
all_pairs,active,0.5666666666666667,72,0.2301273601369696,-0.23318396611029146,0.9600247353270036,1.6182406372907108,0.666612926511182,2.420450548624451,-1.2578433402887,-1.57807015394689,-1.0058398129364141,-1.0824674490095276e-15,-0.015450966534341026,0.0
all_pairs,active,0.6,72,0.38218605172650294,-0.12381450502331506,0.9954252579535768,1.4697277739985777,0.6901577646562396,2.4326701122515635,-1.2040408418422714,-1.5761983566799809,-0.969037193467037,-1.970645868709652e-15,-0.00617276651000295,8.063250757674685e-16
all_pairs,active,0.6333333333333333,72,0.319912960145983,-0.1663396058039645,1.0473127441708294,1.620163530984235,0.5980004300858903,2.4440289282613215,-1.1957479859888802,-1.583863765099017,-0.9568886949134393,-4.607425552194403e-15,-0.010256488478866621,9.142540346043599e-17
all_pairs,active,0.6666666666666666,72,0.5347382042293741,0.07169843881927628,1.1245533359116775,1.6603714958526974,0.5383490524745131,2.482838620153084,-1.1686534572677103,-1.5195002458803424,-0.8717412060532035,-0.0002560543992969899,-0.006396927107312838,0.0006790642344483639
all_pairs,active,0.7,72,0.6773534893174795,0.06526782720031776,1.2487536964203239,1.5599021568717941,0.6402408815743922,2.5568234929779545,-1.0999815174185168,-1.4711145719340577,-0.8638596908139455,-0.00031216283352406005,-0.0186933157411451,0.0
all_pairs,active,0.7333333333333333,72,0.6962258720332852,-0.10999890017567356,1.1796153656967197,1.679670557658304,0.7979746810767158,2.6780430940223976,-1.1044174665323578,-1.491458062579702,-0.8228928404992242,-0.004246858290496407,-0.12773101236429765,0.0
all_pairs,active,0.7666666666666666,72,0.7006019783099354,0.07953446412762771,1.3968800525609022,1.7099313029163346,0.7095694756530417,2.677019066081924,-1.2527708552682166,-1.50341790731435,-0.7840764256382065,-0.0006059255837846961,-0.005394322452654201,0.0
all_pairs,active,0.8,72,0.659068274420183,0.0792390210791453,1.4238472701889662,1.662380312985274,0.7273760852400709,2.76296939943727,-1.1585046120395652,-1.4805268346685048,-0.8418945131678196,-0.00022309868227811608,-0.010880649635635134,0.0
all_pairs,active,0.8333333333333334,72,0.8569663060816544,0.06541037359557074,1.5966317973236346,1.620448764201424,0.7562560715843671,2.669017203330222,-1.2062688783564854,-1.532813374894329,-0.8562510584939439,-0.0007254379226789842,-0.01168501688539179,0.0
all_pairs,active,0.8666666666666667,72,0.9355386656583339,0.02132649038571846,1.537859857488824,1.7553568211923691,0.785465200880898,3.0291997137013453,-1.1897304047943034,-1.5926398007057991,-0.8184924089430318,-0.0008083782775595016,-0.02904380111845878,0.0
all_pairs,active,0.9,72,,,,1.4991788555982755,0.7849491363008759,3.1835454274784882,-1.261102491811421,-1.671715574226699,-0.7786534620785407,,,
all_pairs,active,0.9333333333333332,72,,,,1.6917015582128982,0.6752997718761087,3.4304168751565496,-1.3494851878693677,-1.6235125023869748,-0.7650508257879614,,,
all_pairs,active,0.9666666666666668,72,,,,1.5029258201419649,0.7068335957105908,3.517767398508132,-1.4479097878845222,-1.8350461666190159,-0.7755594639845147,,,
all_pairs,active,1.0,72,,,,1.6746262932592257,0.7305868739531303,3.6287176379209996,-0.9012238619369419,-1.896259776188645,-0.5667183303658292,,,
all_pairs,isi,0.0,72,,,,1.0602543910907718,0.4859031581998697,1.9389127473389038,-2.2614765470288107,-3.2321016688350586,-1.526081336192767,,,
all_pairs,isi,0.0333333333333333,72,,,,1.0670885246474062,0.47973000648074937,1.738614674299864,-2.219098410187115,-3.1809806493844937,-1.5665181213167232,,,
all_pairs,isi,0.0666666666666666,72,,,,1.152531968134484,0.5820479339623923,1.7439002386495899,-2.0275282082242336,-2.639262584720608,-1.4740485222493551,,,
all_pairs,isi,0.1,72,,,,1.1154436239907302,0.5298096321901783,1.758832863782924,-1.8917791749443227,-2.3018296897011075,-1.3846989509355385,,,
all_pairs,isi,0.1333333333333333,72,,,,1.1734478552731678,0.5344417591614051,1.6923829820422764,-1.6999086833964698,-2.2456541393472618,-1.355963123458238,,,
all_pairs,isi,0.1666666666666666,72,,,,1.2600150750097976,0.5858218093596759,1.7099659502163296,-1.6326140414398718,-2.041144512100096,-1.2750013542380325,,,
all_pairs,isi,0.2,72,,,,1.2696996323881524,0.5008792669025,1.7605775306359455,-1.5161834859793308,-1.8481011207378628,-1.176307678414023,,,
all_pairs,isi,0.2333333333333333,72,,,,1.2819846560537478,0.6321104386342823,1.729926188166423,-1.3843110665173683,-1.6561615033645538,-1.180888459106339,,,
all_pairs,isi,0.2666666666666666,72,,,,1.3294394951574746,0.6269597868033353,1.7317489067881062,-1.3836309965846985,-1.5908936186469491,-1.083380885438123,,,
all_pairs,isi,0.3,72,,,,1.2525460617930337,0.6106406482546166,1.668809875141144,-1.2878689607646572,-1.4531555881547806,-1.0270349021381069,,,
all_pairs,isi,0.3333333333333333,72,,,,1.306986053329591,0.5448279276410442,1.8050520368290413,-1.2332241931880823,-1.4299694738645854,-0.9535241024120826,,,
all_pairs,isi,0.3666666666666666,72,,,,1.2403615199162543,0.5264802543062547,1.763182105406997,-1.1357858924817723,-1.3388485513777026,-0.9405919577436535,,,
all_pairs,isi,0.4,72,,,,1.186958058089158,0.5305193918550515,1.7252760095422341,-1.0960359294013102,-1.3069966983842713,-0.8839363674261482,,,
all_pairs,isi,0.4333333333333333,72,,,,1.178735400045927,0.6221927308027198,1.7637919539191187,-1.0818963727760722,-1.2996366662085808,-0.8239902682451401,,,
all_pairs,isi,0.4666666666666667,72,,,,1.1474323128719273,0.6437694264225426,1.7633343066059393,-1.057016533099973,-1.2166299605872606,-0.8302332656694477,,,
all_pairs,isi,0.5,72,0.36383365132831325,-0.3239700646564835,0.7498348349736775,1.177919914822874,0.5168156372835386,1.8024868290723965,-0.9874096906818947,-1.1980872656966737,-0.7829093052467129,-0.0006668521789462978,-0.008168646232792946,0.00025848767436152664
all_pairs,isi,0.5333333333333333,72,0.37167969255761846,-0.21766666988152597,0.7669697880540629,1.09221579017801,0.5763294899905186,1.8779651421377594,-0.920123533450159,-1.112558743676262,-0.7778874183670627,-0.00010361012321325247,-0.003174804694124192,0.0004630154681158897
all_pairs,isi,0.5666666666666667,72,0.40958749480276707,-0.3378150854340488,0.7404418394859592,1.1179163250927595,0.5694726249612783,1.8164029821899186,-0.897952282415761,-1.1478305265804107,-0.7367417002758648,-0.0007470273397644364,-0.023827836718711998,0.0003481200137221137
all_pairs,isi,0.6,72,0.4953666942167033,-0.24980690729024002,0.7902977253860151,1.1220289975424382,0.5840922241950204,1.837023977319713,-0.8705248495480722,-1.0853484041366828,-0.7194445863853578,-0.0007145939928459605,-0.004178102826571217,0.00045687171181400815
all_pairs,isi,0.6333333333333333,72,0.5360757457789883,-0.24362004821766708,0.9288030709776347,1.1422012148132645,0.6301716236320426,2.0002566418978347,-0.870187667400655,-1.0716169633455124,-0.6998034404861663,-0.0008735356106580049,-0.005513307928762283,3.492592130438507e-05
all_pairs,isi,0.6666666666666666,72,0.5068346758346173,-0.12665521537248314,0.9513100722009336,1.1755627843472962,0.6548395211813545,2.022249699288386,-0.8148868735691379,-1.0826037943594935,-0.6505355891108092,-0.0009797410569389875,-0.006804495409334076,0.0005789488148573588
all_pairs,isi,0.7,72,0.553823302829876,-0.1290665074410123,1.0033642948047765,1.115541862937432,0.6410421074270883,2.0884818434285486,-0.7784266383252347,-1.0151574592592079,-0.645542781150878,-0.000833608824579835,-0.0065723949857293615,0.000324194531569383
all_pairs,isi,0.7333333333333333,72,0.6499890204597363,-0.04670213576492683,1.1147753884951919,1.2585309435277745,0.6247824486575368,1.966848102724681,-0.7958986932340606,-1.033876504659534,-0.6092182183673555,-0.0011688243394384918,-0.009909903642956491,0.0004192090830256314
all_pairs,isi,0.7666666666666666,72,0.5995271169537064,0.0321729946348163,1.0978060941729,1.1731035239372236,0.7832927623090775,2.0774544640576895,-0.7826191321532581,-1.0277537487344013,-0.5960082097155024,-0.0016309663185357648,-0.009270012873262103,-3.380634422130335e-05
all_pairs,isi,0.8,72,0.5968264943483466,-0.0435662191866861,1.1478979086483712,1.2817831292514859,0.6347106215115418,2.075584957213385,-0.8076500744800863,-0.9789666833110778,-0.5909177647406139,-0.0013165681907640614,-0.006025167996878231,-0.00015276915736899097
all_pairs,isi,0.8333333333333334,72,0.624766012987005,-0.018374368246801775,1.2224024425185338,1.287985883780649,0.69102526473845,2.1160039974188,-0.8257827802624329,-1.033141677117794,-0.5048962636217398,-0.0014914757153688687,-0.011854695602189774,0.00010157987635087129
all_pairs,isi,0.8666666666666667,72,0.6282840155091143,-0.015053470325210865,1.3485559436578949,1.2996842815337715,0.6133108367460229,2.237257366566494,-0.7812795433607698,-1.001105318152211,-0.5143701937870696,-0.0013127825434793862,-0.013138485362832419,0.00010167376506257413
all_pairs,isi,0.9,72,,,,1.232098108922176,0.6222734621888016,2.3809727919563475,-0.7728782296905912,-1.1614424190253276,-0.45725918825564393,,,
all_pairs,isi,0.9333333333333332,72,,,,1.148914671330123,0.4908019660801083,2.5001280487753608,-0.7523293683417748,-1.2024744630591302,-0.4301545971254233,,,
all_pairs,isi,0.9666666666666668,72,,,,1.1793115124522302,0.5683931651548759,2.61795991685683,-0.7764877950344147,-1.3739858988879756,-0.40454620347040227,,,
all_pairs,isi,1.0,72,,,,1.0471233231208057,0.5261421748221603,2.8164437532272384,-0.914847470057905,-1.7394957358315688,-0.4292586303345573,,,
core_secure_pairs,active,0.0,32,,,,1.3993465132683651,0.39467113102766993,2.482945742835544,-3.141143204493006,-4.649388880924696,-2.391495971977746,,,
core_secure_pairs,active,0.0333333333333333,32,,,,1.2872431920709397,0.6730798230888981,2.3333708146642183,-3.356971685468448,-4.392111088551526,-2.505541710536438,,,
core_secure_pairs,active,0.0666666666666666,32,,,,1.3884058642443429,0.7276750861820999,2.2594457919383886,-3.1260266418564004,-3.8633731525405945,-2.376768162025982,,,
core_secure_pairs,active,0.1,32,,,,1.4310310858993085,0.7062739132306386,2.3080555033051304,-2.9247652259690375,-3.311189940896181,-2.3062689471932574,,,
core_secure_pairs,active,0.1333333333333333,32,,,,1.3998811812652643,0.850790636831305,2.3089831551828253,-2.640212124173379,-3.035302433118688,-2.2107414545634163,,,
core_secure_pairs,active,0.1666666666666666,32,,,,1.5746608836094849,0.8791797658993532,2.268185700168471,-2.5283904604291605,-2.8161599830013206,-2.0511103148537915,,,
core_secure_pairs,active,0.2,32,,,,1.3818293718738475,0.8885807494917556,2.2631016426000863,-2.328485087755609,-2.5574975060077314,-2.0043693702467293,,,
core_secure_pairs,active,0.2333333333333333,32,,,,1.5343543196768907,0.5821979424084945,2.2726097765928257,-2.2196150887846304,-2.6890942159549382,-1.8009737403470827,,,
core_secure_pairs,active,0.2666666666666666,32,,,,1.5986684079155793,0.6894374674875974,2.279838284018193,-2.0689582254874486,-2.312329279419272,-1.6458802427571384,,,
core_secure_pairs,active,0.3,32,,,,1.5178716362290268,0.42478424969269923,2.2717985128507667,-1.9436113896343907,-2.3156013110379026,-1.4693557865965796,,,
core_secure_pairs,active,0.3333333333333333,32,,,,1.5486840844686447,0.8401408106982649,2.3655266459782283,-1.8303750467199236,-2.14910203553316,-1.477315869085888,,,
core_secure_pairs,active,0.3666666666666666,32,,,,1.575355034309694,0.8125620944752104,2.341923313275519,-1.770488414293989,-2.065746149556511,-1.5143843133524082,,,
core_secure_pairs,active,0.4,32,,,,1.6857596181960612,0.7992529389397144,2.30399570327555,-1.7261032993079617,-1.9963233386357728,-1.4133807720502785,,,
core_secure_pairs,active,0.4333333333333333,32,,,,1.703137154882108,0.871821492576635,2.359146363927997,-1.5504653711933671,-2.0316823412598564,-1.2474504047704715,,,
core_secure_pairs,active,0.4666666666666667,32,,,,1.6817973525321332,0.8186530831292564,2.4521914953436332,-1.418002414543821,-1.8201114893125616,-1.195747985988877,,,
core_secure_pairs,active,0.5,32,0.4078266313616501,-0.5592281797503809,1.0130838184459185,1.7325520251089086,0.8267911408021847,2.3882193444890834,-1.4635084695281528,-1.720046059323111,-1.1718063688462816,-6.505213034913027e-19,-0.007251978686233538,0.0029852665464022154
core_secure_pairs,active,0.5333333333333333,32,0.3931945201911595,-0.3084329464258499,1.0392386040508836,1.6691747501517957,0.7794160587483636,2.439381177185618,-1.3774630505713916,-1.6400451054846459,-1.2567685139389784,-9.15933995315754e-16,-0.02635416938648729,0.0014557698075041148
core_secure_pairs,active,0.5666666666666667,32,0.609055411282506,-0.42097249760024946,1.0608484666330522,1.8868919173899594,0.6564552285479681,2.4838516110115174,-1.4527637975762924,-1.6680357288603127,-1.147304304848255,-0.0020390213389345204,-0.02500276654621323,0.0003147186984671065
core_secure_pairs,active,0.6,32,0.5654038224485056,-0.10365906802072711,1.2063244096737575,1.9905975419085666,0.801020971393194,2.458106528507575,-1.3097937245475575,-1.58009802709089,-1.0736753939636714,-0.0006699445222769218,-0.2000656133393418,8.20202863575283e-16
core_secure_pairs,active,0.6333333333333333,32,0.59381412502753,-0.15866159752136122,1.2626241487214884,1.9597954622846663,0.7757324966967112,2.625158278484224,-1.3685701198324702,-1.670767460827168,-1.191472181881849,-0.0010116740439215718,-0.023332675806976677,9.142540346043599e-17
core_secure_pairs,active,0.6666666666666666,32,0.6368432279390536,0.01406459348559002,1.3049260998102405,1.9819448136372506,0.4859469502199499,2.603630399692939,-1.3594412756573826,-1.593281328783553,-1.078983530959534,-0.0025820122551651046,-0.021482071146625065,0.003278335530707277
core_secure_pairs,active,0.7,32,0.8510800041371682,-0.006160486082143007,1.310513523843881,2.15563287880515,0.7407140376398111,2.648387120764198,-1.3188407519415373,-1.5639471898781527,-1.0704911375787298,-0.0006163877122453155,-0.037780050946054425,0.0010698940730699547
core_secure_pairs,active,0.7333333333333333,32,0.8950246140216687,-0.22212636594820923,1.4956925548151678,2.2580468067486263,0.9667251173083385,2.8265992999707272,-1.3602840264560836,-1.5304896135616992,-1.0914458405892948,-0.014167985062325736,-0.21070280815395404,-3.330669073875468e-16
core_secure_pairs,active,0.7666666666666666,32,0.9234536240400745,0.06838379484858173,1.5029889056879213,2.1113694055507657,0.6662566890663757,2.903656449428582,-1.3685701198324711,-1.50341790731435,-1.0999815174185117,-0.0006463073239368917,-0.004884188920217747,0.0
core_secure_pairs,active,0.8,32,0.9238041241536606,0.0792390210791453,1.5195204277511918,2.169109095880521,0.929834133401136,2.9159375905908007,-1.240831293075434,-1.4874885557062116,-1.0815784016618246,-0.00630638818875928,-0.01468420847179549,0.0
core_secure_pairs,active,0.8333333333333334,32,0.9537556056895418,0.09226577461138853,1.7822733497051693,2.3089519236412674,1.1501002070446444,3.08797706231585,-1.4186081813775515,-1.647538715444313,-1.1419374884100795,-0.0003231536619641151,-0.013028827010612781,0.0017711223248377266
core_secure_pairs,active,0.8666666666666667,32,1.0262861302430073,0.13285394559690464,1.8657115454756255,2.3831526469505637,1.00851313184884,3.3327082273260804,-1.3385281782658676,-1.6683178480096719,-1.1766612610155183,-0.00945870997495912,-0.17328481689472627,0.0
core_secure_pairs,active,0.9,32,,,,2.241248276977627,0.9077798024372103,3.5189583305089793,-1.4407562806896757,-1.7923755919448625,-1.249301985605664,,,
core_secure_pairs,active,0.9333333333333332,32,,,,2.4856099574358264,1.233175272408124,3.7084778788769825,-1.4711956253948955,-1.6737755269279022,-1.3097937245475584,,,
core_secure_pairs,active,0.9666666666666668,32,,,,2.3849366302198063,0.41714047112396224,4.272048550647481,-1.6432094164225957,-1.9457107743036834,-1.2741985517118233,,,
core_secure_pairs,active,1.0,32,,,,3.4907280847064928,0.11477279315354241,4.035408033449192,-1.4342109008994983,-2.1999630348370207,-0.6544565213343161,,,
core_secure_pairs,isi,0.0,32,,,,1.041173013274078,0.48588398114391845,2.085304038051627,-2.5787957029685504,-3.3972845176600712,-1.8420920795801592,,,
core_secure_pairs,isi,0.0333333333333333,32,,,,1.1924442942229967,0.5372479807568326,2.0044263078814,-2.478727732628109,-3.454407842231023,-1.9013756942189255,,,
core_secure_pairs,isi,0.0666666666666666,32,,,,1.2186746285983627,0.5979340902861892,1.987497828193196,-2.3346762306409077,-2.9321653293035257,-1.8086744454578314,,,
core_secure_pairs,isi,0.1,32,,,,1.2636539249882068,0.597092529617357,2.045053834502789,-2.040611630732491,-2.584380293056454,-1.7259886402086606,,,
core_secure_pairs,isi,0.1333333333333333,32,,,,1.287660278689277,0.6502876191957262,2.040470430545471,-1.8475057844478084,-2.281922928497914,-1.569582732701753,,,
core_secure_pairs,isi,0.1666666666666666,32,,,,1.2797824009768117,0.6177661688504241,2.013829174951315,-1.747910630688796,-2.078994830313605,-1.4838261074851922,,,
core_secure_pairs,isi,0.2,32,,,,1.312082981182834,0.5301980398023363,1.9851685400042358,-1.67223798020476,-1.9010962994703924,-1.3843960170398584,,,
core_secure_pairs,isi,0.2333333333333333,32,,,,1.336918776076783,0.7141561263353666,1.9508734278669706,-1.554553717025354,-1.7586634088982496,-1.313211556636766,,,
core_secure_pairs,isi,0.2666666666666666,32,,,,1.3805312660732276,0.7189023884941943,1.945041102080253,-1.5001122546646917,-1.6927522146843175,-1.2472385374010355,,,
core_secure_pairs,isi,0.3,32,,,,1.4274715285766928,0.719962594802923,1.9244603756384757,-1.3941568530368804,-1.5538110335800017,-1.193453589863939,,,
core_secure_pairs,isi,0.3333333333333333,32,,,,1.4567194713569567,0.749053255119173,1.949505488480482,-1.3288422863025753,-1.5336712604632217,-1.1475424022111658,,,
core_secure_pairs,isi,0.3666666666666666,32,,,,1.4849622150108153,0.7558825301388398,2.015695477085666,-1.2581249421071936,-1.5176628699491075,-1.074618013125595,,,
core_secure_pairs,isi,0.4,32,,,,1.4655823224866582,0.7914073377748878,2.0349038794512104,-1.2481320784833736,-1.432339194848523,-0.9905303808045743,,,
core_secure_pairs,isi,0.4333333333333333,32,,,,1.4989302599322043,0.7755412594714881,2.0662172885113366,-1.197574259157399,-1.3941968928887079,-0.9849077638524162,,,
core_secure_pairs,isi,0.4666666666666667,32,,,,1.5559060624416767,0.8128817198676184,2.022141971473105,-1.1634791426744604,-1.3400764414963435,-1.0273871234389969,,,
core_secure_pairs,isi,0.5,32,0.47584533388700045,-0.5311064675711007,0.9479217038829862,1.5387336495268409,0.8294943604586036,2.028324419146375,-1.150897046571521,-1.3214332229598869,-0.9714098379482827,-0.0009106785505020302,-0.009732546463390038,0.000307727217860293
core_secure_pairs,isi,0.5333333333333333,32,0.5113970156579521,-0.25348020232587587,1.010202804192728,1.603003666338417,0.7953204607888047,2.0288851580065788,-1.048711277654323,-1.2461928481043862,-0.9068938999859545,-0.0004178225699913718,-0.008598164030621469,0.0007850660884196896
core_secure_pairs,isi,0.5666666666666667,32,0.5942374475260573,-0.3378150854340488,1.0582510368881302,1.4911538741138537,0.7772133717627339,2.065565581692083,-1.0321981719198212,-1.2375452797623143,-0.8727726733836223,-0.0008115083800822041,-0.028252937862505004,0.0004049266983528776
core_secure_pairs,isi,0.6,32,0.6553077080814189,-0.24897474647450218,1.1140687065232062,1.5539689681072186,0.7783935673264806,2.115235708294334,-1.0312284304433574,-1.2292735091979812,-0.8689187885553638,-0.0008601723750810975,-0.005056714812271934,0.0010459027518610053
core_secure_pairs,isi,0.6333333333333333,32,0.7070950345083955,-0.24362004821766708,1.1827209530614107,1.6244306775290034,0.9426533740178347,2.147149000520424,-1.0192097068990926,-1.1705337227154542,-0.9118455989711194,-0.0013200807065976237,-0.00835554445114886,0.0005899864314420494
core_secure_pairs,isi,0.6666666666666666,32,0.6490098919380393,-0.1991114253488298,1.2509436610128133,1.5645582831594536,0.8746262860044803,2.1782033876012585,-1.0216231223452747,-1.174400654894997,-0.8678085334012993,-0.0022444607704222297,-0.012852440760221266,0.001491577024934354
core_secure_pairs,isi,0.7,32,0.7870398557001528,-0.14060637256278122,1.3185080091407086,1.554548269132613,0.7310676660688149,2.2893535721535216,-0.9710195140924547,-1.1370138763174509,-0.8311289040386234,-0.002922269529202604,-0.01515700397187494,-0.00019398939901674073
core_secure_pairs,isi,0.7333333333333333,32,0.8163393834302812,-0.10584627335908842,1.3796595130140856,1.5760145301963475,0.7082139576165816,2.349216547635434,-0.9745088439821461,-1.131550340217208,-0.8175734574485302,-0.002759356109050896,-0.018414381823032455,0.00012789438476316928
core_secure_pairs,isi,0.7666666666666666,32,0.8207667413699022,0.0156981479008056,1.3118967012782983,1.5913520444201417,0.8579435445134878,2.4627178103762657,-0.9445338507715273,-1.1374315062243927,-0.8229362411729182,-0.0025518906236062238,-0.01816491724133157,8.991405249272571e-05
core_secure_pairs,isi,0.8,32,0.8586291603103888,-0.08921594627233982,1.5177910722041712,1.7269569017520778,0.7770722153552543,2.5758092954760397,-0.9730568178027805,-1.1954018836016695,-0.8511985302807805,-0.0032766785655413133,-0.010292091260750256,-0.0013994570129999273
core_secure_pairs,isi,0.8333333333333334,32,0.8649569962344047,-0.03132342994507431,1.5580102480392668,1.8066027641503064,0.7214037309840782,2.729980757254118,-0.9435167099822908,-1.1886686703324354,-0.8348784714358296,-0.00879573602891448,-0.01632164060650254,-1.932312345896887e-05
core_secure_pairs,isi,0.8666666666666667,32,0.9460123941795628,-0.0749032394296916,1.511990440589105,1.7493227897714427,1.0065310437669783,2.828578382098268,-0.9902513291007988,-1.2536251499113509,-0.883391450115076,-0.008700320498873593,-0.01599602121597045,-2.5666594271585644e-05
core_secure_pairs,isi,0.9,32,,,,1.8489101393750356,0.9014153895391691,3.034698790109406,-1.1501696308667833,-1.3450087842049177,-0.8708942917024359,,,
core_secure_pairs,isi,0.9333333333333332,32,,,,1.9305800559237887,0.8968154107283021,3.300160904276074,-1.1872450567035329,-1.3911149673073773,-0.8871655570646599,,,
core_secure_pairs,isi,0.9666666666666668,32,,,,1.9876579036537605,0.876915182373521,3.6004394301372837,-1.2413588061422192,-1.5391273095419313,-0.882057200554609,,,
core_secure_pairs,isi,1.0,32,,,,2.157016669848571,0.5663019643325057,3.41785331279602,-1.672607975784226,-1.9620884595142312,-0.9493775860934703,,,
