path_family,path_progress,n_pairs,A_isi_median,A_isi_q25,A_isi_q75,rheobase_J_median,active_rate_median,mean_isi_median,occupancy_median
coupled,0.0,32,0.0342834500379349,-0.0838806796353532,0.0592153909067684,0.3157275820058134,83.83551113555984,11.68213641199844,0.9913454832681764
coupled,0.025,32,0.0047044690946526,-0.1225314345946822,0.0545964500322851,0.3202662322399459,85.61591369823276,11.518111623812208,0.9916137215154758
coupled,0.05,32,-0.0152109810195309,-0.1465195307757748,0.0614704749065302,0.32352155898750357,88.51941557131877,10.842306866444382,0.9909002010970492
coupled,0.075,32,-0.0315508391926043,-0.1553282471325855,0.0681156145610741,0.3275042478052187,90.54368988697276,10.641521579676272,0.9891646341724676
coupled,0.1,32,-0.0425311801859916,-0.1598283502227389,0.0708769016988723,0.331580280892099,91.48092388712897,10.518912692881443,0.9893531216896796
coupled,0.125,32,-0.0405553063275651,-0.1755937810681944,0.0838733456615632,0.3350250337101313,89.97007953540442,10.46201831780386,0.9887133014786568
coupled,0.15,32,-0.0419772223380531,-0.1823879057234872,0.0667814955297098,0.33316181957201796,88.80240149607249,10.381043560865413,0.9892099373097478
coupled,0.175,32,-0.0514813840673879,-0.1728627288101682,0.0976330846291433,0.3401202556744359,87.29417757045101,10.361470955471097,0.9873933892344426
coupled,0.2,32,-0.0684447082107449,-0.1676888561456454,0.1068367368147273,0.34753095817543833,84.74806027852291,10.50601022020687,0.9879623026945156
coupled,0.225,32,-0.0415687949227935,-0.134582585487637,0.115859179417727,0.3505627502957712,82.48491603038144,10.717416128873412,0.9871241550899488
coupled,0.25,32,-0.0086136231841122,-0.1270487636218137,0.2002895499467739,0.36034435706785295,81.3606482900484,10.873140835588991,0.9872322673823046
coupled,0.275,32,-0.0018710295620526,-0.1160931229347632,0.1950255400572363,0.36994476747839944,78.93360047579765,11.025491133730933,0.985344305185117
coupled,0.3,32,0.0065874452562304,-0.1129769845329859,0.2122720595432511,0.3732804860543798,77.66487554941537,11.206584833949467,0.9839387849669864
coupled,0.325,32,0.0159988464239402,-0.0949361151354102,0.1833165538130037,0.38175050026873814,76.32579823330622,11.38218056075292,0.9855747226119188
coupled,0.35,32,0.0376150256193496,-0.0759340380844463,0.2071378331372365,0.3874477456423071,73.99192255176024,11.53269760464579,0.9849841131950764
coupled,0.375,32,0.0594490517642262,-0.0561095817282548,0.2129095901669081,0.3927282872230613,71.52803635412607,11.684363584177271,0.9837443992253974
coupled,0.4,32,0.0585509466974017,-0.026048123951651,0.26422163746747,0.40096103837091884,70.40260211059604,11.841117350377235,0.9854154231194177
coupled,0.425,32,0.0883547557456952,0.0041088910051972,0.2714192821924435,0.41301133396127776,69.38263792362667,12.187898908560715,0.9858254566173535
coupled,0.45,32,0.1115745666791853,0.0339573934260665,0.269237882461729,0.4267005204595733,69.10669569732099,12.41065251979452,0.9844223809707986
coupled,0.475,32,0.1331473471701106,0.0498209607962015,0.2713239461644167,0.429888459711911,67.7716381938994,12.712537743612392,0.9841013408043544
coupled,0.5,32,0.1556357333633663,0.0763131250536327,0.2923869234043441,0.43534976743157205,68.7408905397865,12.994191059961535,0.9845182759636804
coupled,0.525,32,0.1893483464752323,0.1053712360008492,0.3368060538245294,0.4850136625050928,67.63406782741001,13.27927759340846,0.9790020297961148
coupled,0.55,32,0.2304191920564771,0.1323935602222543,0.3566998125667697,0.517581995432234,67.010747006094,13.394080404760796,0.9816582072519722
coupled,0.5750000000000001,32,0.2746651984231346,0.1704613684096306,0.3870813963932483,0.532409676487867,65.82557354211646,13.51811559038213,0.9801442270450236
coupled,0.6000000000000001,32,0.3296845617736559,0.1781771385898099,0.4271084559264868,0.5229290844124546,64.59549494217731,13.83152936909438,0.9813049736201284
coupled,0.625,32,0.3697828651435593,0.2372710514846779,0.4595753808169476,0.5674627519560571,62.81309845713268,14.530716788235177,0.9814467826454228
coupled,0.65,32,0.412649977226434,0.2760035489681966,0.497302724777128,0.6083233853285326,62.38170358657145,14.902019601308211,0.9778850846535015
coupled,0.675,32,0.4546925677247458,0.3230861265980461,0.5312931030165146,0.6442711089241455,60.451892999884464,15.38652918624835,0.9808901542655016
coupled,0.7000000000000001,32,0.4922331983884997,0.3695171496583228,0.5643025942272107,0.6889719865250341,60.52858523894362,15.744783534524853,0.9786723029105062
coupled,0.7250000000000001,32,0.5258798878105475,0.4080032985380153,0.6110582500619902,0.761630183741651,56.96344676070757,16.29388822793387,0.9813675809053392
coupled,0.75,32,0.5737585927563198,0.4390400871832421,0.6491021152140614,0.8569939960473127,56.373366091708135,17.18305668695772,0.9803671298970756
coupled,0.775,32,0.59537544703954,0.4554172857681418,0.6829707308744241,0.9797086207696484,54.11774978285415,17.220045058511122,0.9829644392024508
coupled,0.8,32,0.6371779333224451,0.4981260962588764,0.7150978914551125,1.1178836880093108,52.159108431128594,17.475338297526584,0.982482003103118
coupled,0.8250000000000001,32,0.6992416943269275,0.5559411562370693,0.7583026929226545,1.1904782519063317,49.11560498861758,18.1742977056833,0.981776297484738
coupled,0.8500000000000001,32,0.7398529603162145,0.6207610949962212,0.8096820108854507,1.2465673891899185,47.296782244843214,18.639869946155454,0.9782194800792798
coupled,0.875,32,0.7864150571246757,0.6657842780363374,0.8655112158029424,1.3102494552440094,46.03166244920138,19.39940885439035,0.9809546966939195
coupled,0.9,32,0.8303254116673513,0.7103981372260639,0.8962563008207897,1.442809388689297,46.30895193269481,19.60566552279419,0.98248281709553
coupled,0.925,32,0.8782324228760254,0.7602932582737272,0.9201174272357427,1.5799559249536232,43.45076627732064,21.09804066556048,0.9776319031797804
coupled,0.95,32,0.9049820296833336,0.8278726431265943,0.9592988538473584,1.7394838077898824,41.22000483676926,22.54798386400553,0.9763817658588684
coupled,0.975,32,0.930156325904125,0.8555257282736817,1.0343800331245336,1.9143840507352905,40.22319682845493,24.387734427946366,0.981154832713804
coupled,1.0,32,0.9896937927846758,0.8630447550964186,1.0976255550644676,2.100150164557705,40.333055978523824,24.9162270568682,0.9744655361255604
drive_early,0.0,32,0.0342834500379349,-0.0838806796353532,0.0592153909067684,0.3157275820058134,83.83551113555984,11.68213641199844,0.9913454832681764
drive_early,0.025,32,-0.014887463101878,-0.1587744054242371,0.054716170793917,0.33203490484410236,89.52508368229024,10.86830534481563,0.991684906535732
drive_early,0.05,32,-0.0282910226568747,-0.1955546749260454,0.0561135167149079,0.34848296401849577,92.33172794895812,10.422932204812174,0.9916547976750572
drive_early,0.075,32,-0.0306729912612733,-0.2327085294969118,0.0645547952543953,0.36541700225478974,93.7006023926157,10.104844991113062,0.9918414628952096
drive_early,0.1,32,-0.015125564024459,-0.2743667642023536,0.0660279307436091,0.3818011699402112,93.26164724622232,10.18721157999057,0.9901015805046792
drive_early,0.125,32,0.0074508574952575,-0.3074743646465904,0.0750345981477253,0.394168427515063,92.91589823875162,10.36407355168578,0.9904543108994712
drive_early,0.15,32,0.0330752724451106,-0.2902076369454514,0.1188101819928734,0.4135652962816365,90.82085418350296,10.57397544068122,0.9914332306896876
drive_early,0.175,32,0.0472873740044667,-0.2690985425861838,0.1324487491521459,0.4269698956603205,88.08218585150098,10.509476176091171,0.9889531703733426
drive_early,0.2,32,0.0700338383500432,-0.2450911218511334,0.1644721623393991,0.4402951661458326,84.45903962753259,10.790461188785702,0.9865197144665748
drive_early,0.225,32,0.1135289868638376,-0.2155322062172439,0.2066143495950978,0.4632969075185789,80.8074031594583,11.08290233672068,0.9873531315402816
drive_early,0.25,32,0.1364754907773204,-0.1818189838214642,0.2355380359466087,0.4637738092750815,78.2606992109483,11.22812807101592,0.9874891480866546
drive_early,0.275,32,0.1449078354724716,-0.1460801266534486,0.2702126457911634,0.4854035716375548,76.70233933344267,11.618091709570828,0.9845023999945866
drive_early,0.3,32,0.165644951697153,-0.082319810579494,0.2870129306891312,0.4874156513066922,73.48298768987081,11.82575813607695,0.9879439068654368
drive_early,0.325,32,0.1936798152956637,-0.0457873110534266,0.3204989951633031,0.4871523849504954,72.58498849283845,12.185082175293978,0.985085518940173
drive_early,0.35,32,0.1923432569764441,-0.0084770451378295,0.3560002732837216,0.495353303886693,68.31808735125622,12.614572956221416,0.9857320503635246
drive_early,0.375,32,0.2143872573671486,0.0329648562446332,0.3802189262053904,0.51025074241134,67.07557349630514,12.83246267469583,0.9812432365403756
drive_early,0.4,32,0.2458649264205459,0.0788627830480014,0.4052435752242367,0.5243842147470416,64.72398582167949,13.45941842834559,0.9850533908924336
drive_early,0.425,32,0.2779816403197715,0.1053351076982196,0.3981256501600801,0.5328902181024642,61.16170171997919,14.175890913152909,0.9811224979820145
drive_early,0.45,32,0.3152096900746037,0.1556605586148401,0.418818570715693,0.5426412669289171,58.90855853466812,14.731520293040742,0.9821151360901628
drive_early,0.475,32,0.3586914105441975,0.2056511518086478,0.4475934492019253,0.5610903988307983,56.93076755359995,15.15712517540525,0.9812942868617976
drive_early,0.5,32,0.3976413181084246,0.2451923954392363,0.474664277782374,0.6125420042295044,56.30037175204305,15.465402404687232,0.9798495461659404
drive_early,0.525,32,0.4288787925643486,0.2733962241418738,0.4774879047828287,0.6769884766725389,53.2429710834481,15.809735770391631,0.9773171700526316
drive_early,0.55,32,0.4558822374975326,0.2998293827940663,0.5294157341418608,0.7506387510767335,51.56984471553504,16.70148651477799,0.9767655103531196
drive_early,0.5750000000000001,32,0.4946420579127422,0.3631800503387281,0.5907987788551141,0.7826996747085766,49.86393870095163,17.13551706190983,0.9784990516194269
drive_early,0.6000000000000001,32,0.5375979129754237,0.4027431416660403,0.6196932061413233,0.8050646967400245,49.21328838135654,17.903422598090216,0.980193393586082
drive_early,0.625,32,0.5736881050570799,0.4312692348379077,0.6385130850916727,0.7679590990535319,47.41998701229593,18.337748878851503,0.9772699926320124
drive_early,0.65,32,0.5953761186659146,0.4728418859040809,0.6930417468882483,0.79887849305088,46.28873425146297,18.775799643956788,0.9798216361783536
drive_early,0.675,32,0.6212727023128708,0.5056028079673305,0.7172887723379571,0.8926377988525273,46.34107272369307,19.6415843557844,0.9737558335243052
drive_early,0.7000000000000001,32,0.6382994719133805,0.5442621330263215,0.7640679114505864,1.0015235500270654,45.10280641435276,20.33000851918413,0.9731933358360352
drive_early,0.7250000000000001,32,0.6661355012935593,0.5776954752200124,0.822340835215367,1.1025469100733676,43.95678753230972,20.933409815602584,0.9695968385644772
drive_early,0.75,32,0.6945178352046104,0.6284060353946741,0.8610325667672042,1.1928502780496353,42.60430512626317,21.528461935363666,0.9724582136143048
drive_early,0.775,32,0.7318950282023067,0.6514806308712255,0.9075678548811188,1.300427029814653,41.85327146928416,22.39288033798284,0.9721630090387986
drive_early,0.8,32,0.7633336023041146,0.6865767645948322,0.9556720729737356,1.3904684910454543,41.57806811473722,23.780386250988407,0.97599093542756
drive_early,0.8250000000000001,32,0.7929013185078208,0.7399359764663487,0.9944062327264472,1.452176399001616,40.22993726023708,24.074909629849323,0.977899343887469
drive_early,0.8500000000000001,32,0.8167144211113789,0.754979064834121,1.017466459213506,1.5419192316670915,38.79930049486768,24.311628351506265,0.9715810227756004
drive_early,0.875,32,0.8515273037132012,0.7667747246788765,1.037785207123524,1.6470163829758278,37.76813797500107,25.90433254162812,0.9729017631035882
drive_early,0.9,32,0.891739403686606,0.8425195951575615,1.065981860068251,1.749942267224608,36.875365439883005,26.02947415209956,0.9764220636498742
drive_early,0.925,32,0.9128748665735492,0.8397337174346889,1.0966553381573945,1.839920092078918,36.70464337375073,26.692037120369065,0.974052349334783
drive_early,0.95,32,0.928220414232209,0.8425372038256503,1.1294960932930325,1.917396097205469,37.12314785600303,27.10264492423136,0.97495703086676
drive_early,0.975,32,0.954734687350709,0.8594108795009234,1.1255495812139982,2.0168554573360833,37.41929063469029,26.437490816999507,0.9804838368628456
drive_early,1.0,32,0.9897062303536512,0.8630290687063996,1.097636092988836,2.10043457778333,40.333055978523824,24.9162270568682,0.9744655361255604
drive_late,0.0,32,0.0342834500379349,-0.0838806796353532,0.0592153909067684,0.3157275820058134,83.83551113555984,11.68213641199844,0.9913454832681764
drive_late,0.025,32,0.0443865670376384,-0.0863364473936278,0.0915202858470003,0.30980092403681325,81.1288974759841,11.626493554255823,0.9893048448431828
drive_late,0.05,32,0.0448124487864631,-0.0840677243207826,0.090319738959455,0.29781500171036446,77.72185845205036,11.631926486451569,0.9898115439609274
drive_late,0.075,32,0.0284571778386837,-0.0613813690354644,0.0967884014424235,0.2885235670010432,76.12198171779261,11.653345909034329,0.9893504189076396
drive_late,0.1,32,0.006963915941225,-0.0672482056129994,0.0916290825102291,0.27819349718786374,75.60719885332952,11.40597024549356,0.9872455997408892
drive_late,0.125,32,-0.0137176770299827,-0.0696031301348373,0.0821493602807584,0.27121447611138183,76.16031540088662,11.653493510198071,0.9845550629132886
drive_late,0.15,32,-0.0324182334878721,-0.0726911353164728,0.0738504924854603,0.2669544307797776,75.01956281600292,11.357962544798797,0.987311960652345
drive_late,0.175,32,-0.0450556301437724,-0.0840167830335125,0.0515498577584492,0.25924177102835455,75.7887802212532,11.35848890213972,0.9782933734241124
drive_late,0.2,32,-0.0532630962119061,-0.1059312912001633,0.0385102924249454,0.25915967630653575,76.98870425940987,11.479753091867517,0.9844727373065768
drive_late,0.225,32,-0.0688318671202382,-0.1222518868357,0.0622551010815586,0.26090929326369827,77.15638298968832,11.140380779432292,0.982658076185884
drive_late,0.25,32,-0.079036368668486,-0.1391241915458174,0.064170582473319,0.2605255329305701,76.09969144876851,11.253673046668473,0.9834117494605495
drive_late,0.275,32,-0.0806819663055319,-0.1537232214784906,0.0415142275829645,0.2631455917670894,73.9670577455847,11.055951553390436,0.9852313779269894
drive_late,0.3,32,-0.0957004825987871,-0.1640044730218289,0.0733604562917216,0.265422017340689,71.23864877585191,11.212920615568493,0.9833148805862196
drive_late,0.325,32,-0.1048725284008487,-0.1692853811736388,0.0889992593600246,0.26904366328529994,71.46063599867963,11.20155104847048,0.9846237264161708
drive_late,0.35,32,-0.0991447254165862,-0.158018535029994,0.1036283663337375,0.27897803982463065,72.28120931455858,11.178412983251077,0.9859754416137154
drive_late,0.375,32,-0.0983854762844326,-0.1641703367023054,0.1082327081009148,0.2907054751693705,72.11543261655424,11.056018870600884,0.9753247014469736
drive_late,0.4,32,-0.0829097239021161,-0.169248572505571,0.1087286559061829,0.296883402600646,72.58606662556826,11.159620132881493,0.9834126244946972
drive_late,0.425,32,-0.0650139917241194,-0.1653333366268624,0.1436454842176852,0.30576011351564164,73.0598166781395,11.335103443147151,0.9786910212950778
drive_late,0.45,32,0.0340609829655602,-0.1577985030212267,0.1570596427140397,0.3160463958825743,71.71458221005649,11.420416917841678,0.9818509047402272
drive_late,0.475,32,0.0164862833227373,-0.1452871543071588,0.1480642432472383,0.3291181492099643,69.28766643903691,11.514837549812476,0.9809957084912772
drive_late,0.5,32,4.447302563370019e-05,-0.1521005467788972,0.1683359365038596,0.34743443287574116,68.47538550237402,11.524980284702796,0.9833414491047958
drive_late,0.525,32,0.02530632138922,-0.1374584697928554,0.1882733240704459,0.36083382541951353,67.70525371170547,11.463191206228528,0.982190456718846
drive_late,0.55,32,0.0311938049953185,-0.0995217917343101,0.2226339224290895,0.36505890885269365,68.08540622667223,11.417918201142069,0.9823398874086292
drive_late,0.5750000000000001,32,0.0705230631766807,-0.082936131996478,0.252061001662607,0.4058451102165337,69.01458006468238,11.550270071406436,0.9812177116194574
drive_late,0.6000000000000001,32,0.0798030468235527,-0.0570944499532876,0.2722719748127297,0.43535684258226537,66.96750298244537,11.62453209971012,0.978811246893476
drive_late,0.625,32,0.1558717772789639,-0.012928244006977,0.2991019635277741,0.461615217154767,68.81171261539112,11.978908255714476,0.9778155014382596
drive_late,0.65,32,0.186156292933829,0.0129270707751336,0.3255997201686987,0.4901130901050382,68.41447869960476,12.268331570401042,0.9800320343524138
drive_late,0.675,32,0.2135462593407027,0.0560218660702288,0.3591684769111309,0.5213629541643114,67.64204833832326,12.590835611712292,0.983697978736308
drive_late,0.7000000000000001,32,0.280960734544082,0.094452257727215,0.3888110229348051,0.5691047859341432,66.49959206755781,13.008804533491707,0.984099265888278
drive_late,0.7250000000000001,32,0.3151089660450554,0.1371798748013482,0.441107225174486,0.6371542822185498,64.43336500085543,13.549784113094784,0.9789666302370952
drive_late,0.75,32,0.3619764653719275,0.1869952029655985,0.4937894960453461,0.6961470844904774,62.94291637155183,14.692480313287042,0.9745559049696806
drive_late,0.775,32,0.4212992271415455,0.235714921380013,0.530057633091815,0.7563724484879971,61.47689077383112,15.169066184881196,0.9811223027283852
drive_late,0.8,32,0.4725763635297852,0.2955801992795441,0.5944576713742373,0.8399805183206126,59.44748381014748,16.089158270423745,0.9846360437912944
drive_late,0.8250000000000001,32,0.5232136948205617,0.3943027958359027,0.6328464621322872,0.9529126694678322,57.955435123662106,16.517346428135546,0.983315215693432
drive_late,0.8500000000000001,32,0.5639613186919099,0.4540726815061876,0.7074374771727014,1.0338797518920955,55.443588436207584,16.809647999355974,0.9815510746878178
drive_late,0.875,32,0.6101140041885744,0.5155869659905785,0.7520291884116942,1.1204120191763882,52.93040194829848,17.33698219416984,0.9839178488787712
drive_late,0.9,32,0.6898708276351266,0.5888105307328664,0.8060378366682722,1.239023684997564,53.03133096088479,18.54631438633757,0.9819562273645526
drive_late,0.925,32,0.7669024163055349,0.6629844168203489,0.888454767625575,1.383123546823532,52.08632328527597,19.19938272235769,0.9814122829562136
drive_late,0.95,32,0.8416743013661208,0.7491623120181494,0.9064800828949208,1.5849369271966396,47.78372875017018,20.092877874907398,0.9803674136318522
drive_late,0.975,32,0.9046655531033544,0.8336724378174954,0.9729611255419252,1.824273634069624,43.10348548977021,22.70680279639908,0.9783354334475896
drive_late,1.0,32,0.9896866243639356,0.8629689750297578,1.0976267523570291,2.100249277609165,40.333055978523824,24.9162270568682,0.9744655361255604
